{"cnbe": {"losses": [1.456838931719462, 1.3841399984359741, 1.3458345699310303, 1.3111579701105753, 1.2730435759226482, 1.2148080021540324, 1.1571158634821574, 1.0853239990870158, 1.0308911498387654, 0.9932366007169088, 0.948780207157135, 0.909896025021871, 0.8637779591878255, 0.8270007502237956, 0.8234663565953573, 0.8024092214902242, 0.7940743327140808, 0.7775271906852722, 0.7952082646687826, 0.7483673906326294, 0.7522400360107422, 0.7343404240608216, 0.7384918427467346, 0.732613451162974, 0.7319704712231954, 0.7252294305165609, 0.7205696466763815, 0.7159618752797444, 0.7174090059598287, 0.7146828662554423, 0.7023049858411153, 0.6980650399525961, 0.7036626939773559, 0.6878806754748027, 0.6959891786575317, 0.6907068421045939, 0.6887360444068908, 0.6834999569257101, 0.6850894902547201, 0.6884844578107198, 0.6881051630973816, 0.6914941307703654, 0.685471029917399, 0.6862466645240783, 0.6867975392341614, 0.6760652292569478, 0.6792255635261536, 0.6743585823376973, 0.6780625483194987, 0.685926599184672], "final": 0.685926599184672, "min": 0.6743585823376973, "time": 47.032145977020264, "init": 1.456838931719462}, "learned": {"losses": [1.3652588033676147, 1.0905122954050699, 0.9425182251930236, 0.8574664018948873, 0.7884528703689575, 0.748003679116567, 0.7208191253344218, 0.7122420959472656, 0.703526862303416, 0.6934286791483562, 0.6925423742930095, 0.6848144602775573, 0.682677346388499, 0.683658373037974, 0.6850132446289062, 0.6879961643218994, 0.6783188993136088, 0.6742407883008321, 0.6737418322563171, 0.6740851225852966, 0.6767635620435078, 0.6799039045969645, 0.675174263159434, 0.6651464598973592, 0.6643873389561971, 0.6672875000635783, 0.6682903510729472, 0.6685201188723247, 0.6701407063802083, 0.6730754329363505, 0.6676093614896138, 0.6635237000783285, 0.6626984596252441, 0.6703008608818054, 0.6767588740984599, 0.669005914370219, 0.6709148368835449, 0.6643524829546611, 0.6660300642649333, 0.6624029013315836, 0.6623954024314881, 0.6651362857818603, 0.6605293223063151, 0.6616683047612508, 0.6635856590270997, 0.6613910295168559, 0.6647142318089803, 0.6625009880065919, 0.668544406414032, 0.6654638557434082], "final": 0.6654638557434082, "min": 0.6605293223063151, "time": 46.17351841926575, "init": 1.3652588033676147}, "onehot": {"losses": [1.445131591796875, 1.2886320292154947, 1.2226472730636597, 1.1542647886276245, 1.0986547069549562, 1.0112044707934063, 0.9646397474606832, 0.9196852238972982, 0.8963791437149048, 0.8768980290095011, 0.8475595758756002, 0.8244566373825073, 0.8115832926432291, 0.7824429604212443, 0.7542532331148784, 0.732105149269104, 0.7199047999382019, 0.7177459797859191, 0.7180589494705201, 0.7134323546091715, 0.6977456103960673, 0.6961332759857177, 0.6880445222854614, 0.6888859190940857, 0.6830639141400655, 0.6871575371424357, 0.6888754900296529, 0.678252155939738, 0.6746475939750671, 0.6732246012687683, 0.677248467763265, 0.6788915781974793, 0.6709958175023397, 0.6691049717267354, 0.6685171424547831, 0.6720228112538655, 0.6834275806744894, 0.6788046209017435, 0.6716661911010742, 0.6750685798327128, 0.6745961572329203, 0.6659934608141581, 0.6734895747502645, 0.6652547682126363, 0.6649059767723083, 0.6712611705462138, 0.6747763757705688, 0.6784836688041687, 0.6664471063613892, 0.6686085133552552], "final": 0.6686085133552552, "min": 0.6649059767723083, "time": 46.367854833602905, "init": 1.445131591796875}, "random": {"losses": [1.3768355038960776, 1.1614977957407633, 1.03327294810613, 0.9268138925234477, 0.8494174912770589, 0.796743672211965, 0.7670072015126547, 0.7476145253181458, 0.7343545389175415, 0.7139941727320354, 0.7021539082527161, 0.7046558480262757, 0.6924962754249573, 0.6899503525098165, 0.6868779554367065, 0.6869638690948486, 0.6885451210339865, 0.6791752389272054, 0.6778518886566162, 0.6793766598701477, 0.6787245605786641, 0.6756685886383057, 0.670109333674113, 0.6629420971870422, 0.672460206826528, 0.6693877890904745, 0.6710468357404074, 0.6715219057401022, 0.6721245624224345, 0.6669916240374247, 0.6649289231300354, 0.6625723791122436, 0.6726220595041911, 0.6716052029927572, 0.6716929079691569, 0.664476838906606, 0.6629025109608968, 0.6623830739657084, 0.659361567179362, 0.6595403474171956, 0.6690463368097941, 0.6698383736610413, 0.6698644900321961, 0.6668355805079142, 0.6665820425351461, 0.6700364917119344, 0.6737839603424072, 0.6692821443875631, 0.6659519486427307, 0.6627739270528158], "final": 0.6627739270528158, "min": 0.659361567179362, "time": 46.618263244628906, "init": 1.3768355038960776}}