0939E470
0941E4A0
1E39F6E0
1E8980E0
205984D0
20618580
20708660
26488C30
26518DA0
26618F90
2E419C30
2E78A070
2E81A130
3D41B180
3D59B440
4039BD00
4039BD10
4041BDF0
4859CF00
4868D0A0
4870D0E0
488251A0
4B41D4E0
4B49D550
4B70DBE0
4B99E000
5539EC70
5549ED80
5549EDA0
5561F140
5579F500
5649FB20
56998060
56A180C0
5E618840
60798EC0
637094F0
6A599E00
6D71A560
7058AAE0
7069AC50
7071ACE0
7369B5F0
7841D390
7C59D830
7C91D960
8241DDD0
8249DE10
8259DF20
8261E030
8C50ED60
8C58EDB0
8C58EE80
8C58EEB0
8C58EEC0
8E79FD60
8E81FDB0
8E8AFEA0
8E91FF40
95319230
99599590
A339ABA0
A341ABC0
A369AD80
A751B7D0
A781B830
C369E9F0
C389EA00
C391EA20
C449F130
C459F140
C458F150
C469F160
C471F170
C479F180
C491F190
D448FAE0
01080000
01100010
03190020
01100030
052A0040
06328050
073B0060
01180070
01180080
01180090
011800A0
011800B0
0D6E00C0
012000D0
011800E0
012080F0
01200100
01200110
139A8120
01200130
01280140
01288150
01280160
18C50170
01280180
01280190
012801A0
012881B0
012801C0
012881D0
013081E0
200A81F0
21130200
221B8210
01308220
242C8230
01380240
01380250
27460260
18408270
29508280
2A590290
021802A0
021802B0
2D7282C0
022002D0
2F8382E0
308C02F0
02200300
329D0310
02380320
34AE0330
02498340
36B88350
37C10360
38C98370
03180380
03200390
032003A0
032803B0
3DF403C0
033883D0
034883E0
401583F0
411E0400
42200410
04160420
04100430
45398440
04180450
474A8460
48530470
04180480
04180490
4B6C84A0
041804B0
042004C0
042804D0
042804E0
042084F0
04280500
52A18510
04308520
04308530
25308540
56C38550
04460560
58D48570
04560580
05080590
5BEE05A0
5CF005B0
5DF885C0
051005D0
051885E0
601A05F0
0F180600
34180610
63338620
643C0630
65448640
664D0650
02200660
685E0670
69600680
6A688690
6B7106A0
6C7986B0
6D8206C0
6E8A86D0
6F9306E0
709B86F0
25308700
72AC8710
73B50720
74BD8730
75C60740
76C80750
77D08760
78D90770
05440780
7AEA0790
7BF287A0
7CFB07B0
7D0B87C0
7E1407D0
055987E0
802507F0
812D8800
82360810
83380820
84408830
85490840
86518850
06100860
88628870
06200880
06308890
8B7C08A0
064008B0
071008C0
071888D0
071808E0
071888F0
91A88900
07200910
07200920
07208930
07200940
07200950
97DB8960
98E40970
07308980
9AF50990
013009A0
074089B0
9D1009C0
9E1889D0
9F2109E0
074089F0
A1320A00
08180A10
08208A20
A44B8A30
08308A40
08300A50
08300A60
08300A70
08390A80
08388A90
AB808AA0
08410AB0
08410AC0
08488AD0
08488AE0
B0AB0AF0
B1B38B00
B2BC0B10
75488B20
08508B30
B5D58B40
08610B50
08688B60
B8E88B70
B9F10B80
08B08B90
09100BA0
BC128BB0
BD1B0BC0
BE238BD0
BF2C0BE0
09198BF0
09218C00
09218C10
09218C20
09218C30
09228C40
09218C50
09218C60
09218C70
C97A8C80
09218C90
09208CA0
09208CB0
CD9C8CC0
09218CD0
09218CE0
D0B60CF0
D1B80D00
09208D10
D3C90D20
09208D30
09298D40
09298D50
09298D60
09298D70
09298D80
09298D90
05150DA0
061D8DB0
07260DC0
09288DD0
09298DE0
09298DF0
0B418E00
09298E10
0D528E20
09298E30
09288E40
09218E50
11748E60
127D0E70
09298E80
148E0E90
09298EA0
09298EB0
09298EC0
18A98ED0
19B20EE0
1ABA8EF0
09318F00
1CCB8F10
09318F20
09318F30
1FE50F40
09318F50
09318F60
09318F70
23088F80
24110F90
25198FA0
09318FB0
272A8FC0
09318FD0
293B8FE0
09318FF0
2B4C9000
09309010
2D5D9020
2E661030
2F681040
30709050
31791060
32819070
09319080
09319090
093190A0
092990B0
37AC10C0
093190D0
093190E0
093190F0
09319100
09319110
3DD89120
3EE11130
3FE99140
40F21150
41FA9160
09309170
09319180
09319190
093091A0
093191B0
473591C0
483E11D0
093091E0
093191F0
09319200
4C599210
09319220
4E6A9230
09319240
09319250
09319260
09319270
53951280
549D9290
093192A0
093192B0
57B092C0
093992D0
59C192E0
093992F0
09399300
5CDB1310
09399320
5EEC1330
09399340
60FD1350
09399360
62161370
09399380
64209390
093993A0
663193B0
093193C0
093993D0
093993E0
6A5393F0
6B5C1400
09399410
6D6D1420
09399430
6F7E1440
70801450
09399460
72911470
73999480
74A21490
75AA94A0
76B314B0
77BB94C0
093994D0
093994E0
093994F0
09399500
09399510
7DE81520
09399530
7FF91540
09399550
09399560
09399570
09389580
09389590
093995A0
093995B0
093995C0
093995D0
093995E0
093995F0
09399600
8C691610
8D719620
09399630
09319640
09391650
91939660
929C1670
93A49680
09419690
95B596A0
96BE16B0
094196C0
98C896D0
99D116E0
094196F0
09419700
9CEA9710
9DF31720
09419730
09419740
A0149750
09419760
A2259770
09419780
A4301790
094197A0
094197B0
094197C0
094197D0
094197E0
094197F0
AB6B9800
09419810
09419820
09419830
09419840
B0961850
B1981860
B2A09870
09419880
09419890
B5BA18A0
094198B0
B7CB18C0
094198D0
B9DC18E0
094198F0
BBED1900
09419910
BDFE1920
BE081930
09419940
C0191950
C1219960
09419970
09419980
C43B1990
C54399A0
094199B0
C75499C0
094199D0
C96599E0
CA6E19F0
09419A00
CC789A10
CD811A20
09419A30
CF921A40
09419A50
09419A60
09419A70
09419A80
09419A90
09419AA0
D6CD9AB0
09419AC0
02D81AD0
09499AE0
09499AF0
05F19B00
06FA1B10
070A9B20
08131B30
091B9B40
09499B50
0B2C9B60
0C351B70
0D3D9B80
09419B90
0F481BA0
10509BB0
11591BC0
12619BD0
136A1BE0
09499BF0
157B1C00
16839C10
178C1C20
09499C30
09499C40
09499C50
1BAE1C60
1CB01C70
1DB89C80
1EC11C90
09499CA0
20D21CB0
21DA9CC0
22E31CD0
09499CE0
09499CF0
09499D00
09499D10
27159D20
281E1D30
29201D40
2A289D50
2B311D60
09499D70
09499D80
2E4A9D90
09499DA0
305B9DB0
09499DC0
09499DD0
09489DE0
09499DF0
35861E00
09499E10
37909E20
09499E30
39A19E40
3AAA1E50
09499E60
3CBB1E70
09499E80
09499E90
09499EA0
40DD1EB0
41E59EC0
09499ED0
09499EE0
09519EF0
45091F00
09519F10
471A1F20
09519F30
492B1F40
4A339F50
4B3C1F60
4C449F70
09519F80
4E559F90
09519FA0
50601FB0
51689FC0
52711FD0
09519FE0
54821FF0
558AA000
56932010
579BA020
58A42030
59ACA040
5AB52050
5BBDA060
5CC62070
5DC82080
5ED0A090
5FD920A0
60E1A0B0
0951A0C0
0951A0D0
63FB20E0
0951A0F0
65142100
661CA110
0951A120
0951A130
0951A140
0951A150
6B40A160
6C492170
0951A180
0951A190
0951A1A0
706B21B0
0951A1C0
727C21D0
0951A1E0
0951A1F0
7595A200
0951A210
77A02220
78A8A230
79B12240
0951A250
0951A260
0951A270
0951A280
0951A290
0951A2A0
80ECA2B0
0951A2C0
0951A2D0
0951A2E0
841022F0
8518A300
86212310
8729A320
88322330
893AA340
8A432350
8B4BA360
8C542370
8D5CA380
8E652390
0951A3A0
0951A3B0
0951A3C0
9280A3D0
0951A3E0
9491A3F0
959A2400
96A2A410
97AB2420
0959A430
99BC2440
9AC4A450
9BCD2460
0959A470
0959A480
9EE02490
9FE8A4A0
A0F124B0
0951A4C0
A20A24D0
0959A4E0
0959A4F0
A523A500
A62C2510
A734A520
A83D2530
A945A540
0959A550
AB502560
AC58A570
AD612580
AE69A590
0959A5A0
B07AA5B0
0959A5C0
B28BA5D0
B39425E0
B49CA5F0
B5A52600
B6ADA610
B7B62620
B8B82630
B9C0A640
0951A650
BBD1A660
BCDA2670
BDE2A680
BEEB2690
BFF3A6A0
C0FC26B0
0959A6C0
C21526D0
C31DA6E0
C42626F0
C5282700
C630A710
C7392720
C841A730
C94A2740
CA52A750
0959A760
0959A770
CD6C2780
CE74A790
CF7D27A0
0959A7B0
D18E27C0
D29027D0
0959A7E0
0959A7F0
0959A800
D6B22810
01BAA820
02C32830
03CBA840
0961A850
05DCA860
06E52870
0961A880
08F62890
09F828A0
0A08A8B0
0B1128C0
0961A8D0
0D2228E0
0E2AA8F0
0F332900
103BA910
11442920
124CA930
13552940
0961A950
15662960
16682970
1770A980
18792990
1981A9A0
1A8A29B0
1B92A9C0
1C9B29D0
1DA3A9E0
1EAC29F0
1FB4AA00
20BD2A10
21C5AA20
0961AA30
23D02A40
0961AA50
25E12A60
0961AA70
0961AA80
0961AA90
290B2AA0
2A13AAB0
0969AAC0
2C24AAD0
2D2D2AE0
2E35AAF0
2F3E2B00
30402B10
0961AB20
32512B30
3359AB40
34622B50
356AAB60
36732B70
377BAB80
38842B90
0969ABA0
0969ABB0
3B9DABC0
3CA62BD0
3DA82BE0
3EB0ABF0
3FB92C00
40C1AC10
41CA2C20
42D2AC30
43DB2C40
44E3AC50
45EC2C60
46F4AC70
47FD2C80
480DAC90
49162CA0
4A182CB0
4B20ACC0
4C292CD0
0971ACE0
0969ACF0
4F42AD00
504B2D10
5153AD20
525C2D30
0971AD40
546D2D50
0971AD60
567E2D70
57802D80
5888AD90
0971ADA0
5A99ADB0
5BA22DC0
5CAAADD0
5DB32DE0
5EBBADF0
5FC42E00
60CCAE10
61D52E20
62DDAE30
63E62E40
64E82E50
0971AE60
0971AE70
6709AE80
68122E90
691AAEA0
6A232EB0
0971AEC0
0971AED0
0971AEE0
6E452EF0
0970AF00
70562F10
71582F20
0971AF30
73692F40
0979AF50
757A2F60
7682AF70
778B2F80
7893AF90
799C2FA0
0979AFB0
7BAD2FC0
7CB5AFD0
7DBE2FE0
7EC02FF0
7FC8B000
80D13010
81D9B020
82E23030
83EAB040
84F33050
0971B060
0979B070
8714B080
881D3090
8925B0A0
0979B0B0
8B3030C0
8C38B0D0
8D4130E0
8E49B0F0
8F523100
905AB110
0981B120
926BB130
93743140
947CB150
95853160
968DB170
97963180
98983190
99A0B1A0
9AA931B0
9BB1B1C0
9CBA31D0
9DC2B1E0
9ECB31F0
9FD3B200
0989B210
A1E4B220
A2ED3230
A3F5B240
A4FE3250
0989B260
A610B270
A7193280
A821B290
A92A32A0
AA32B2B0
AB3B32C0
AC43B2D0
AD4C32E0
AE54B2F0
AF5D3300
B065B310
B16E3320
B2703330
B378B340
B4813350
B589B360
B6923370
B79AB380
B8A33390
B9ABB3A0
BAB433B0
BBBCB3C0
BCC533D0
BDCDB3E0
0A1033F0
BFD83400
0A20B410
C1E93420
0A20B430
0A28B440
0A30B450
0A363460
C61BB470
0A30B480
0A30B490
C93534A0
0A38B4B0
CB4634C0
0A38B4D0
CD50B4E0
CE5934F0
CF61B500
0A38B510
D172B520
D27B3530
0A43B540
0A38B550
0A40B560
D69D3570
01A5B580
02AE3590
0A50B5A0
04B8B5B0
0A58B5C0
06C9B5D0
07D235E0
08DAB5F0
09E33600
0AEBB610
0A71B620
0CFCB630
0D0D3640
0B103650
0F1E3660
10203670
0B30B680
12313690
1339B6A0
0C1036B0
0C20B6C0
0C2036D0
0C20B6E0
186436F0
196CB700
0C30B710
1B7DB720
1C863730
0C313740
0C38B750
0C40B760
0C40B770
0C40B780
8C48B790
23BB37A0
24C3B7B0
25CC37C0
26D4B7D0
27DD37E0
28E5B7F0
0C80B800
2AF03810
2BF8B820
2C093830
2D11B840
0B203850
2F22B860
302B3870
0D24B880
0D283890
3344B8A0
344D38B0
0D2838C0
0D3038D0
376038E0
0D3CB8F0
39713900
3A79B910
0D48B920
3C8AB930
0D50B940
0D58B950
3FA43960
0E20B970
41B53980
0E28B990
43C639A0
9F30B9B0
0E3039C0
46D939D0
47E1B9E0
48EA39F0
0E48BA00
4AFB3A10
0E50BA20
4C143A30
0E50BA40
0E50BA50
4F2DBA60
50363A70
51383A80
5240BA90
53493AA0
5451BAB0
0F28BAC0
5662BAD0
0F29BAE0
BB29BAF0
0F31BB00
0F31BB10
0F31BB20
0F31BB30
5D9E3B40
0F39BB50
0F39BB60
0F39BB70
61B9BB80
62C23B90
63CABBA0
0F39BBB0
0F41BBC0
0F41BBD0
67ECBBE0
68F53BF0
0F41BC00
6A0E3C10
6B103C20
6C18BC30
0F51BC40
6E29BC50
0F51BC60
0F51BC70
71433C80
0F51BC90
73543CA0
0F51BCB0
0F51BCC0
766DBCD0
77763CE0
0F59BCF0
7980BD00
0F59BD10
7B91BD20
0F61BD30
7DA2BD40
7EAB3D50
7FB3BD60
80BC3D70
81C4BD80
82CD3D90
83D5BDA0
0F79BDB0
85E03DC0
0F81BDD0
87F13DE0
88F9BDF0
10103E00
10183E10
8B1B3E20
8C23BE30
1024BE40
8E34BE50
8F3D3E60
9045BE70
914E3E80
92503E90
9358BEA0
10333EB0
9569BEC0
1040BED0
977ABEE0
1041BEF0
105CBF00
9A943F10
9B9CBF20
1070BF30
9DADBF40
9EB63F50
11253F60
A0C0BF70
11283F80
11283F90
11283FA0
11283FB0
55353FC0
11453FD0
A7FC3FE0
11653FF0
12104000
AA1DC010
AB264020
12184030
AD30C040
AE394050
1220C060
1221C070
1221C080
B25B4090
1229C0A0
B46C40B0
B574C0C0
3A28C0D0
1231C0E0
B88E40F0
B9904100
1231C110
1231C120
BCA9C130
BDB24140
BEBAC150
1231C160
1231C170
1231C180
1231C190
1231C1A0
1231C1B0
C5F641C0
1239C1D0
C708C1E0
C81141F0
1239C200
CA224210
CB2AC220
CC334230
1239C240
CE444250
CF4CC260
D0554270
1239C280
1239C290
D36842A0
1239C2B0
1239C2C0
1239C2D0
1241C2E0
0292C2F0
1241C300
04A3C310
05AC4320
1241C330
07BD4340
08C5C350
1241C360
1241C370
1240C380
1241C390
1241C3A0
1241C3B0
0FFAC3C0
1241C3D0
1113C3E0
1241C3F0
1241C400
1241C410
1241C420
1249C430
17404440
1249C450
19514460
1A59C470
1B624480
1C6AC490
1249C4A0
124C44B0
1249C4C0
1248C4D0
219544E0
229DC4F0
1249C500
1249C510
25B0C520
26B94530
1251C540
28CA4550
1251C560
2ADB4570
2BE3C580
2CEC4590
2DF4C5A0
2EFD45B0
1251C5C0
301645D0
1251C5E0
1251C5F0
33294600
1251C610
353A4620
3642C630
374B4640
1251C650
395C4660
1251C670
3B6D4680
1261C690
1258C6A0
3E8046B0
3F88C6C0
409146D0
4199C6E0
1259C6F0
43AAC700
44B34710
1261C720
46C44730
47CCC740
48D54750
49DDC760
4AE64770
4BE84780
4CF0C790
4DF947A0
4E09C7B0
4F1247C0
1269C7D0
512347E0
1269C7F0
53344800
1271C810
1271C820
564DC830
7671C840
58584850
5960C860
5A694870
1278C880
5C7A4890
5D82C8A0
5E8B48B0
5F93C8C0
609C48D0
61A4C8E0
62AD48F0
1279C900
64BE4910
65C04920
1281C930
67D14940
68D9C950
69E24960
6AEAC970
6BF34980
6CFBC990
6D0C49A0
131049B0
6F1D49C0
1321C9D0
132049E0
1329C9F0
1329CA00
2228CA10
1329CA20
1330CA30
775ACA40
78634A50
796BCA60
7A744A70
1331CA80
1339CA90
1338CAA0
1339CAB0
1339CAC0
1339CAD0
81A94AE0
82B1CAF0
83BA4B00
1339CB10
1339CB20
1338CB30
87DC4B40
88E4CB50
89ED4B60
8AF5CB70
8BFE4B80
8C084B90
8D10CBA0
8E194BB0
1341CBC0
902A4BD0
1341CBE0
1340CBF0
9343CC00
944C4C10
9554CC20
1349CC30
9765CC40
986E4C50
99704C60
1348CC70
9B814C80
134C4C90
9D924CA0
1349CCB0
9FA34CC0
A0ABCCD0
A1B44CE0
A2BCCCF0
1351CD00
A4CDCD10
1359CD20
A6D84D30
A7E0CD40
A8E94D50
1359CD60
AAFA4D70
1359CD80
AC134D90
AD1BCDA0
AE244DB0
AF2CCDC0
B0354DD0
B13DCDE0
1360CDF0
B3484E00
B450CE10
B5594E20
B661CE30
1369CE40
B872CE50
B97B4E60
BA83CE70
BB8C4E80
BC94CE90
BD9D4EA0
BEA5CEB0
BFAE4EC0
C0B04ED0
C1B8CEE0
C2C14EF0
1379CF00
C4D24F10
C5DACF20
C6E34F30
C7EBCF40
C8F44F50
C9FCCF60
CA0D4F70
CB15CF80
CC1E4F90
141B4FA0
CE28CFB0
CF314FC0
D039CFD0
14234FE0
14204FF0
14235000
D45BD010
D5645020
D66CD030
01755040
142B5050
14285060
04885070
14335080
06995090
07A1D0A0
08AA50B0
09B2D0C0
144B50D0
0BC3D0E0
1459D0F0
145B5100
0EDD5110
0FE5D120
10EE5130
11F05140
15105150
1521D160
1529D170
151A5180
155C5190
172B51A0
1833D1B0
193C51C0
162BD1D0
1B4D51E0
1C55D1F0
1633D200
1633D210
1F68D220
163BD230
2179D240
22825250
1643D260
24935270
259BD280
26A45290
1653D2A0
28B552B0
29BDD2C0
2AC652D0
165BD2E0
2CD0D2F0
2DD95300
2EE1D310
2FEA5320
30F2D330
31FB5340
320BD350
33145360
341CD370
35255380
1723D390
1723D3A0
173BD3B0
3940D3C0
3A4953D0
175BD3E0
1753D3F0
3D62D400
18105410
3F73D420
18185430
4184D440
18265450
4395D460
18205470
18205480
1828D490
182854A0
48B9D4B0
49C254C0
4ACAD4D0
1830D4E0
1831D4F0
4DE45500
1840D510
1840D520
1840D530
510E5540
52105550
1840D560
1848D570
5529D580
56325590
1861D5A0
584355B0
191055C0
5A5455D0
1920D5E0
1E29D5F0
1928D600
19285610
1928D620
1938D630
C5385640
6291D650
1941D660
8341D670
65AB5680
66B3D690
67BC56A0
68C4D6B0
1A21D6C0
6AD5D6D0
1A2AD6E0
1A29D6F0
1A29D700
1A32D710
6FF9D720
1A39D730
1A39D740
1A39D750
7323D760
1A40D770
1A49D780
763D5790
1A40D7A0
784E57B0
795057C0
7A58D7D0
7B6157E0
1A5257F0
7D725800
7E7AD810
1B105820
808BD830
1B22D840
1B22D850
1B22D860
84ADD870
85B65880
1B2AD890
87C0D8A0
1B32D8B0
1B32D8C0
1B32D8D0
8BE2D8E0
8CEB58F0
8DF3D900
8EFC5910
8F0CD920
90155930
911DD940
1B42D950
1B4AD960
9430D970
1B4AD980
9641D990
1B4AD9A0
9852D9B0
995B59C0
1B52D9D0
9B6C59E0
1B52D9F0
9D7D5A00
9E85DA10
1B5ADA20
1B5ADA30
A198DA40
1B62DA50
1B62DA60
A4B25A70
1B62DA80
1B5ADA90
A7CBDAA0
A8D45AB0
A9DCDAC0
AAE55AD0
1B72DAE0
ACF65AF0
ADF85B00
AE08DB10
AF115B20
B019DB30
B1225B40
B22ADB50
B3335B60
B43BDB70
B5445B80
B64CDB90
B7555BA0
1C28DBB0
B9665BC0
BA685BD0
BB70DBE0
1C38DBF0
BD81DC00
1C415C10
1C415C20
C09B5C30
C1A3DC40
C2AC5C50
1C71DC60
1C79DC70
1D105C80
1D185C90
1D185CA0
1D22DCB0
1D21DCC0
1D22DCD0
CBF25CE0
CCFADCF0
CD0B5D00
1D2ADD10
CF1C5D20
D024DD30
1D41DD40
1D40DD50
1D41DD60
1D40DD70
1D40DD80
1D49DD90
1D49DDA0
1D49DDB0
036ADDC0
04735DD0
057BDDE0
1D48DDF0
1D68DE00
08955E10
099DDE20
1E185E30
1E28DE40
1E2B5E50
1E28DE60
0EC1DE70
1E29DE80
1E29DE90
1E28DEA0
1E29DEB0
1E28DEC0
1E29DED0
1E29DEE0
1E2B5EF0
1E28DF00
1E29DF10
1E285F20
1E2ADF30
1B31DF40
1E2BDF50
1E29DF60
1E28DF70
1E2B5F80
1E29DF90
2164DFA0
1E29DFB0
1E29DFC0
1E29DFD0
25805FE0
2688DFF0
27916000
1E31E010
29A26020
1E31E030
1E30E040
2CBBE050
1E31E060
2ECCE070
1E30E080
1E30E090
1E30E0A0
32E860B0
1E34E0C0
1E30E0D0
1E32E0E0
1E3060F0
1E31E100
1E34E110
1E31E120
1E31E130
3B3CE140
1E30E150
1E31E160
1E31E170
3F586180
4060E190
416961A0
1E3AE1B0
437A61C0
1E38E1D0
1E38E1E0
1E39E1F0
1E39E200
1E39E210
49AD6220
1E39E230
4BBE6240
4CC06250
1E38E260
1E39E270
1E39E280
1E39E290
51EAE2A0
1E38E2B0
1E39E2C0
1E39E2D0
1E39E2E0
1E3AE2F0
5725E300
1E39E310
1E39E320
5A38E330
1E38E340
1E39E350
5D526360
5E5AE370
1E31E380
1E39E390
617463A0
1E39E3B0
1E39E3C0
1E39E3D0
1E38E3E0
669863F0
1E39E400
68A96410
69B1E420
1E39E430
6BC2E440
6CCB6450
1E38E460
1E38E470
1E38E480
70ED6490
1E38E4A0
1E39E4B0
730864C0
7410E4D0
751964E0
7621E4F0
1E39E500
7832E510
1E39E520
1E39E530
1E39E540
1E39E550
1E39E560
1E39E570
1E38E580
1E38E590
8178E5A0
1E39E5B0
1E39E5C0
849265D0
859AE5E0
86A365F0
87ABE600
88B46610
1E41E620
1E41E630
1E41E640
8CD66650
1E41E660
8EE0E670
1E44E680
90F1E690
91FA66A0
920AE6B0
931366C0
941BE6D0
952466E0
962CE6F0
97356700
1E41E710
1E49E720
1E41E730
9B50E740
1E41E750
1E41E760
1E41E770
1E41E780
A07B6790
A183E7A0
1E41E7B0
1E41E7C0
1E40E7D0
A5A5E7E0
A6AE67F0
1E41E800
A8B8E810
1E41E820
AAC9E830
1E41E840
ACDAE850
1E41E860
AEEBE870
AFF46880
1E41E890
B10D68A0
1E41E8B0
1E41E8C0
1E41E8D0
1E40E8E0
1E41E8F0
1E41E900
B8426910
1E40E920
BA536930
1E41E940
1E41E950
1E41E960
BE756970
BF7DE980
1E41E990
1E41E9A0
1E41E9B0
C39969C0
1E41E9D0
C5AA69E0
C6B2E9F0
C7BB6A00
C8C3EA10
C9CC6A20
1E49EA30
1E49EA40
1E49EA50
1E49EA60
1E49EA70
1E48EA80
1E49EA90
1E49EAA0
1E4C6AB0
1E49EAC0
D42B6AD0
D533EAE0
1E49EAF0
0144EB00
1E49EB10
0355EB20
1E49EB30
1E49EB40
0668EB50
07716B60
0879EB70
1E4CEB80
0A8AEB90
0B936BA0
1E49EBB0
0DA46BC0
1E49EBD0
0FB56BE0
1E49EBF0
1E496C00
1E48EC10
1E49EC20
1E49EC30
1E49EC40
16EA6C50
1E49EC60
1E49EC70
1E49EC80
1E4B6C90
1B1CECA0
1C256CB0
1E49ECC0
1E49ECD0
1E41ECE0
1E49ECF0
1E49ED00
1E49ED10
1E49ED20
1E49ED30
1E49ED40
1E49ED50
277C6D60
1E49ED70
298D6D80
1E49ED90
1E49EDA0
2CA06DB0
2DA8EDC0
1E49EDD0
1E49EDE0
1E49EDF0
31CAEE00
32D36E10
33DBEE20
34E46E30
35ECEE40
1E50EE50
1E51EE60
1E51EE70
1E51EE80
1E51EE90
1E49EEA0
3C29EEB0
3D326EC0
1E50EED0
1E51EEE0
404BEEF0
41546F00
1E51EF10
1E50EF20
1E51EF30
45766F40
46786F50
4780EF60
48896F70
4991EF80
4A9A6F90
1E51EFA0
4CAB6FB0
1E51EFC0
1E51EFD0
4FC4EFE0
1E50EFF0
51D5F000
1E51F010
53E07020
54E8F030
55F17040
56F9F050
1E51F060
1E52F070
591B7080
1E51F090
5B2C70A0
5C34F0B0
5D3D70C0
5E45F0D0
5F4E70E0
1E51F0F0
1E52F100
1E51F110
6369F120
64727130
1E51F140
66837150
678BF160
68947170
699CF180
6AA57190
6BADF1A0
1E51F1B0
6DB871C0
1E51F1D0
6FC971E0
70D1F1F0
1E51F200
72E2F210
1E51F220
1E51F230
1E51F240
760CF250
77157260
1E51F270
79267280
7A287290
1E59F2A0
7C3972B0
1E59F2C0
7E4A72D0
1E58F2E0
1E59F2F0
1E59F300
1E59F310
8374F320
1E59F330
8585F340
1E59F350
87907360
1E59F370
89A17380
8AA9F390
8BB273A0
8CBAF3B0
1E59F3C0
8ECBF3D0
1E59F3E0
1E59F3F0
91E57400
1E59F410
93F67420
1E59F430
1E59F440
96117450
1E58F460
98227470
992AF480
1E59F490
1E51F4A0
9C4474B0
9D4CF4C0
9E5574D0
9F5DF4E0
A06674F0
1E59F500
A270F510
A3797520
A481F530
A58A7540
1E59F550
1E59F560
A8A3F570
A9AC7580
AAB4F590
ABBD75A0
ACC5F5B0
1E59F5C0
AED075D0
AFD8F5E0
B0E175F0
B1E9F600
1E59F610
B3FAF620
B40B7630
1E59F640
1E59F650
1E59F660
1E59F670
B935F680
BA3E7690
1E59F6A0
1E59F6B0
1858F6C0
1E59F6D0
1E59F6E0
C06AF6F0
7A59F700
C27BF710
C3847720
C48CF730
1E59F740
1E59F750
1E59F760
1E59F770
1E59F780
CAB97790
CBC1F7A0
1E60F7B0
1E61F7C0
CEDB77D0
1E61F7E0
D0EC77F0
1E61F800
1E61F810
1E61F820
1E61F830
1E60F840
D620F850
1E61F860
1E61F870
1E61F880
1E61F890
1E61F8A0
1E61F8B0
075C78C0
0864F8D0
096D78E0
1E59F8F0
0B7E7900
1E61F910
0D88F920
0E917930
1E61F940
10A27950
11AAF960
12B37970
1E61F980
1E61F990
15CCF9A0
16D579B0
1E60F9C0
1E61F9D0
19E879E0
1E61F9F0
1BF97A00
1C09FA10
1D127A20
1E1AFA30
1F237A40
202BFA50
21347A60
1E61FA70
23457A80
244DFA90
25567AA0
26587AB0
2760FAC0
28697AD0
2971FAE0
2A7A7AF0
2B82FB00
1E61FB10
2D93FB20
1E61FB30
2FA4FB40
1E59FB50
31B5FB60
1E61FB70
33C07B80
1E61FB90
35D17BA0
1E61FBB0
37E27BC0
1E61FBD0
1E617BE0
3AFBFBF0
3B0C7C00
3C14FC10
3D1D7C20
3E25FC30
1E69FC40
1E69FC50
4138FC60
42417C70
4349FC80
1E69FC90
455AFCA0
46637CB0
1E69FCC0
1E69FCD0
497CFCE0
4A857CF0
1E69FD00
1E69FD10
1E61FD20
1E69FD30
1E69FD40
50B1FD50
1E61FD60
52C2FD70
53CB7D80
54D3FD90
55DC7DA0
56E4FDB0
1E69FDC0
1E69FDD0
1E61FDE0
1E61FDF0
5B10FE00
1E69FE10
5D21FE20
1E69FE30
1E69FE40
1E69FE50
1E69FE60
624C7E70
1E69FE80
645D7E90
1E69FEA0
1E69FEB0
1E69FEC0
6878FED0
69817EE0
1E69FEF0
6B927F00
6C9AFF10
1E69FF20
1E69FF30
6FB47F40
1E69FF50
71C57F60
1E69FF70
73D67F80
74D87F90
75E0FFA0
76E97FB0
77F1FFC0
1E71FFD0
1E71FFE0
7A137FF0
1E718000
1E718010
7D2C8020
7E350030
7F3D8040
80460050
81480060
82508070
1E718080
1E708090
856A00A0
867280B0
1E7180C0
888380D0
1E7180E0
1E7180F0
8B9D0100
8CA58110
8DAE0120
8EB00130
8FB88140
90C10150
91C98160
92D20170
1E718180
94E30190
1E7181A0
1E7181B0
97FC81C0
980D01D0
1E7181E0
1E6981F0
9B200200
1E718210
9D310220
1E718230
1E718240
A04A8250
A1530260
1E718270
A3640280
A46C8290
A57502A0
A67D82B0
1E7982C0
1E7982D0
A99082E0
AA9902F0
ABA18300
1E798310
1E798320
AEBB0330
1E818340
B0CC0350
1E798360
B2DD0370
B3E58380
1E798390
B5F003A0
1E7983B0
B70903C0
B81183D0
B91A03E0
1E7983F0
BB2B0400
BC338410
BD3C0420
BE448430
BF4D0440
C0558450
C15E0460
C2600470
C3688480
C4710490
C57984A0
C68204B0
1E7984C0
1E7984D0
1E7984E0
CAA404F0
CBAC8500
CCB50510
CDBD8520
CEC60530
1E798540
D0D08550
D1D90560
1E798570
1E798580
1E798590
D5FB05A0
D60B85B0
1E7985C0
021C85D0
032505E0
042D85F0
05360600
06380610
1E798620
08490630
1E818640
0A5A0650
0B628660
0C6B0670
1E810680
1E808690
1E8186A0
1E8186B0
1E8186C0
129E06D0
13A006E0
14A886F0
15B10700
1E818710
17C20720
18CA8730
19D30740
1ADB8750
1E798760
1CEC8770
1DF50780
1EFD8790
1F0E07A0
1E8187B0
1E8187C0
222107D0
232987E0
243207F0
253A8800
26430810
274B8820
28540830
1E818840
1E898850
1E818860
2C760870
2D780880
2E808890
2F8908A0
309188B0
319A08C0
32A288D0
1E8988E0
1E8988F0
35BC0900
36C48910
37CD0920
1E898930
39DE0940
3AE00950
3BE88960
3CF10970
3DF98980
3E0A0990
3F1289A0
401B09B0
412389C0
422C09D0
433489E0
443D09F0
45458A00
464E0A10
47500A20
1E910A30
49610A40
4A698A50
4B720A60
4C7A8A70
4D830A80
4E8B8A90
4F940AA0
509C8AB0
51A50AC0
1E998AD0
53B60AE0
1E998AF0
55C08B00
56C90B10
57D18B20
58DA0B30
59E28B40
5AEB0B50
5BF38B60
1EA18B70
5D0C8B80
5E150B90
5F1D8BA0
60260BB0
1EA18BC0
62308BD0
63390BE0
64418BF0
654A0C00
66528C10
675B0C20
68638C30
696C0C40
6A748C50
6B7D0C60
6C858C70
6D8E0C80
6E900C90
1EB10CA0
70A10CB0
71A98CC0
72B20CD0
73BA8CE0
74C30CF0
75CB8D00
76D40D10
77DC8D20
78E50D30
1EC98D40
7AF60D50
7BF80D60
7C088D70
7D110D80
7E198D90
1F2D8DA0
1F280DB0
81330DC0
823B8DD0
1F358DE0
1F300DF0
1F358E00
1F358E10
1F358E20
88680E30
1F3D8E40
8A790E50
8B818E60
8C8A0E70
8D928E80
8E9B0E90
8FA38EA0
1F3D8EB0
91B48EC0
1F3D8ED0
93C58EE0
94CE0EF0
1F3D8F00
1F380F10
97E10F20
98E98F30
1F3D8F40
1F3D8F50
9B0B0F60
1F458F70
9D1C0F80
1F458F90
1F458FA0
A0358FB0
A13E0FC0
1F458FD0
1F458FE0
1F4D8FF0
A5599000
A6621010
A76A9020
1F559030
1F559040
AA841050
1F559060
AC951070
1F5D9080
1F5D9090
1F5D90A0
B0B090B0
1F6590C0
B2C190D0
B3CA10E0
B4D290F0
1F659100
B6E39110
B7EC1120
B8F49130
B9FD1140
BA0D9150
BB161160
BC181170
BD209180
1F759190
BF3191A0
C03A11B0
1F8591C0
C24B11D0
C35391E0
201811F0
C5649200
C66D1210
20299220
20289230
C9801240
CA889250
CB911260
CC999270
20329280
20319290
203192A0
D0BB92B0
203192C0
203092D0
203192E0
203192F0
20319300
D6E81310
01F09320
20319330
03099340
04121350
051A9360
06231370
072B9380
20319390
203193A0
203993B0
0B4D93C0
0C5613D0
203193E0
0E6093F0
20399400
10719410
20399420
12829430
138B1440
14939450
159C1460
20399470
17AD1480
20399490
203994A0
1AC014B0
203894C0
203994D0
203994E0
203994F0
203E1500
20399510
20389520
220C1530
23149540
241D1550
25259560
20399570
27301580
28389590
203895A0
203995B0
203995C0
203995D0
203995E0
203995F0
20389600
20419610
31851620
328D9630
20419640
20419650
20419660
36A91670
20419680
20419690
204196A0
204196B0
204196C0
204196D0
3DE496E0
204196F0
20419700
40FE1710
41081720
20419730
43191740
44219750
452A1760
20419770
473B1780
48439790
494C17A0
204197B0
204197C0
204197D0
4D6E17E0
4E7017F0
4F789800
50811810
20401820
20419830
D4409840
54A31850
20419860
56B41870
57BC9880
58C51890
59CD98A0
204898B0
204998C0
204998D0
5DE918E0
5EF198F0
5FFA1900
600A9910
20489920
20499930
63241940
642C9950
65351960
663D9970
67461980
20499990
204899A0
204999B0
6B6199C0
6C6A19D0
6D7299E0
6E7B19F0
20499A00
20489A10
20499A20
20499A30
20499A40
74AE1A50
20489A60
20499A70
77C11A80
20489A90
79D21AA0
20489AB0
7BE31AC0
20499AD0
20499AE0
20499AF0
7F0D1B00
80159B10
20499B20
82201B30
20499B40
84311B50
85399B60
86421B70
20519B80
88531B90
895B9BA0
8A641BB0
8B6C9BC0
8C751BD0
8D7D9BE0
8E861BF0
8F881C00
90909C10
20519C20
20519C30
93AA1C40
94B29C50
95BB1C60
20519C70
97CC1C80
98D49C90
99DD1CA0
20519CB0
9BEE1CC0
9CF01CD0
20499CE0
20499CF0
9F119D00
A01A1D10
20519D20
A22B1D30
20519D40
20519D50
A5449D60
20519D70
20519D80
20519D90
20519DA0
AA689DB0
AB711DC0
20599DD0
AD821DE0
20599DF0
20599E00
B09B9E10
B1A41E20
B2AC9E30
20599E40
B4BD9E50
B5C61E60
B6C81E70
B7D09E80
B8D91E90
B9E19EA0
BAEA1EB0
BBF29EC0
20599ED0
BD0B9EE0
20599EF0
BF1C9F00
C0251F10
C12D9F20
C2361F30
20599F40
20599F50
C5491F60
C6519F70
20599F80
20599F90
20589FA0
CA739FB0
20599FC0
20599FD0
CD8D1FE0
CE959FF0
CF9E2000
D0A02010
2058A020
2058A030
D3B9A040
D4C22050
2059A060
2058A070
01DBA080
2059A090
03ECA0A0
2059A0B0
05FDA0C0
2059A0D0
2059A0E0
0818A0F0
2059A100
2058A110
0B322120
0C3AA130
0D432140
2058A150
0F542160
105CA170
11652180
2061A190
137621A0
147821B0
1580A1C0
168921D0
2061A1E0
189A21F0
2061A200
2060A210
1BB3A220
1CBC2230
2061A240
1ECD2250
1FD5A260
2061A270
2061A280
22E8A290
2061A2A0
24F9A2B0
250A22C0
2612A2D0
271B22E0
2823A2F0
2061A300
2A34A310
2050A320
2C45A330
2D4E2340
2059A350
2F58A360
30612370
3169A380
32722390
337AA3A0
348323B0
2060A3C0
2069A3D0
2061A3E0
38A523F0
39ADA400
3AB62410
3BB82420
3CC0A430
2061A440
2061A450
3FDA2460
40E2A470
41EB2480
42F3A490
43FC24A0
440CA4B0
2069A4C0
2069A4D0
472624E0
482824F0
4930A500
2068A510
4B41A520
4C4A2530
2061A540
4E5B2550
4F63A560
506C2570
2069A580
527D2590
5385A5A0
548E25B0
559025C0
2069A5D0
2068A5E0
58A9A5F0
59B22600
5ABAA610
5BC32620
5CCBA630
5DD42640
2069A650
5FE52660
60EDA670
61F62680
62F82690
6308A6A0
2069A6B0
2069A6C0
662226D0
672AA6E0
683326F0
693BA700
6A442710
6B4CA720
6C552730
6D5DA740
6E662750
6F682760
7070A770
71792780
7281A790
738A27A0
7492A7B0
759B27C0
76A3A7D0
2070A7E0
78B4A7F0
2079A800
2071A810
7BCE2820
2071A830
7DD8A840
2070A850
7FE9A860
80F22870
2071A880
2071A890
8313A8A0
841C28B0
8524A8C0
862D28D0
8735A8E0
883E28F0
2071A900
8A48A910
2071A920
2068A930
8D622940
8E6AA950
8F732960
907BA970
2071A980
2071A990
2071A9A0
949DA9B0
95A629C0
96A829D0
2079A9E0
2071A9F0
99C1AA00
2079AA10
9BD2AA20
2079AA30
9DE3AA40
9EEC2A50
2079AA60
A0FD2A70
2078AA80
2079AA90
A3182AA0
A420AAB0
A5292AC0
A631AAD0
A73A2AE0
A842AAF0
A94B2B00
AA53AB10
AB5C2B20
AC64AB30
AD6D2B40
AE75AB50
AF7E2B60
B0802B70
B188AB80
B2912B90
B399ABA0
B4A22BB0
2080ABC0
B6B32BD0
B7BBABE0
B8C42BF0
B9CCAC00
2080AC10
BBDDAC20
BCE62C30
BDE82C40
2080AC50
BFF92C60
C009AC70
C1122C80
C21AAC90
C3232CA0
C42BACB0
C5342CC0
C63CACD0
C7452CE0
C84DACF0
C9562D00
2088AD10
CB60AD20
CC692D30
CD71AD40
2089AD50
CF82AD60
D08B2D70
D193AD80
D29C2D90
D3A4ADA0
D4AD2DB0
D5B5ADC0
D6BE2DD0
01C02DE0
02C8ADF0
03D12E00
04D9AE10
05E22E20
06EAAE30
20A1AE40
08FBAE50
090C2E60
0A14AE70
0B1D2E80
0C25AE90
0D2E2EA0
21182EB0
21202EC0
10412ED0
2131AEE0
12522EF0
2138AF00
14632F10
156BAF20
2138AF30
177CAF40
18852F50
21512F60
1A962F70
1B982F80
21612F90
1DA92FA0
1EB1AFB0
1FBA2FC0
20C2AFD0
21CB2FE0
22D3AFF0
23DC3000
24E4B010
25ED3020
26F5B030
222C3040
28083050
2910B060
2240B070
2B21B080
2C2A3090
2D32B0A0
2E3B30B0
2F43B0C0
234930D0
3154B0E0
2350B0F0
3365B100
346E3110
35703120
3678B130
23A8B140
24183150
2429B160
3A9AB170
3BA33180
2434B190
2430B1A0
3EBCB1B0
2440B1C0
40CDB1D0
41D631E0
2459B1F0
43E0B200
44E93210
45F1B220
46FA3230
2470B240
2471B250
491BB260
25183270
4B2CB280
25203290
252032A0
252032B0
252632C0
252032D0
252832E0
2528B2F0
536A3300
25283310
557B3320
5683B330
25283340
5894B350
599D3360
25303370
2530B380
01303390
2530B3A0
5EC133B0
2530B3C0
60D233D0
61DAB3E0
62E333F0
63EBB400
2538B410
25393420
660D3430
2540B440
681E3450
69203460
2540B470
2540B480
2540B490
6D4234A0
2540B4B0
6F5334C0
705BB4D0
2548B4E0
2548B4F0
73753500
2548B510
75863520
2548B530
2540B540
2548B550
2548B560
2550B570
2550B580
7CBB3590
2550B5A0
7ECC35B0
7FD4B5C0
80DD35D0
81E5B5E0
82EE35F0
2560B600
84F8B610
2558B620
8611B630
871A3640
2560B650
892B3660
8A33B670
8B3C3680
8C44B690
8D4D36A0
8E55B6B0
8F5E36C0
257E36D0
9168B6E0
927136F0
9379B700
94823710
958AB720
26183730
2629B740
98A43750
2629B760
9AB53770
2631B780
2631B790
9DC837A0
9ED0B7B0
9FD937C0
2631B7D0
A1EA37E0
A2F2B7F0
A3FB3800
2631B810
2631B820
2631B830
2630B840
A82DB850
2631B860
2631B870
2631B880
AC493890
2639B8A0
AE5A38B0
AF62B8C0
2639B8D0
B173B8E0
B27C38F0
B384B900
B48D3910
2639B920
2639B930
B7A03940
B8A8B950
2639B960
2639B970
BBC23980
2639B990
BDD339A0
BEDBB9B0
BFE439C0
C0ECB9D0
2639B9E0
C2FDB9F0
C30E3A00
C4103A10
C518BA20
2639BA30
2639BA40
2638BA50
C93ABA60
CA433A70
2639BA80
2639BA90
2639BAA0
2639BAB0
CF6DBAC0
2641BAD0
2641BAE0
2641BAF0
D3893B00
D491BB10
2641BB20
D6A2BB30
01AB3B40
02B3BB50
03BC3B60
04C4BB70
05CD3B80
2641BB90
07DE3BA0
2640BBB0
09E8BBC0
0AF13BD0
2640BBE0
0C0A3BF0
0D12BC00
0E1B3C10
0F23BC20
102C3C30
1134BC40
123D3C50
2641BC60
144E3C70
2641BC80
1658BC90
2639BCA0
2641BCB0
19723CC0
1A7ABCD0
1B833CE0
1C8BBCF0
2641BD00
2641BD10
2639BD20
2641BD30
2640BD40
22B83D50
23C0BD60
2641BD70
2649BD80
26DA3D90
2649BDA0
28EB3DB0
2648BDC0
2649BDD0
2B0CBDE0
2C153DF0
2D1DBE00
2E263E10
2F283E20
2649BE30
31393E40
2649BE50
334A3E60
3452BE70
2649BE80
3663BE90
376C3EA0
3874BEB0
2651BEC0
3A85BED0
2649BEE0
3C903EF0
3D98BF00
3EA13F10
3FA9BF20
40B23F30
41BABF40
42C33F50
2649BF60
44D43F70
45DCBF80
2649BF90
47EDBFA0
2649BFB0
49F83FC0
2649BFD0
4B113FE0
2648BFF0
4D224000
264CC010
4F334020
2649C030
2648C040
2649C050
2649C060
2649C070
2648C080
2651C090
5770C0A0
587940B0
2651C0C0
5A8A40D0
5B92C0E0
5C9B40F0
5DA3C100
2650C110
5FB4C120
2651C130
61C5C140
62CE4150
63D04160
64D8C170
2651C180
66E9C190
67F241A0
68FAC1B0
2649C1C0
6A13C1D0
6B1C41E0
2651C1F0
2651C200
6E35C210
6F3E4220
2651C230
7148C240
2651C250
7359C260
74624270
756AC280
2651C290
777BC2A0
788442B0
798CC2C0
7A9542D0
7B9DC2E0
7CA642F0
7DA84300
2651C310
2651C320
80C1C330
2651C340
2659C350
2658C360
84E3C370
85EC4380
86F4C390
87FD43A0
880DC3B0
2659C3C0
8A1843D0
8B20C3E0
8C2943F0
2651C400
8E3A4410
8F42C420
904B4430
9153C440
925C4450
2658C460
946D4470
9575C480
2659C490
2659C4A0
9888C4B0
2659C4C0
2659C4D0
9BA244E0
9CAAC4F0
9DB34500
9EBBC510
9FC44520
A0CCC530
A1D54540
2659C550
A3E64560
A4E84570
2659C580
A6F94590
2659C5A0
A81245B0
A91AC5C0
AA2345D0
AB2BC5E0
AC3445F0
2659C600
AE454610
2659C620
B0564630
2659C640
B260C650
B3694660
2659C670
B57A4680
B682C690
2658C6A0
2659C6B0
B99C46C0
BAA4C6D0
BBAD46E0
BCB5C6F0
BDBE4700
BEC04710
BFC8C720
C0D14730
2658C740
2659C750
2659C760
2661C770
C5FBC780
C60C4790
2660C7A0
2661C7B0
2659C7C0
CA2E47D0
CB3047E0
2661C7F0
CD414800
CE49C810
2661C820
D05AC830
2661C840
D26BC850
2661C860
D47CC870
D5854880
D68DC890
019648A0
029848B0
03A0C8C0
04A948D0
05B1C8E0
06BA48F0
07C2C900
08CB4910
2661C920
2661C930
0BE4C940
0CED4950
2659C960
0EFE4970
0F084980
1010C990
2661C9A0
2661C9B0
132A49C0
1432C9D0
2661C9E0
1643C9F0
174C4A00
1854CA10
195D4A20
1A65CA30
1B6E4A40
1C704A50
1D78CA60
1E814A70
1F89CA80
20924A90
2661CAA0
22A34AB0
23ABCAC0
2660CAD0
25BCCAE0
26C54AF0
27CDCB00
28D64B10
2669CB20
2669CB30
2BE94B40
2669CB50
2DFA4B60
2E0ACB70
2669CB80
301BCB90
31244BA0
322CCBB0
33354BC0
343DCBD0
2669CBE0
36484BF0
3750CC00
2669CC10
2661CC20
3A6A4C30
3B72CC40
3C7B4C50
3D83CC60
3E8C4C70
3F94CC80
2669CC90
41A5CCA0
42AE4CB0
2669CCC0
44B8CCD0
45C14CE0
46C9CCF0
47D24D00
48DACD10
2669CD20
4AEBCD30
2669CD40
4CFCCD50
2671CD60
4E15CD70
2671CD80
50204D90
2671CDA0
52314DB0
2671CDC0
54424DD0
554ACDE0
56534DF0
2672CE00
2671CE10
596CCE20
2671CE30
5B7DCE40
5C864E50
2671CE60
5E90CE70
5F994E80
2671CE90
2671CEA0
2669CEB0
63BB4EC0
64C3CED0
65CC4EE0
66D4CEF0
67DD4F00
2671CF10
69EE4F20
6AF04F30
6BF8CF40
6C094F50
6D11CF60
6E1A4F70
6F22CF80
702B4F90
7133CFA0
723C4FB0
7344CFC0
744D4FD0
7555CFE0
765E4FF0
77605000
7868D010
79715020
7A79D030
7B825040
7C8AD050
7D935060
7E9BD070
7FA45080
2679D090
81B550A0
82BDD0B0
83C650C0
84C850D0
85D0D0E0
86D950F0
87E1D100
88EA5110
89F2D120
8AFB5130
8B0BD140
8C145150
2680D160
2681D170
8F2DD180
90365190
913851A0
2681D1B0
934951C0
9451D1D0
955A51E0
9662D1F0
976B5200
9873D210
997C5220
9A84D230
9B8D5240
9C95D250
9D9E5260
9EA05270
9FA8D280
A0B15290
A1B9D2A0
A2C252B0
A3CAD2C0
A4D352D0
A5DBD2E0
A6E452F0
A7ECD300
A8F55310
A9FDD320
AA0E5330
2680D340
AC18D350
AD215360
2689D370
AF325380
B03AD390
B14353A0
B24BD3B0
B35453C0
B45CD3D0
B56553E0
B66DD3F0
26A1D400
B8785410
B980D420
BA895430
BB91D440
26A1D450
BDA2D460
BEAB5470
BFB3D480
C0BC5490
C1C4D4A0
C2CD54B0
C3D5D4C0
C4DE54D0
C5E054E0
C6E8D4F0
27185500
C8F9D510
C90A5520
27185530
2721D540
2728D550
2731D560
2730D570
2732D580
2731D590
2738D5A0
2738D5B0
2739D5C0
273AD5D0
D569D5E0
2740D5F0
017AD600
02835610
2741D620
2740D630
2741D640
2740D650
27415660
08B65670
09B85680
2749D690
2748D6A0
0CD1D6B0
2750D6C0
0EE2D6D0
0FEB56E0
10F3D6F0
2759D700
2762D710
13155720
2760D730
15265740
2771D750
1730D760
18395770
1941D780
1A4A5790
2789D7A0
1C5B57B0
1D63D7C0
2798D7D0
1F74D7E0
207D57F0
2185D800
2828D810
23905820
2828D830
2828D840
2830D850
27B25860
2830D870
2830D880
2830D890
2BD458A0
2838D8B0
2838D8C0
2EEDD8D0
2FF658E0
2838D8F0
3108D900
32115910
3319D920
2840D930
352AD940
2840D950
373BD960
2840D970
2840D980
2840D990
2840D9A0
2840D9B0
2840D9C0
2840D9D0
2840D9E0
4081D9F0
2840DA00
2840DA10
2848DA20
2848DA30
2848DA40
2848DA50
2848DA60
2850DA70
49CE5A80
4AD05A90
2848DAA0
2848DAB0
4DE9DAC0
4EF25AD0
4FFADAE0
500B5AF0
2850DB00
521C5B10
5324DB20
2850DB30
2850DB40
2850DB50
2850DB60
5848DB70
2850DB80
2850DB90
5B625BA0
5C6ADBB0
5D735BC0
2850DBD0
2850DBE0
2858DBF0
61955C00
629DDC10
2858DC20
64A85C30
2858DC40
2858DC50
2858DC60
2858DC70
69D2DC80
6ADB5C90
6BE3DCA0
6CEC5CB0
2860DCC0
6EFD5CD0
6F0DDCE0
70165CF0
2860DD00
7220DD10
2860DD20
2860DD30
753A5D40
7642DD50
774B5D60
7853DD70
795C5D80
7A64DD90
7B6D5DA0
7C75DDB0
7D7E5DC0
2868DDD0
2868DDE0
2870DDF0
8199DE00
28715E10
83AADE20
84B35E30
2870DE40
2870DE50
87CCDE60
88D55E70
2870DE80
8AE65E90
8BE85EA0
8CF0DEB0
8DF95EC0
8E09DED0
2878DEE0
901ADEF0
2880DF00
922BDF10
93345F20
943CDF30
95455F40
964DDF50
97565F60
98585F70
29185F80
2929DF90
2930DFA0
3A30DFB0
2930DFC0
9E8B5FD0
9F93DFE0
293ADFF0
A1A4E000
2949E010
A3B5E020
A4BE6030
2951E040
A6C8E050
5A49E060
A8D9E070
A9E26080
2959E090
2960E0A0
ACFBE0B0
AD0C60C0
AE14E0D0
AF1D60E0
2A1860F0
B12E6100
2A206110
B338E120
B4416130
2A28E140
2A28E150
2A30E160
B8636170
2A30E180
BA746190
2A40E1A0
BC8561B0
2A48E1C0
2A48E1D0
BF9861E0
C0A0E1F0
C1A96200
C2B1E210
2B1AE220
C4C2E230
2B206240
2B346250
C7DC6260
0A30E270
5E3BE280
CAF5E290
CBFE62A0
CC0862B0
2B3C62C0
CE1962D0
CF21E2E0
D02A62F0
D132E300
2B61E310
D343E320
D44C6330
2B6C6340
D65D6350
0165E360
026E6370
2C186380
2C266390
2C2063A0
2C2AE3B0
2C2AE3C0
2C30E3D0
2C3AE3E0
2C3AE3F0
2C3AE400
2C3AE410
2C3AE420
2C3AE430
0FD66440
3F42E450
11E0E460
12E96470
2C42E480
2C42E490
2C42E4A0
2C4AE4B0
171BE4C0
182464D0
2C4AE4E0
3F4AE4F0
2C52E500
2C52E510
1D486520
1E50E530
1F596540
2C52E550
216A6560
2272E570
237B6580
2C52E590
258C65A0
2694E5B0
279D65C0
28A5E5D0
2C62E5E0
2AB065F0
2C5AE600
2C62E610
2DC9E620
2C72E630
2FDAE640
2C7AE650
2C7AE660
32F46670
33FCE680
340D6690
3515E6A0
361E66B0
372066C0
3828E6D0
393166E0
2D2066F0
3B426700
2E186710
3D536720
3E5BE730
3F646740
406CE750
41756760
427DE770
43866780
2E31E790
2E31E7A0
469967B0
47A1E7C0
48AA67D0
2E31E7E0
2E31E7F0
4BC3E800
2E30E810
2E30E820
4EDD6830
4FE5E840
50EE6850
51F06860
52F8E870
2E39E880
5411E890
2E38E8A0
5622E8B0
2E30E8C0
2E39E8D0
593C68E0
5A44E8F0
2E39E900
2E38E910
5D5E6920
5E606930
2E38E940
60716950
2E39E960
2E38E970
2E39E980
2E38E990
2E38E9A0
2E3B69B0
2E38E9C0
68B569D0
2E41E9E0
6AC669F0
2E39EA00
6CD0EA10
2E40EA20
2E41EA30
6FEA6A40
70F2EA50
71FB6A60
720BEA70
2E41EA80
2E40EA90
75256AA0
2E41EAB0
2E41EAC0
2E41EAD0
7940EAE0
7A496AF0
7B51EB00
2E40EB10
7D62EB20
2E40EB30
7F73EB40
2E41EB50
8184EB60
2E41EB70
2E40EB80
849E6B90
85A06BA0
86A8EBB0
87B16BC0
2E40EBD0
89C26BE0
2E40EBF0
8BD36C00
2E40EC10
2E41EC20
2E416C30
2E41EC40
90FDEC50
910E6C60
92106C70
9318EC80
94216C90
9529ECA0
2E49ECB0
973AECC0
98436CD0
994BECE0
9A546CF0
9B5CED00
9C656D10
2E49ED20
9E766D30
9F786D40
A080ED50
A1896D60
A291ED70
2E49ED80
2E49ED90
A5AB6DA0
2E48EDB0
A7BC6DC0
A8C4EDD0
A9CD6DE0
AAD5EDF0
ABDE6E00
2E49EE10
ADE8EE20
AEF16E30
2E49EE40
2E49EE50
2E48EE60
2E49EE70
2E51EE80
B42C6E90
2E51EEA0
B63D6EB0
B745EEC0
2E51EED0
B9506EE0
BA58EEF0
2E51EF00
BC69EF10
BD726F20
BE7AEF30
BF836F40
C08BEF50
C1946F60
C29CEF70
C3A56F80
C4ADEF90
C5B66FA0
2E51EFB0
C7C0EFC0
C8C96FD0
C9D1EFE0
2E51EFF0
CBE2F000
2E50F010
2E51F020
2E51F030
CF0CF040
D0157050
2E59F060
2E58F070
D3287080
D430F090
D53970A0
D641F0B0
2E59F0C0
0252F0D0
2E59F0E0
0463F0F0
056C7100
0674F110
2E58F120
0885F130
2E58F140
0A907150
2E58F160
0CA17170
0DA9F180
0EB27190
2E59F1A0
2E59F1B0
11CBF1C0
12D471D0
2E59F1E0
2E58F1F0
15EDF200
2E59F210
17F87220
1808F230
2E59F240
1A19F250
2E59F260
2E58F270
1D337280
2E58F290
1F4472A0
204CF2B0
215572C0
2E58F2D0
2E58F2E0
246872F0
2570F300
26797310
2781F320
288A7330
2E60F340
2A9B7350
2E60F360
2CAC7370
2DB4F380
2EBD7390
2FC5F3A0
30CE73B0
31D073C0
2E60F3D0
2E61F3E0
2E61F3F0
35F27400
2E61F410
370B7420
3813F430
391C7440
2E60F450
3B2D7460
2E61F470
3D3E7480
3E407490
2E69F4A0
2E61F4B0
2E60F4C0
426274D0
2E61F4E0
447374F0
457BF500
46847510
478CF520
48957530
499DF540
4AA67550
2E61F560
4CB0F570
2E61F580
4EC1F590
2E60F5A0
2E60F5B0
51DB75C0
2E61F5D0
53EC75E0
54F4F5F0
55FD7600
560DF610
57167620
58187630
5920F640
5A297650
5B31F660
5C3A7670
5D42F680
2E68F690
5F53F6A0
2E61F6B0
2E60F6C0
626D76D0
6375F6E0
2E61F6F0
65807700
6688F710
2E69F720
6899F730
2E69F740
6AAAF750
6BB37760
6CBBF770
6DC47780
6ECCF790
6FD577A0
70DDF7B0
71E677C0
72E877D0
73F0F7E0
74F977F0
7509F800
76127810
2E71F820
78237830
792BF840
2E68F850
7B3CF860
7C457870
7D4DF880
7E567890
7F5878A0
8060F8B0
816978C0
8271F8D0
837A78E0
8482F8F0
858B7900
8693F910
879C7920
88A4F930
89AD7940
8AB5F950
8BBE7960
8CC07970
8DC8F980
2E79F990
8FD9F9A0
90E279B0
91EAF9C0
2E79F9D0
93FBF9E0
940C79F0
9514FA00
961D7A10
9725FA20
982E7A30
99307A40
9A38FA50
9B417A60
9C49FA70
9D527A80
9E5AFA90
9F637AA0
A06BFAB0
A1747AC0
A27CFAD0
A3857AE0
A48DFAF0
A5967B00
A6987B10
A7A0FB20
A8A97B30
A9B1FB40
AABA7B50
ABC2FB60
2E88FB70
ADD3FB80
AEDC7B90
AFE4FBA0
B0ED7BB0
B1F5FBC0
B2FE7BD0
B3087BE0
B410FBF0
B5197C00
B621FC10
B72A7C20
B832FC30
B93B7C40
2E98FC50
BB4C7C60
BC54FC70
BD5D7C80
2EA1FC90
BF6E7CA0
C0707CB0
C178FCC0
2EA0FCD0
C389FCE0
C4927CF0
C59AFD00
C6A37D10
C7ABFD20
C8B47D30
C9BCFD40
CAC57D50
CBCDFD60
CCD67D70
CDD87D80
CEE0FD90
CFE97DA0
D0F1FDB0
D1FA7DC0
2F187DD0
2F307DE0
D41BFDF0
D5247E00
2F347E10
2F58FE20
023DFE30
03467E40
30187E50
302AFE60
3029FE70
16207E80
3031FE90
0972FEA0
303E7EB0
0B83FEC0
0C8C7ED0
304AFEE0
3061FEF0
0FA5FF00
31187F10
31187F20
12B8FF30
13C17F40
14C9FF50
15D27F60
16DAFF70
17E37F80
18EBFF90
19F47FA0
1AFCFFB0
1B0D7FC0
1C15FFD0
32187FE0
1E207FF0
1F288000
32208010
32288020
322A8030
234A8040
32298050
32318060
26640070
32318080
28750090
297D80A0
2A8600B0
323880C0
2C9080D0
2D9900E0
323980F0
32398100
32408110
31BB0120
32C38130
32418140
32418150
32418160
36E58170
32408180
32418190
324101A0
324081B0
324181C0
324881D0
3D2281E0
3E2B01F0
3F338200
403C0210
41448220
424D0230
43558240
445E0250
32490260
32498270
47710280
48798290
498202A0
4A8A82B0
4B9302C0
325282D0
324882E0
4EAC82F0
4FB50300
32518310
51C60320
52C80330
53D08340
54D90350
55E18360
32598370
32588380
58FB0390
590B83A0
325983B0
325983C0
326183D0
5D2D83E0
5E3603F0
5F380400
60408410
0E608420
62518430
32618440
32618450
656B0460
66738470
677C0480
68848490
698D04A0
6A9584B0
326984C0
6CA004D0
6DA884E0
6EB104F0
6FB98500
70C20510
71CA8520
72D30530
32718540
32688550
75EC8560
76F50570
77FD8580
780E0590
791005A0
327185B0
7B2105C0
7C2985D0
327985E0
7E3A85F0
7F430600
32798610
32798620
825C8630
83650640
846D8650
85760660
86780670
87808680
88890690
899186A0
8A9A06B0
8BA286C0
8CAB06D0
8DB386E0
8EBC06F0
8FC48700
90CD0710
18180720
35280730
33300740
94E88750
33308760
96F98770
33408780
98128790
341987A0
342187B0
342987C0
344E07D0
9D3D07E0
351807F0
9F4E0800
A0500810
A1588820
A2610830
35328840
A4720850
35328860
353A8870
A78B8880
A8940890
353A88A0
353A88B0
ABAD88C0
ACB608D0
ADB808E0
353A88F0
353A8900
353A8910
B1DA0920
353A8930
353A8940
35428950
35428960
35428970
B7150980
35428990
354289A0
BA2809B0
354289C0
BC3909D0
354289E0
354289F0
354A8A00
C05B0A10
C1638A20
C26C0A30
354A8A40
354A8A50
354A8A60
35528A70
C7900A80
C8988A90
C9A10AA0
CAA98AB0
CBB20AC0
354A8AD0
CDC30AE0
CECB8AF0
CFD40B00
D0DC8B10
D1E50B20
355A8B30
D3F60B40
355A8B50
355A8B60
355A8B70
355A8B80
355A8B90
032A8BA0
04330BB0
053B8BC0
06440BD0
355A8BE0
08550BF0
095D8C00
0A660C10
0B680C20
0C708C30
0D790C40
0E818C50
0F8A0C60
10928C70
119B0C80
356A8C90
355A8CA0
14B48CB0
15BD0CC0
16C58CD0
17CE0CE0
18D00CF0
19D88D00
35728D10
356A8D20
356A8D30
1DFA8D40
1E0B0D50
35728D60
201C0D70
21248D80
222D0D90
23358DA0
357A8DB0
25400DC0
26488DD0
27510DE0
28598DF0
29620E00
2A6A8E10
2B730E20
2C7B8E30
2D840E40
2E8C8E50
2F950E60
309D8E70
35828E80
32A80E90
35828EA0
34B90EB0
35C18EC0
36CA0ED0
37D28EE0
38DB0EF0
39E38F00
3AEC0F10
3BF48F20
3CFD0F30
3D0D8F40
3E160F50
36340F60
36340F70
41290F80
42318F90
36440FA0
44428FB0
454B0FC0
46538FD0
475C0FE0
37260FF0
37201000
37289010
37309020
37389030
37389040
4E911050
37409060
37489070
37489080
52B31090
377090A0
381C10B0
55CC90C0
56D510D0
57DD90E0
383310F0
59E81100
38619110
5BF91120
39181130
5D121140
39219150
5F231160
39281170
39299180
623C9190
634511A0
393191B0
655611C0
665811D0
676091E0
393811F0
39399200
6A7A1210
39419220
6C8B1230
6D939240
39419250
39419260
39419270
39419280
39409290
73C012A0
74C892B0
75D112C0
394992D0
77E212E0
394892F0
79F31300
39519310
7B0C1320
7C149330
7D1D1340
7E259350
39599360
80301370
39599380
39599390
396193A0
845213B0
396213C0
866313D0
876B93E0
887413F0
39699400
8A851410
8B8D9420
8C961430
8D981440
8EA09450
8FA91460
90B19470
91BA1480
92C29490
93CB14A0
94D394B0
95DC14C0
96E494D0
97ED14E0
98F594F0
99FE1500
9A081510
3A299520
2A309530
9D219540
3A409550
3A489560
3A589570
3A609580
A24C1590
A35495A0
A45D15B0
A56595C0
3A9115D0
A77015E0
3A9995F0
A9811600
AA899610
3B399620
AC9A9630
3B399640
AEAB9650
3B4A9660
3B561670
B1C51680
3B599690
3B5C16A0
B4D816B0
3B5996C0
3B6196D0
B7F196E0
B8FA16F0
3B719700
3B799710
BB1B9720
3C189730
BD2C9740
BE351750
BF3D9760
3C399770
C1481780
3C399790
C35917A0
3C3997B0
3C4197C0
C67297D0
C77B17E0
C88397F0
3C419800
3C419810
3C419820
CCA59830
3C419840
3C499850
CFB89860
3C499870
3C499880
3C499890
3C4998A0
3C4998B0
D5EB98C0
D6F418D0
01FC98E0
020D18F0
3C519900
041E1910
3C519920
06289930
07311940
3C519950
09421960
3C599970
3C599980
3C599990
0D6419A0
0E6C99B0
3C5999C0
107D99D0
118619E0
128819F0
13909A00
3C619A10
15A19A20
16AA1A30
17B29A40
18BB1A50
19C39A60
1ACC1A70
3C619A80
1CDD1A90
3C619AA0
1EEE1AB0
1FF01AC0
3C699AD0
3C699AE0
22119AF0
231A1B00
24229B10
252B1B20
26339B30
273C1B40
3C799B50
294D1B60
3C799B70
2B5E1B80
2C601B90
2D689BA0
2E711BB0
3C819BC0
3C899BD0
318A9BE0
32931BF0
339B9C00
34A41C10
35AC9C20
3D201C30
37BD9C40
3D281C50
3D219C60
3AD09C70
3BD91C80
3D299C90
3DEA1CA0
3EF29CB0
3D389CC0
3D389CD0
41141CE0
3D319CF0
3D389D00
3D389D10
3D3B1D20
46381D30
47409D40
48491D50
3D319D60
3D389D70
3D389D80
3D319D90
4D739DA0
4E7C1DB0
4F849DC0
3D409DD0
3D409DE0
529E1DF0
3D409E00
3D399E10
55B11E20
56B99E30
3D399E40
58CA9E50
59D31E60
3D399E70
5BE41E80
5CEC9E90
3D399EA0
3D399EB0
5F0E1EC0
3D399ED0
3D399EE0
62211EF0
63299F00
3D399F10
653A9F20
66431F30
674B9F40
3D409F50
695C9F60
6A651F70
3D399F80
6C761F90
6D781FA0
3D399FB0
6F891FC0
3D409FD0
3D399FE0
3D409FF0
3D39A000
3D40A010
3D40A020
3D39A030
3D39A040
3D39A050
3D39A060
7AE02070
7BE8A080
7CF12090
3D41A0A0
7E0A20B0
7F12A0C0
3D41A0D0
3D48A0E0
3D41A0F0
8334A100
843D2110
3D48A120
864E2130
3D41A140
3D41A150
3D41A160
8A69A170
8B722180
3D41A190
8D8321A0
3D41A1B0
3D41A1C0
3D48A1D0
91A521E0
92ADA1F0
3D48A200
3D41A210
95C0A220
96C92230
97D1A240
3D48A250
3D41A260
3D41A270
3D48A280
3D41A290
3D41A2A0
3D41A2B0
9F1DA2C0
A02622D0
A12822E0
3D41A2F0
A3392300
A441A310
A54A2320
A652A330
A75B2340
3D41A350
A96C2360
AA74A370
AB7D2380
AC85A390
AD8E23A0
3D48A3B0
3D48A3C0
B0A123D0
B1A9A3E0
3D41A3F0
B3BAA400
3D50A410
3D49A420
3D49A430
B7DCA440
B8E52450
B9EDA460
BAF62470
BBF82480
BC08A490
BD1124A0
3D50A4B0
BF2224C0
3D49A4D0
C13324E0
C23BA4F0
3D50A500
C44CA510
3D49A520
3D49A530
C7662540
3D50A550
C970A560
CA792570
CB81A580
3D50A590
3D50A5A0
CE9B25B0
CFA3A5C0
3D50A5D0
D1B4A5E0
D2BD25F0
D3C5A600
D4CE2610
3D49A620
3D50A630
3D49A640
02E9A650
03F22660
3D50A670
3D49A680
3D50A690
3D49A6A0
3D49A6B0
3D49A6C0
3D50A6D0
0B3E26E0
3D50A6F0
3D49A700
0E512710
0F59A720
3D50A730
116AA740
12732750
3D50A760
14842770
3D49A780
3D49A790
3D49A7A0
3D49A7B0
3D49A7C0
3D49A7D0
1BB927E0
3D58A7F0
1DCA2800
1ED2A810
1FDB2820
3D51A830
3D51A840
22F4A850
3D58A860
240DA870
3D51A880
3D58A890
2720A8A0
282928B0
3D51A8C0
3D51A8D0
2B42A8E0
2C4B28F0
2D53A900
2E5C2910
3D51A920
306D2930
3D51A940
327E2950
3D51A960
3488A970
35912980
3699A990
3D51A9A0
3D51A9B0
39B329C0
3D51A9D0
3BC429E0
3D51A9F0
3D58AA00
3EDDAA10
3D51AA20
3D58AA30
41F0AA40
42F92A50
3D51AA60
44122A70
3D58AA80
46232A90
472BAAA0
3D58AAB0
3D58AAC0
3D51AAD0
4B4DAAE0
3D51AAF0
4D582B00
3D59AB10
3D60AB20
5071AB30
3D59AB40
5282AB50
538B2B60
5493AB70
3D59AB80
56A4AB90
57AD2BA0
3D59ABB0
3D59ABC0
5AC02BD0
5BC8ABE0
5CD12BF0
5DD9AC00
5EE22C10
5FEAAC20
60F32C30
61FBAC40
3D59AC50
3D59AC60
641D2C70
6525AC80
662E2C90
3D59ACA0
3D59ACB0
69412CC0
6A49ACD0
3D60ACE0
6C5AACF0
6D632D00
3D60AD10
6F742D20
707CAD30
3D59AD40
3D59AD50
73962D60
74982D70
3D59AD80
3D59AD90
3D59ADA0
3D59ADB0
3D59ADC0
3D59ADD0
7BD3ADE0
3D59ADF0
3D60AE00
7EED2E10
7FF5AE20
80FE2E30
81082E40
8210AE50
3D59AE60
3D59AE70
3D59AE80
3D60AE90
873B2EA0
2260AEB0
3D59AEC0
3D59AED0
3D59AEE0
3D59AEF0
3D61AF00
8E702F10
8F78AF20
3D68AF30
3D61AF40
92922F50
3D61AF60
94A32F70
95ABAF80
3D60AF90
3D61AFA0
98C52FB0
99CDAFC0
9AD62FD0
9BD82FE0
9CE0AFF0
3D61B000
3D68B010
9FFA3020
A00AB030
A1133040
A21BB050
3D68B060
A42CB070
3D68B080
3D61B090
A74630A0
A84830B0
A950B0C0
3D68B0D0
3D61B0E0
3D68B0F0
AD72B100
AE7B3110
AF83B120
B08C3130
B194B140
3D61B150
B3A5B160
B4AE3170
B5B03180
B6B8B190
3D68B1A0
B8C9B1B0
B9D231C0
BADAB1D0
BBE331E0
3D68B1F0
3D61B200
BEFCB210
BF0D3220
3D61B230
3D61B240
C2203250
3D61B260
3D61B270
C539B280
C6423290
C74AB2A0
3D69B2B0
C95BB2C0
3D69B2D0
CB6CB2E0
CC7532F0
CD7DB300
CE863310
CF883320
D090B330
D1993340
D2A1B350
D3AA3360
D4B2B370
D5BB3380
D6C3B390
01CC33A0
02D4B3B0
03DD33C0
04E5B3D0
05EE33E0
3D72B3F0
07F8B400
08093410
0911B420
0A1A3430
0B22B440
0C2B3450
0D33B460
0E3C3470
3D68B480
104D3490
3D69B4A0
125E34B0
3D61B4C0
1468B4D0
3D69B4E0
1679B4F0
17823500
3D69B510
19933520
1A9BB530
1BA43540
3D70B550
1DB53560
1EBDB570
1FC63580
20C83590
21D0B5A0
22D935B0
23E1B5C0
3D70B5D0
25F2B5E0
26FB35F0
270BB600
28143610
3D71B620
2A253630
2B2DB640
2C363650
2D383660
3D78B670
3D61B680
3051B690
315A36A0
3262B6B0
336B36C0
3473B6D0
357C36E0
3684B6F0
3D78B700
3895B710
399E3720
3AA03730
3BA8B740
3D71B750
3DB9B760
3D71B770
3FCAB780
40D33790
41DBB7A0
42E437B0
43ECB7C0
44F537D0
45FDB7E0
460E37F0
47103800
4818B810
49213820
4A29B830
4B323840
4C3AB850
4D433860
4E4BB870
4F543880
505CB890
516538A0
3D78B8B0
537638C0
547838D0
3D79B8E0
568938F0
5791B900
589A3910
59A2B920
5AAB3930
3D79B940
5CBC3950
5DC4B960
5ECD3970
5FD5B980
3D80B990
61E039A0
62E8B9B0
63F139C0
64F9B9D0
650A39E0
6612B9F0
671B3A00
6823BA10
692C3A20
6A34BA30
6B3D3A40
6C45BA50
6D4E3A60
3D79BA70
3D78BA80
3D80BA90
7169BAA0
72723AB0
3D79BAC0
74833AD0
758BBAE0
76943AF0
779CBB00
78A53B10
79ADBB20
7AB63B30
7BB83B40
7CC0BB50
7DC93B60
3D81BB70
7FDA3B80
80E2BB90
81EB3BA0
82F3BBB0
83FC3BC0
840CBBD0
3D81BBE0
861DBBF0
87263C00
88283C10
3D79BC20
8A393C30
8B41BC40
8C4A3C50
8D52BC60
8E5B3C70
3D81BC80
906C3C90
3D79BCA0
3D88BCB0
9385BCC0
948E3CD0
95903CE0
9698BCF0
97A13D00
3D88BD10
3D81BD20
9ABABD30
3D81BD40
9CCBBD50
9DD43D60
9EDCBD70
9FE53D80
A0EDBD90
A1F63DA0
A2F83DB0
A308BDC0
A4113DD0
A519BDE0
A6223DF0
A72ABE00
A8333E10
A93BBE20
AA443E30
AB4CBE40
AC553E50
3D89BE60
AE663E70
AF683E80
B070BE90
B1793EA0
B281BEB0
B38A3EC0
B492BED0
B59B3EE0
B6A3BEF0
B7AC3F00
B8B4BF10
B9BD3F20
BAC5BF30
BBCE3F40
3D91BF50
BDD8BF60
BEE13F70
BFE9BF80
C0F23F90
C1FABFA0
C20B3FB0
C313BFC0
C41C3FD0
C524BFE0
3DB1BFF0
C735C000
C83E4010
C9404020
CA48C030
CB514040
CC59C050
3DC8C060
CE6AC070
3E204080
D07BC090
3E2840A0
3E2E40B0
3E34C0C0
3E34C0D0
3E3340E0
3E31C0F0
3E34C100
3E384110
3E3B4120
04CA4130
05D2C140
3E41C150
3E434160
3E41C170
3E49C180
0AFD4190
3E5CC1A0
3E58C1B0
0D1841C0
0E20C1D0
0F2941E0
3E61C1F0
113A4200
3E69C210
3E61C220
1453C230
3E69C240
3E69C250
176D4260
1875C270
197E4280
1A804290
3E7342A0
1C9142B0
3E71C2C0
1EA242D0
3E79C2E0
20B342F0
21BBC300
22C44310
23CCC320
3E91C330
3E8B4340
26E64350
27E84360
3F204370
29F94380
2A09C390
2B1243A0
2C1AC3B0
2D2343C0
3F42C3D0
3F42C3E0
3F42C3F0
3F41C400
3F4AC410
3F4AC420
3F4AC430
3560C440
3F52C450
3F52C460
3F52C470
3F5AC480
3F62C490
3B93C4A0
402044B0
3DA4C4C0
401844D0
4021C4E0
40BE44F0
41C04500
4029C510
4029C520
4029C530
4029C540
46EAC550
47F34560
48FBC570
4031C580
4A14C590
4B1D45A0
4031C5B0
4D2E45C0
4E3045D0
4031C5E0
504145F0
5149C600
52524610
535AC620
4031C630
556BC640
56744650
4031C660
4031C670
598DC680
4031C690
4031C6A0
4031C6B0
4031C6C0
4039C6D0
4039C6E0
4039C6F0
4039C700
62D3C710
63DC4720
4039C730
65ED4740
66F5C750
4039C760
68084770
6910C780
4039C790
6B21C7A0
6C2A47B0
4039C7C0
4039C7D0
4039C7E0
404047F0
4039C800
725D4810
7365C820
4039C830
4039C840
7678C850
77814860
7889C870
79924880
4039C890
4039C8A0
7CABC8B0
7DB448C0
7EBCC8D0
7FC548E0
80CDC8F0
81D64900
4039C910
4039C920
4039C930
4039C940
4039C950
4039C960
4039C970
4039C980
8A244990
4039C9A0
4039C9B0
8D3DC9C0
8E4649D0
8F4849E0
4039C9F0
4039CA00
4039CA10
4039CA20
9472CA30
4039CA40
4039CA50
978C4A60
9894CA70
4041CA80
9AA5CA90
9BAE4AA0
4041CAB0
4041CAC0
9EC14AD0
9FC9CAE0
A0D24AF0
A1DACB00
4041CB10
A3EBCB20
A4F44B30
A5FCCB40
4041CB50
A715CB60
A81E4B70
A9204B80
4041CB90
AB314BA0
4041CBB0
4041CBC0
4041CBD0
AF534BE0
4041CBF0
B1644C00
B26CCC10
4041CC20
4041CC30
4041CC40
4041CC50
4041CC60
4041CC70
4041CC80
4041CC90
4041CCA0
BCBB4CB0
4041CCC0
4041CCD0
4041CCE0
C0DD4CF0
4041CD00
C2EE4D10
4039CD20
4041CD30
4041CD40
C611CD50
4041CD60
4041CD70
4041CD80
4041CD90
CB3C4DA0
4041CDB0
4049CDC0
CE55CDD0
CF5E4DE0
4039CDF0
D168CE00
D2714E10
4041CE20
4041CE30
4041CE40
4041CE50
4041CE60
4041CE70
4041CE80
4041CE90
05BDCEA0
06C64EB0
4049CEC0
4049CED0
4049CEE0
4049CEF0
0BEA4F00
4049CF10
0DFB4F20
4050CF30
4049CF40
101CCF50
4049CF60
4049CF70
13364F80
14384F90
1540CFA0
16494FB0
4049CFC0
4049CFD0
4049CFE0
4050CFF0
1B73D000
4049D010
4049D020
1E8D5030
1F95D040
209E5050
21A05060
4049D070
4050D080
4049D090
25C250A0
26CAD0B0
27D350C0
28DBD0D0
4049D0E0
2AECD0F0
2BF55100
4049D110
2D0E5120
2E105130
2F18D140
30215150
4049D160
32325170
333AD180
34435190
4050D1A0
4050D1B0
375CD1C0
4049D1D0
4049D1E0
4049D1F0
4049D200
4049D210
3D895220
4049D230
4049D240
4049D250
41AB5260
42B3D270
4051D280
44C4D290
4049D2A0
4051D2B0
47DE52C0
48E052D0
49E8D2E0
4051D2F0
4BF9D300
4C0A5310
4058D320
4E1B5330
4F23D340
502C5350
5134D360
523D5370
5345D380
4051D390
4049D3A0
5658D3B0
576153C0
4051D3D0
597253E0
5A7AD3F0
5B835400
5C8BD410
4051D420
4051D430
5FA55440
4051D450
4051D460
62B85470
63C0D480
4051D490
65D1D4A0
4051D4B0
4051D4C0
4051D4D0
4051D4E0
4051D4F0
4051D500
6C155510
6D1DD520
6E265530
6F285540
4051D550
71395560
7241D570
734A5580
7452D590
755B55A0
7663D5B0
776C55C0
7874D5D0
4051D5E0
4051D5F0
7B8E5600
4051D610
4051D620
4051D630
7FA9D640
80B25650
81BAD660
4059D670
83CBD680
4059D690
85DCD6A0
86E556B0
87EDD6C0
4059D6D0
4059D6E0
4059D6F0
8B115700
8C19D710
8D225720
8E2AD730
8F335740
903BD750
4059D760
4059D770
93555780
945DD790
4059D7A0
4059D7B0
9770D7C0
4059D7D0
9981D7E0
9A8A57F0
4059D800
9C9B5810
4059D820
9EAC5830
9FB4D840
A0BD5850
A1C5D860
4059D870
4059D880
4059D890
4059D8A0
A6E9D8B0
4060D8C0
A8FAD8D0
4059D8E0
4059D8F0
4059D900
AC24D910
4059D920
AE35D930
AF3E5940
B0405950
4059D960
B2515970
4059D980
B4625990
B56AD9A0
B67359B0
B77BD9C0
B88459D0
B98CD9E0
BA9559F0
4059DA00
BCA65A10
4059DA20
4060DA30
BFB95A40
4059DA50
C1CA5A60
4059DA70
4059DA80
4059DA90
4059DAA0
C6F4DAB0
4059DAC0
4059DAD0
4059DAE0
CA185AF0
40625B00
CC295B10
CD31DB20
4059DB30
4059DB40
D04B5B50
D153DB60
4059DB70
4059DB80
D46D5B90
4059DBA0
D67E5BB0
4059DBC0
0288DBD0
4061DBE0
0499DBF0
05A25C00
06AADC10
07B35C20
08BBDC30
4061DC40
0ACCDC50
4061DC60
0CDDDC70
0DE65C80
4061DC90
0FF0DCA0
10F95CB0
1109DCC0
4061DCD0
131ADCE0
4059DCF0
4061DD00
16345D10
4061DD20
18455D30
194DDD40
4061DD50
4061DD60
1C60DD70
1D695D80
1E71DD90
1F7A5DA0
2082DDB0
218B5DC0
2293DDD0
239C5DE0
24A4DDF0
4061DE00
4061DE10
27BE5E20
4061DE30
29C8DE40
2AD15E50
2BD9DE60
2CE25E70
2DEADE80
4061DE90
4061DEA0
300C5EB0
3114DEC0
4061DED0
3325DEE0
342E5EF0
35305F00
3638DF10
37415F20
3849DF30
4061DF40
3A5ADF50
4059DF60
3C6BDF70
4061DF80
3E7CDF90
3F855FA0
408DDFB0
41965FC0
4061DFD0
43A0DFE0
4061DFF0
4061E000
4061E010
4061E020
48CB6030
49D3E040
4061E050
4BE4E060
4CED6070
4DF5E080
4EFE6090
4F0860A0
4069E0B0
4069E0C0
5221E0D0
532A60E0
4069E0F0
4069E100
5643E110
4069E120
4061E130
4061E140
5A65E150
5B6E6160
5C706170
5D78E180
5E816190
5F89E1A0
4069E1B0
4061E1C0
62A361D0
4069E1E0
64B461F0
4069E200
4069E210
67CDE220
68D66230
69D86240
6AE0E250
4069E260
6CF1E270
6DFA6280
6E0AE290
4069E2A0
701BE2B0
4069E2C0
4061E2D0
733562E0
743DE2F0
75466300
76486310
7750E320
78596330
4070E340
7A6A6350
7B72E360
7C7B6370
7D83E380
7E8C6390
4069E3A0
809D63B0
81A5E3C0
4061E3D0
83B063E0
84B8E3F0
85C16400
4069E410
87D26420
88DAE430
4069E440
4069E450
4069E460
4069E470
4069E480
8E15E490
4069E4A0
902064B0
9128E4C0
923164D0
9339E4E0
944264F0
954AE500
96536510
4061E520
98646530
4071E540
9A756550
9B7DE560
9C866570
4071E580
9E90E590
9F9965A0
4069E5B0
A1AA65C0
A2B2E5D0
4071E5E0
A4C3E5F0
A5CC6600
A6D4E610
A7DD6620
A8E5E630
A9EE6640
AAF06650
ABF8E660
4071E670
AD11E680
407AE690
AF22E6A0
B02B66B0
B133E6C0
4071E6D0
B344E6E0
B44D66F0
B555E700
B65E6710
B7606720
B868E730
4071E740
BA79E750
BB826760
BC8AE770
4069E780
4070E790
BFA467A0
C0ACE7B0
C1B567C0
4071E7D0
C3C667E0
C4C867F0
C5D0E800
C6D96810
4071E820
C8EA6830
4071E840
4079E850
CB0BE860
4071E870
CD1CE880
CE256890
CF2DE8A0
D03668B0
D13868C0
D240E8D0
D34968E0
D451E8F0
D55A6900
4079E910
4079E920
0273E930
037C6940
4079E950
4071E960
0695E970
079E6980
4079E990
09A8E9A0
0AB169B0
0BB9E9C0
0CC269D0
4079E9E0
0ED369F0
0FDBEA00
10E46A10
11ECEA20
12F56A30
407A6A40
140E6A50
15106A60
1618EA70
17216A80
4079EA90
19326AA0
1A3AEAB0
4079EAC0
4079EAD0
4079EAE0
1E5CEAF0
4079EB00
206DEB10
21766B20
22786B30
2380EB40
4079EB50
2591EB60
4079EB70
4079EB80
28AB6B90
4079EBA0
2ABC6BB0
4081EBC0
2CCD6BD0
2DD5EBE0
2EDE6BF0
4081EC00
30E8EC10
4081EC20
32F9EC30
330A6C40
4081EC50
351B6C60
3623EC70
372C6C80
3834EC90
393D6CA0
3A45ECB0
3B4E6CC0
4081ECD0
4080ECE0
3E616CF0
4081ED00
40726D10
4079ED20
42836D30
438BED40
44946D50
459CED60
46A56D70
4088ED80
48B66D90
49B86DA0
4AC0EDB0
4BC96DC0
4CD1EDD0
4081EDE0
4EE2EDF0
4FEB6E00
50F3EE10
4089EE20
520CEE30
4089EE40
541DEE50
4089EE60
56286E70
5730EE80
58396E90
5941EEA0
5A4A6EB0
5B52EEC0
5C5B6ED0
5D63EEE0
5E6C6EF0
5F74EF00
607D6F10
6185EF20
628E6F30
63906F40
6498EF50
65A16F60
66A9EF70
67B26F80
68BAEF90
69C36FA0
6ACBEFB0
6BD46FC0
6CDCEFD0
6DE56FE0
4089EFF0
4098F000
70F87010
7108F020
72117030
7319F040
74227050
752AF060
76337070
773BF080
4099F090
794CF0A0
7A5570B0
7B5DF0C0
7C6670D0
7D6870E0
7E70F0F0
7F797100
8081F110
4099F120
8292F130
839B7140
84A3F150
85AC7160
86B4F170
40A1F180
88C5F190
89CE71A0
8AD071B0
8BD8F1C0
8CE171D0
8DE9F1E0
8EF271F0
8FFAF200
900B7210
9113F220
921C7230
9324F240
40B9F250
9535F260
963E7270
97407280
9848F290
995172A0
40B9F2B0
9B6272C0
9C6AF2D0
40C9F2E0
4120F2F0
9F847300
A08CF310
A1957320
A29DF330
A3A67340
A4A87350
4231F360
A6B97370
4239F380
4239F390
A9D2F3A0
4239F3B0
ABE3F3C0
4241F3D0
4241F3E0
4249F3F0
AF0DF400
B0167410
B1187420
B220F430
B3297440
4249F450
B53A7460
B642F470
4251F480
4251F490
B95C74A0
BA64F4B0
8751F4C0
BC75F4D0
BD7E74E0
4259F4F0
BF88F500
4259F510
C199F520
C2A27530
4259F540
4259F550
4251F560
C6C47570
C7CCF580
4259F590
C9DDF5A0
4259F5B0
CBE875C0
4259F5D0
4261F5E0
CE09F5F0
CF127600
D01AF610
4259F620
4261F630
D3347640
D43CF650
4261F660
D64DF670
01567680
4261F690
0360F6A0
4269F6B0
4261F6C0
067A76D0
0782F6E0
088B76F0
4269F700
0A9C7710
4271F720
0CAD7730
4280F740
0EBE7750
0FC07760
4279F770
11D17780
12D9F790
13E277A0
14EAF7B0
15F377C0
16FBF7D0
170C77E0
1814F7F0
191D7800
1A25F810
1B2E7820
1C307830
1D38F840
1E417850
1F49F860
43207870
215AF880
22637890
236BF8A0
4350F8B0
4361F8C0
268578D0
278DF8E0
289678F0
4360F900
43627910
2BA97920
4381F930
2DBA7940
2EC2F950
2FCB7960
44207970
31DC7980
4451F990
33ED79A0
4459F9B0
4459F9C0
360879D0
3710F9E0
4469F9F0
4471FA00
4471FA10
3B32FA20
3C3B7A30
45207A40
45287A50
3F54FA60
4540FA70
4165FA80
9F41FA90
43707AA0
4549FAB0
45817AC0
4559FAD0
47927AE0
4561FAF0
4569FB00
4AABFB10
4BB47B20
4CBCFB30
4DC57B40
4ECDFB50
4FD67B60
50D87B70
51E0FB80
46207B90
53F1FBA0
54FA7BB0
4641FBC0
4649FBD0
571BFBE0
58247BF0
592CFC00
4650FC10
5B3DFC20
4651FC30
4651FC40
4651FC50
4651FC60
6061FC70
616A7C80
6272FC90
637B7CA0
4659FCB0
4659FCC0
6694FCD0
4659FCE0
4659FCF0
69AE7D00
6AB07D10
4669FD20
6CC17D30
6DC9FD40
6ED27D50
4671FD60
4671FD70
71EBFD80
72F47D90
73FCFDA0
740D7DB0
7515FDC0
761E7DD0
77207DE0
7828FDF0
47207E00
7A39FE10
7B427E20
7C4AFE30
7D537E40
48207E50
4828FE60
4829FE70
4830FE80
4830FE90
83867EA0
84887EB0
48337EC0
48347ED0
4830FEE0
4830FEF0
4839FF00
4838FF10
8BC3FF20
8CCC7F30
8DD4FF40
4838FF50
4839FF60
4839FF70
4839FF80
92F8FF90
4841FFA0
4840FFB0
951A7FC0
9622FFD0
972B7FE0
4841FFF0
48418000
9A448010
48408020
48408030
48418040
9E600050
48408060
48408070
48418080
48418090
484080A0
A49300B0
484080C0
A6A400D0
484180E0
484080F0
A9BD8100
AAC60110
48418120
48408130
48408140
48418150
AFEA0160
B0F28170
B1FB0180
48408190
B31401A0
B41C81B0
B52501C0
484881D0
B73601E0
484881F0
48498200
48498210
BB518220
BC5A0230
48498240
48488250
BF738260
48498270
48498280
C28D0290
484882A0
484982B0
C5A002C0
484982D0
C7B102E0
484882F0
C9C20300
48488310
CBD30320
CCDB8330
48488340
48498350
484C0360
D0FD8370
D10E0380
D2100390
D31883A0
D42103B0
2C4883C0
D63203D0
484883E0
024303F0
034B8400
48508410
055C8420
48508430
076D8440
08760450
09780460
0A808470
0B890480
0C918490
0D9A04A0
485084B0
485184C0
10B384D0
11BC04E0
485084F0
48518500
14D58510
48518520
48518530
48518540
48508550
48518560
48598570
1B128580
1C1B0590
485985A0
1E2C05B0
1F3485C0
203D05D0
485985E0
485085F0
23500600
48598610
25610620
26698630
48598640
287A8650
48598660
2A8B8670
48588680
2C9C8690
2DA506A0
2EAD86B0
2FB606C0
30B806D0
486086E0
486086F0
48618700
34DA0710
35E28720
36EB0730
48618740
38FC0750
48608760
48608770
3B1D8780
3C260790
486087A0
3E3087B0
3F3907C0
404187D0
486187E0
425287F0
435B0800
44638810
48608820
46748830
48698840
48698850
498E0860
48698870
4B988880
4CA10890
4DA988A0
4EB208B0
486988C0
50C308D0
51CB88E0
52D408F0
53DC8900
48608910
55ED8920
56F60930
57F80940
58088950
48698960
48698970
5B220980
5C2A8990
5D3309A0
5E3B89B0
5F4409C0
487189D0
615509E0
625D89F0
63660A00
64680A10
65708A20
66790A30
67818A40
688A0A50
69928A60
48718A70
48708A80
6CAC0A90
6DB48AA0
6EBD0AB0
6FC58AC0
70CE0AD0
48708AE0
72D88AF0
73E10B00
74E98B10
75F20B20
76FA8B30
48788B40
78138B50
791C0B60
7A248B70
7B2D0B80
487C0B90
7D3E0BA0
7E400BB0
7F488BC0
80510BD0
48818BE0
82620BF0
836A8C00
84730C10
857B8C20
86840C30
878C8C40
88950C50
899D8C60
8AA60C70
8BA80C80
8CB08C90
8DB90CA0
8EC18CB0
8FCA0CC0
90D28CD0
91DB0CE0
92E38CF0
93EC0D00
94F48D10
95FD0D20
960D8D30
97160D40
98180D50
99208D60
9A290D70
9B318D80
48898D90
9D428DA0
48918DB0
48918DC0
48998DD0
A1648DE0
A26D0DF0
A3758E00
A47E0E10
A5800E20
A6888E30
A7910E40
A8998E50
48A18E60
AAAA8E70
ABB30E80
48A88E90
ADC40EA0
AECC8EB0
AFD50EC0
B0DD8ED0
B1E60EE0
B2E80EF0
49200F00
B4F90F10
49300F20
49360F30
49380F40
B8230F50
B92B8F60
49488F70
BB3C8F80
49588F90
BD4D8FA0
BE560FB0
48590FC0
C0608FD0
49608FE0
49608FF0
49609000
C4829010
C58B1020
C6939030
C79C1040
C8A49050
C9AD1060
CAB59070
4A201080
4A329090
CDC890A0
4A4190B0
CFD990C0
4A4190D0
D1EA90E0
D2F310F0
4A499100
D40C1110
D5149120
4A519130
4A519140
4A519150
03301160
4A519170
05411180
06499190
075211A0
4A5891B0
096311C0
4A6191D0
0B7411E0
4A6191F0
0D851200
0E8D9210
0F961220
10981230
11A09240
12A91250
4A899260
14BA1270
4B201280
16CB1290
4B2812A0
4B2812B0
4B2812C0
4B2992D0
1BF592E0
4B2812F0
1D081300
4B301310
1F191320
20219330
4B319340
4B309350
233B1360
24439370
254C1380
26549390
4B3193A0
286593B0
296E13C0
4B3193D0
2B7893E0
2C8113F0
4B309400
2E921410
4B309420
4B319430
4B399440
32B41450
4B399460
34C51470
4B399480
4B399490
37D814A0
38E094B0
4B3994C0
3AF194D0
4B3894E0
4B3894F0
4B399500
4B399510
3F241520
4B399530
41351540
4B399550
4B399560
44481570
45509580
4B399590
476195A0
486A15B0
4B3995C0
4A7B15D0
4B3995E0
4B3815F0
4B399600
4B389610
4FA59620
50AE1630
51B01640
4B381650
53C11660
4B399670
4B399680
4B399690
4B4196A0
58EB96B0
59F416C0
4B4196D0
5B0D16E0
4B4196F0
4B409700
5E201710
4B409720
4B409730
61399740
4B419750
634A9760
4B419770
655B9780
66641790
676C97A0
4B4197B0
4B4197C0
6A8617D0
4B4197E0
4B4197F0
6D991800
4B399810
6FAA1820
70B29830
4B419840
4B419850
73CC1860
4B419870
75DD1880
4B419890
77EE18A0
4B4198B0
79F898C0
4B4198D0
7B1198E0
7C1A18F0
4B419900
7E2B1910
7F339920
803C1930
81449940
4B419950
83559960
4B419970
4B419980
86689990
4B4199A0
887999B0
4B4099C0
4B4199D0
4B4199E0
8C9B99F0
8DA41A00
8EAC9A10
4B419A20
4B409A30
91C61A40
4B419A50
93D09A60
4B419A70
4B419A80
96EA1A90
4B419AA0
4B419AB0
990B9AC0
4B431AD0
9B1C9AE0
4B499AF0
4B499B00
9E361B10
4B489B20
4B499B30
A1491B40
4B499B50
4B489B60
4B499B70
4B499B80
4B499B90
A77C1BA0
A8849BB0
A98D1BC0
AA959BD0
AB9E1BE0
ACA01BF0
ADA89C00
4B499C10
AFB99C20
4B499C30
4B499C40
B2D31C50
B3DB9C60
B4E41C70
B5EC9C80
B6F51C90
4B499CA0
B80E1CB0
B9101CC0
BA189CD0
BB211CE0
4B499CF0
4B489D00
4B499D10
4B489D20
4B489D30
4B489D40
C25C9D50
4B499D60
C46D9D70
4B499D80
4B499D90
4B499DA0
C8891DB0
4B419DC0
4B499DD0
4B499DE0
CCAB1DF0
4B499E00
CEBC1E10
4B499E20
D0CD1E30
D1D59E40
4B489E50
D3E01E60
D4E89E70
D5F11E80
4B499E90
010A1EA0
02129EB0
4B481EC0
04239ED0
052C1EE0
4B499EF0
4B489F00
4B499F10
094E1F20
4B499F30
4B509F40
0C611F50
0D699F60
4B499F70
0F7A9F80
10831F90
118B9FA0
12941FB0
139C9FC0
4B499FD0
15AD9FE0
4B499FF0
4B49A000
18C0A010
19C92020
1AD1A030
1BDA2040
4B49A050
1DEB2060
4B49A070
4B49A080
4B49A090
4B49A0A0
4B49A0B0
4B49A0C0
242820D0
4B49A0E0
4B49A0F0
4B49A100
4B49A110
4B51A120
4B51A130
2B63A140
2C6C2150
4B51A160
4B50A170
2F85A180
308E2190
319021A0
3298A1B0
33A121C0
4B51A1D0
35B221E0
36BAA1F0
37C32200
4B51A210
39D42220
3ADCA230
3BE52240
3CEDA250
3DF62260
3EF82270
3F08A280
4B51A290
4B51A2A0
422222B0
432AA2C0
443322D0
453BA2E0
464422F0
474CA300
48552310
4B51A320
4B51A330
4B51A340
4C70A350
4D792360
4B51A370
4B51A380
4B51A390
519B23A0
4B51A3B0
4B51A3C0
4B5323D0
4B50A3E0
56C5A3F0
4B50A400
4B51A410
4B51A420
4B51A430
4B51A440
4B51A450
4B51A460
5E0B2470
4B50A480
4B51A490
4B50A4A0
622D24B0
4B50A4C0
643E24D0
4B51A4E0
6648A4F0
4B51A500
4B50A510
69622520
4B51A530
4B51A540
4B51A550
6D842560
6E8CA570
6F952580
709DA590
71A625A0
72A825B0
73B0A5C0
74B925D0
75C1A5E0
76CA25F0
4B51A600
4B51A610
4B51A620
4B51A630
4B51A640
4B51A650
4B51A660
4B51A670
4B50A680
4B51A690
812926A0
4B59A6B0
833A26C0
8442A6D0
854B26E0
4B59A6F0
875C2700
8864A710
4B59A720
8A75A730
4B59A740
8C802750
4B59A760
4B59A770
8F99A780
4B59A790
91AAA7A0
92B327B0
93BBA7C0
94C427D0
95CCA7E0
96D527F0
97DDA800
4B58A810
99E82820
4B51A830
9BF92840
4B59A850
4B51A860
9E1AA870
9F232880
A02BA890
A13428A0
A23CA8B0
4B59A8C0
A44DA8D0
A55628E0
4B59A8F0
A760A900
A8692910
A971A920
4B59A930
AB82A940
AC8B2950
AD93A960
4B59A970
AFA4A980
B0AD2990
B1B5A9A0
B2BE29B0
B3C029C0
B4C8A9D0
B5D129E0
B6D9A9F0
4B51AA00
B8EAAA10
4B59AA20
4B59AA30
BB0C2A40
BC14AA50
4B58AA60
4B59AA70
4B58AA80
C0302A90
C138AAA0
C2412AB0
C349AAC0
4B59AAD0
C55AAAE0
4B59AAF0
4B59AB00
C8742B10
C97CAB20
4B59AB30
4B51AB40
4B58AB50
CD982B60
CEA0AB70
CFA92B80
D0B1AB90
D1BA2BA0
D2C2ABB0
4B59ABC0
4B59ABD0
4B59ABE0
4B59ABF0
4B59AC00
4B59AC10
4B59AC20
04082C30
0510AC40
06192C50
0721AC60
082A2C70
0932AC80
4B61AC90
0B43ACA0
4B61ACB0
0D54ACC0
4B61ACD0
0F65ACE0
106E2CF0
11702D00
1278AD10
4B61AD20
4B61AD30
15922D40
4B61AD50
17A32D60
18ABAD70
4B61AD80
1ABCAD90
4B61ADA0
1CCDADB0
1DD62DC0
1ED82DD0
1FE0ADE0
20E92DF0
4B60AE00
22FA2E10
230AAE20
4B61AE30
251BAE40
26242E50
272CAE60
28352E70
293DAE80
2A462E90
4B61AEA0
4B61AEB0
2D592EC0
2E61AED0
4B60AEE0
3072AEF0
4B61AF00
4B61AF10
338C2F20
3494AF30
359D2F40
4B61AF50
37AE2F60
38B02F70
39B8AF80
4B61AF90
4B61AFA0
4B58AFB0
4B60AFC0
4B60AFD0
3FEBAFE0
40F42FF0
4B61B000
4B61B010
4315B020
441E3030
45203040
4B61B050
4B61B060
4839B070
49423080
4A4AB090
4B5330A0
4B61B0B0
4D6430C0
4B61B0D0
4B61B0E0
507DB0F0
4B61B100
4B61B110
4B61B120
4B61B130
55A1B140
56AA3150
57B2B160
58BB3170
59C3B180
5ACC3190
5BD4B1A0
5CDD31B0
5DE5B1C0
5EEE31D0
5FF031E0
4B61B1F0
4B60B200
6211B210
631A3220
6422B230
4B61B240
6633B250
673C3260
6844B270
694D3280
6A55B290
4B61B2A0
6C6032B0
6D68B2C0
4B61B2D0
6F79B2E0
708232F0
4B61B300
72933310
739BB320
74A43330
4B69B340
76B53350
77BDB360
78C63370
79C83380
4B69B390
7BD933A0
7CE1B3B0
7DEA33C0
4B69B3D0
7FFB33E0
4B69B3F0
81143400
821CB410
4B69B420
842DB430
85363440
86383450
8740B460
88493470
8951B480
8A5A3490
8B62B4A0
8C6B34B0
8D73B4C0
8E7C34D0
8F84B4E0
908D34F0
9195B500
929E3510
93A03520
94A8B530
4B69B540
96B9B550
97C23560
4B61B570
99D33580
4B6A3590
4B68B5A0
9CECB5B0
9DF535C0
4B69B5D0
4B69B5E0
A01035F0
4B69B600
A2213610
A329B620
4B69B630
A53AB640
A6433650
4B69B660
A8543670
A95CB680
AA653690
4B69B6A0
4B69B6B0
AD7836C0
AE80B6D0
4B61B6E0
B091B6F0
B19A3700
B2A2B710
B3AB3720
B4B3B730
B5BC3740
B6C4B750
B7CD3760
4B69B770
4B69B780
4B69B790
BBE8B7A0
BCF137B0
4B69B7C0
BE0A37D0
BF12B7E0
C01B37F0
C123B800
C22C3810
4B69B820
C43D3830
4B69B840
4B69B850
4B69B860
4B69B870
4B69B880
4B69B890
CB7238A0
CC7AB8B0
CD8338C0
4B71B8D0
CF9438E0
D09CB8F0
D1A53900
D2ADB910
D3B63920
D4B83930
4B61B940
4B71B950
4B71B960
02DA3970
03E2B980
04EB3990
05F3B9A0
4B71B9B0
4B71B9C0
081539D0
091DB9E0
0A2639F0
0B283A00
0C30BA10
0D393A20
0E41BA30
0F4A3A40
1052BA50
115B3A60
4B71BA70
4B71BA80
1474BA90
157D3AA0
4B71BAB0
178E3AC0
4B71BAD0
1998BAE0
1AA13AF0
1BA9BB00
4B71BB10
1DBABB20
1EC33B30
4B71BB40
20D43B50
21DCBB60
4B71BB70
23EDBB80
24F63B90
25F83BA0
4B71BBB0
27113BC0
2819BBD0
29223BE0
2A2ABBF0
2B333C00
4B71BC10
2D443C20
4B70BC30
2F553C40
305DBC50
31663C60
32683C70
3370BC80
34793C90
4B70BCA0
368A3CB0
4B69BCC0
389B3CD0
4B69BCE0
3AAC3CF0
4B69BD00
3CBD3D10
3DC5BD20
3ECE3D30
4B71BD40
40D8BD50
41E13D60
42E9BD70
43F23D80
44FABD90
450B3DA0
4B71BDB0
4B71BDC0
4824BDD0
492D3DE0
4B71BDF0
4B71BE00
4C403E10
4D48BE20
4E513E30
4F59BE40
50623E50
516ABE60
52733E70
537BBE80
54843E90
558CBEA0
56953EB0
579DBEC0
4B79BED0
59A83EE0
5AB0BEF0
5BB93F00
5CC1BF10
4B79BF20
5ED2BF30
5FDB3F40
60E3BF50
61EC3F60
62F4BF70
63FD3F80
640DBF90
65163FA0
66183FB0
6720BFC0
4B79BFD0
6931BFE0
4B79BFF0
6B42C000
6C4B4010
6D53C020
6E5C4030
6F64C040
706D4050
7175C060
727E4070
73804080
7488C090
4B78C0A0
7699C0B0
77A240C0
78AAC0D0
79B340E0
7ABBC0F0
7BC44100
7CCCC110
7DD54120
7EDDC130
7FE64140
80E84150
81F0C160
4B79C170
4B79C180
84124190
851AC1A0
862341B0
872BC1C0
883441D0
893CC1E0
4B79C1F0
8B4DC200
4B71C210
8D584220
8E60C230
8F694240
9071C250
917A4260
9282C270
4B81C280
9493C290
4B79C2A0
96A4C2B0
97AD42C0
98B5C2D0
99BE42E0
4B79C2F0
9BC8C300
4B79C310
9DD9C320
9EE24330
9FEAC340
4B81C350
A1FBC360
A20C4370
A314C380
A41D4390
A525C3A0
A62E43B0
A73043C0
4B81C3D0
4B81C3E0
AA49C3F0
AB524400
AC5AC410
AD634420
AE6BC430
4B79C440
B07CC450
B1854460
4B81C470
B3964480
B4984490
B5A0C4A0
B6A944B0
B7B1C4C0
B8BA44D0
B9C2C4E0
BACB44F0
4B814500
4B81C510
BDE4C520
BEED4530
BFF5C540
C0FE4550
C1084560
C210C570
4B81C580
4B81C590
C52A45A0
4B81C5B0
C73B45C0
C843C5D0
4B81C5E0
CA54C5F0
CB5D4600
4B79C610
CD6E4620
CE704630
CF78C640
4B78C650
4B81C660
D2924670
D39AC680
D4A34690
D5ABC6A0
D6B446B0
01BCC6C0
02C546D0
03CDC6E0
04D646F0
05D84700
4B81C710
07E94720
08F1C730
09FA4740
0A0AC750
0B134760
0C1BC770
0D244780
4B81C790
0F3547A0
103DC7B0
4B81C7C0
124847D0
1350C7E0
145947F0
4B89C800
166A4810
1772C820
187B4830
4B89C840
1A8C4850
1B94C860
1C9D4870
1DA5C880
1EAE4890
1FB048A0
20B8C8B0
21C148C0
22C9C8D0
4B81C8E0
24DAC8F0
4B89C900
4B89C910
27F44920
28FCC930
290D4940
2A15C950
2B1E4960
4B88C970
2D28C980
2E314990
2F39C9A0
304249B0
314AC9C0
325349D0
4B89C9E0
346449F0
4B80CA00
36754A10
377DCA20
38864A30
39884A40
3A90CA50
3B994A60
3CA1CA70
3DAA4A80
4B89CA90
3FBB4AA0
4B91CAB0
4B89CAC0
42D4CAD0
43DD4AE0
44E5CAF0
45EE4B00
46F04B10
47F8CB20
48094B30
4911CB40
4A1A4B50
4B22CB60
4C2B4B70
4D33CB80
4E3C4B90
4F44CBA0
504D4BB0
5155CBC0
525E4BD0
53604BE0
5468CBF0
55714C00
5679CC10
57824C20
588ACC30
59934C40
5A9BCC50
4B89CC60
5CACCC70
5DB54C80
5EBDCC90
5FC64CA0
60C84CB0
61D0CCC0
62D94CD0
63E1CCE0
64EA4CF0
65F2CD00
66FB4D10
670BCD20
68144D30
691CCD40
6A254D50
6B2DCD60
6C364D70
6D384D80
6E40CD90
6F494DA0
7051CDB0
715A4DC0
7262CDD0
736B4DE0
7473CDF0
757C4E00
7684CE10
778D4E20
7895CE30
799E4E40
7AA04E50
7BA8CE60
7CB14E70
7DB9CE80
7EC24E90
7FCACEA0
80D34EB0
81DBCEC0
82E44ED0
83ECCEE0
84F54EF0
85FDCF00
860E4F10
87104F20
8818CF30
89214F40
8A29CF50
8B324F60
8C3ACF70
8D434F80
8E4BCF90
8F544FA0
905CCFB0
91654FC0
926DCFD0
93764FE0
94784FF0
9580D000
96895010
9791D020
989A5030
99A2D040
9AAB5050
9BB3D060
9CBC5070
9DC4D080
9ECD5090
9FD5D0A0
A0DE50B0
A1E050C0
A2E8D0D0
A3F150E0
A4F9D0F0
A50A5100
A612D110
A71B5120
A823D130
A92C5140
AA34D150
AB3D5160
AC45D170
AD4E5180
AE505190
AF58D1A0
B06151B0
B169D1C0
B27251D0
B37AD1E0
B48351F0
4C20D200
4C31D210
4C31D220
4C41D230
4C39D240
BAB65250
BBB85260
4C41D270
BDC95280
BED1D290
BFDA52A0
C0E2D2B0
C1EB52C0
C2F3D2D0
C3FC52E0
C40CD2F0
C5155300
C61DD310
4C59D320
C8285330
C930D340
CA395350
CB41D360
CC4A5370
4C59D380
4C61D390
4C61D3A0
4C61D3B0
D174D3C0
D27D53D0
4C61D3E0
D48E53F0
D5905400
D698D410
01A15420
4C69D430
03B25440
04BAD450
4C69D460
4C69D470
07D45480
4C71D490
09E554A0
0AEDD4B0
4C71D4C0
0CF854D0
0D08D4E0
0E1154F0
0F19D500
10225510
112AD520
12335530
133BD540
14445550
154CD560
16555570
175DD580
4C81D590
196855A0
1A70D5B0
1B7955C0
1C81D5D0
1D8A55E0
1E92D5F0
1F9B5600
20A3D610
4D205620
4D285630
4D31D640
4D38D650
4D435660
4D41D670
27D8D680
28E15690
4D48D6A0
2AF256B0
2BFAD6C0
2C0B56D0
2D13D6E0
2E1C56F0
2F24D700
302D5710
3135D720
323E5730
33405740
3448D750
35515760
3659D770
37625780
4E205790
397357A0
4E32D7B0
4E39D7C0
3C8CD7D0
3D9557E0
3E9DD7F0
3FA65800
4E41D810
4E49D820
4E49D830
4E49D840
44CA5850
4E49D860
4E49D870
47E3D880
4E51D890
4E51D8A0
4E49D8B0
4B0DD8C0
4E59D8D0
4D1858E0
4E20D8F0
4F295900
5031D910
4E59D920
4E59D930
534B5940
5453D950
4E61D960
5664D970
576D5980
5875D990
4E61D9A0
4E61D9B0
5B88D9C0
5C9159D0
5D99D9E0
5EA259F0
5FAADA00
4E71DA10
61BBDA20
62C45A30
63CCDA40
64D55A50
65DDDA60
66E65A70
67E85A80
68F0DA90
4E81DAA0
6A09DAB0
6B125AC0
6C1ADAD0
6D235AE0
6E2BDAF0
6F345B00
703CDB10
71455B20
4F20DB30
4F41DB40
4F49DB50
7560DB60
4F51DB70
7771DB80
787A5B90
7982DBA0
7A8B5BB0
7B93DBC0
7C9C5BD0
7DA4DBE0
4F69DBF0
7FB5DC00
4F69DC10
4F69DC20
82C8DC30
83D15C40
4F79DC50
85E25C60
86EADC70
87F35C80
88FBDC90
890C5CA0
8A14DCB0
8B1D5CC0
50285CD0
8D2E5CE0
5038DCF0
8F38DD00
90415D10
5048DD20
5071DD30
5121DD40
5130DD50
5148DD60
6649DD70
977CDD80
5150DD90
998DDDA0
52205DB0
9B985DC0
9CA0DDD0
9DA95DE0
9EB1DDF0
9FBA5E00
524C5E10
A1CB5E20
A2D3DE30
A3DC5E40
A4E4DE50
A5ED5E60
A6F5DE70
A7FE5E80
A8085E90
52545EA0
5258DEB0
AB21DEC0
AC2A5ED0
AD32DEE0
52645EF0
AF43DF00
B04C5F10
B154DF20
5260DF30
B365DF40
5261DF50
B5705F60
B678DF70
B7815F80
5269DF90
B9925FA0
BA9ADFB0
BBA35FC0
52645FD0
BDB45FE0
BEBCDFF0
BFC56000
C0CDE010
C1D66020
C2D86030
C3E0E040
5280E050
52846060
52846070
C70AE080
C8136090
C91BE0A0
CA2460B0
CB2CE0C0
52B1E0D0
CD3DE0E0
532060F0
5328E100
D050E110
D1596120
D261E130
54206140
542B6150
54336160
D683E170
54336180
543B6190
543B61A0
544361B0
05AE61C0
06B061D0
07B8E1E0
544B61F0
09C9E200
544B6210
544B6220
0CE36230
54536240
0EF46250
54536260
54536270
54536280
54536290
545B62A0
1428E2B0
153162C0
1639E2D0
546362E0
546362F0
54636300
1A5BE310
546B6320
1C6CE330
55206340
1E7DE350
1F866360
20886370
55286380
22996390
23A1E3A0
24AA63B0
25B2E3C0
26BB63D0
5529E3E0
5529E3F0
5529E400
5529E410
55386420
2CEE6430
2DF06440
2EF8E450
5530E460
5529E470
5529E480
5529E490
5531E4A0
5531E4B0
353C64C0
3644E4D0
374D64E0
3855E4F0
5531E500
3A606510
3B68E520
3C716530
5531E540
5531E550
3F8AE560
5531E570
419BE580
42A46590
43ACE5A0
5531E5B0
5531E5C0
5531E5D0
5538E5E0
5531E5F0
5531E600
5531E610
4BEA6620
4CF2E630
5531E640
4E0BE650
4F146660
5539E670
5539E680
5539E690
5539E6A0
543866B0
5540E6C0
564966D0
5751E6E0
585A66F0
5539E700
5A6B6710
5531E720
5C7C6730
5539E740
5E8D6750
5539E760
609E6770
61A06780
5539E790
63B167A0
64B9E7B0
65C267C0
5539E7D0
5539E7E0
68DBE7F0
69E46800
5539E810
5539E820
5539E830
6D0E6840
5539E850
5539E860
5539E870
5539E880
5539E890
733AE8A0
744368B0
5539E8C0
765468D0
775CE8E0
5539E8F0
5539E900
7A766910
7B786920
5540E930
5539E940
7E91E950
7F9A6960
80A2E970
81AB6980
5539E990
5539E9A0
5539E9B0
85CD69C0
86D5E9D0
87DE69E0
5539E9F0
89E8EA00
5539EA10
8BF9EA20
5539EA30
5539EA40
5539EA50
5539EA60
5539EA70
5539EA80
5539EA90
5539EAA0
5541EAB0
95506AC0
5541EAD0
5541EAE0
9869EAF0
99726B00
5541EB10
9B836B20
5541EB30
9D946B40
9E9CEB50
9FA56B60
A0ADEB70
5541EB80
5541EB90
5541EBA0
5541EBB0
5541EBC0
5541EBD0
5541EBE0
5541EBF0
A9F3EC00
AAFC6C10
5541EC20
5541EC30
5541EC40
5541EC50
AF286C60
B030EC70
B1396C80
5548EC90
5541ECA0
B452ECB0
5541ECC0
B663ECD0
B76C6CE0
B874ECF0
5539ED00
BA85ED10
BB8E6D20
5541ED30
5541ED40
5541ED50
5541ED60
5541ED70
C1BAED80
5541ED90
C3CBEDA0
5539EDB0
5541EDC0
C6E56DD0
5541EDE0
C8F66DF0
5541EE00
5541EE10
5541EE20
5541EE30
CD226E40
5541EE50
CF336E60
D03BEE70
5541EE80
D24CEE90
5541EEA0
5541EEB0
D5666EC0
D6686ED0
5541EEE0
5541EEF0
5550EF00
5541EF10
0592EF20
5541EF30
07A3EF40
5548EF50
09B4EF60
5541EF70
5541EF80
0CCE6F90
5541EFA0
5541EFB0
5541EFC0
5541EFD0
5541EFE0
12FAEFF0
130B7000
5549F010
151C7020
1624F030
5549F040
1835F050
193E7060
5549F070
1B48F080
1C517090
1D59F0A0
5549F0B0
5549F0C0
207370D0
5549F0E0
228470F0
238CF100
24957110
5549F120
5549F130
27A87140
28B0F150
29B97160
5549F170
5549F180
5549F190
5549F1A0
5549F1B0
2FEC71C0
30F4F1D0
5549F1E0
320DF1F0
33167200
34187210
3520F220
5549F230
3731F240
5549F250
3942F260
5549F270
5549F280
3C5C7290
5549F2A0
5549F2B0
3F75F2C0
5549F2D0
5549F2E0
4288F2F0
43917300
5549F310
5549F320
5549F330
47B37340
5549F350
49C47360
4ACCF370
4BD57380
5549F390
4DE673A0
5549F3B0
5549F3C0
5549F3D0
5549F3E0
5549F3F0
531AF400
5551F410
552BF420
5549F430
573CF440
5541F450
5550F460
5549F470
5549F480
5549F490
5549F4A0
5549F4B0
5F7A74C0
5549F4D0
5549F4E0
5549F4F0
5549F500
5549F510
5549F520
5549F530
5549F540
5549F550
69C8F560
6AD17570
6BD9F580
5551F590
5551F5A0
6EF375B0
5551F5C0
700C75D0
5551F5E0
5551F5F0
5551F600
5551F610
75307620
5551F630
77417640
7849F650
5551F660
7A5AF670
7B637680
5551F690
5551F6A0
7E7CF6B0
7F8576C0
5551F6D0
5551F6E0
5551F6F0
83A0F700
84A97710
5551F720
86BA7730
5551F740
88CB7750
89D3F760
5551F770
5551F780
8CED7790
8DF5F7A0
8EFE77B0
5551F7C0
9010F7D0
911977E0
9221F7F0
932A7800
9432F810
5551F820
9643F830
5551F840
5551F850
995D7860
9A65F870
5551F880
5551F890
9D78F8A0
9E8178B0
5551F8C0
5551F8D0
5549F8E0
A2A378F0
A3ABF900
5551F910
A5BCF920
5551F930
5551F940
5551F950
A9D87960
AAE0F970
5551F980
ACF1F990
ADFA79A0
5551F9B0
AF1379C0
5551F9D0
5551F9E0
5551F9F0
5551FA00
5551FA10
5551FA20
5551FA30
5551FA40
B8597A50
5551FA60
5551FA70
5551FA80
5551FA90
5559FAA0
5559FAB0
BF94FAC0
C09D7AD0
5559FAE0
5559FAF0
C3B07B00
C4B8FB10
5559FB20
C6C9FB30
5559FB40
5559FB50
C9E37B60
CAEBFB70
5559FB80
CCFCFB90
CD0D7BA0
CE15FBB0
CF1E7BC0
D0207BD0
D128FBE0
5559FBF0
5559FC00
D4427C10
D54AFC20
D6537C30
5559FC40
5559FC50
5559FC60
5559FC70
057DFC80
06867C90
07887CA0
5559FCB0
5559FCC0
0AA1FCD0
0BAA7CE0
5559FCF0
0DBB7D00
5559FD10
0FCC7D20
10D4FD30
11DD7D40
12E5FD50
5559FD60
14F07D70
5559FD80
5559FD90
1711FDA0
181A7DB0
5559FDC0
5559FDD0
5559FDE0
5559FDF0
5559FE00
5559FE10
1F55FE20
205E7E30
5559FE40
2268FE50
5559FE60
2479FE70
25827E80
268AFE90
27937EA0
5559FEB0
5559FEC0
2AACFED0
5559FEE0
5559FEF0
2DC67F00
5559FF10
2FD0FF20
5559FF30
5559FF40
32EA7F50
33F2FF60
5559FF70
350BFF80
5559FF90
371CFFA0
5559FFB0
5560FFC0
3A367FD0
3B387FE0
3C40FFF0
3D490000
3E518010
3F5A0020
40628030
416B0040
55598050
437C0060
44848070
458D0080
46958090
555980A0
48A000B0
555980C0
555980D0
555980E0
4CC200F0
55598100
55598110
4FDB8120
50E40130
55598140
52F50150
53FD8160
55598170
55100180
56188190
555981A0
582981B0
593201C0
556181D0
5B4301E0
556181F0
55588200
55618210
5F650220
55618230
55618240
55618250
63808260
64890270
65918280
55618290
67A282A0
556182B0
69B382C0
556182D0
6BC482E0
556182F0
55618300
6EDE0310
55618320
70E88330
55618340
72F98350
730A0360
74128370
55618380
76238390
556183A0
783483B0
793D03C0
7A4583D0
7B4E03E0
7C5003F0
7D588400
7E610410
7F698420
55618430
55618440
82830450
838B8460
84940470
859C8480
55618490
87AD84A0
88B604B0
89B804C0
556184D0
556184E0
8CD184F0
8DDA0500
8EE28510
8FEB0520
55618530
55618540
920C8550
55618560
941D8570
55618580
96280590
973085A0
556185B0
994185C0
556185D0
9B5285E0
556185F0
9D638600
9E6C0610
9F748620
55618630
A1858640
A28E0650
A3900660
A4988670
A5A10680
A6A98690
A7B206A0
556186B0
A9C306C0
AACB86D0
556186E0
ACDC86F0
ADE50700
AEED8710
AFF60720
B0F80730
55598740
B2110750
B3198760
B4220770
B52A8780
B6330790
B73B87A0
B84407B0
B94C87C0
BA5507D0
556187E0
556187F0
BD680800
55618810
BF790820
55618830
C18A0840
55618850
55618860
C4A38870
C5AC0880
55618890
C7BD08A0
C8C588B0
C9CE08C0
556988D0
CBD888E0
556988F0
55698900
CEF20910
CFFA8920
D00B0930
D1138940
D21C0950
D3248960
D42D0970
55698980
D63E0990
556189A0
024889B0
556989C0
045989D0
056209E0
556989F0
55618A00
087B8A10
55698A20
0A8C8A30
0B950A40
55698A50
55698A60
55698A70
0FB08A80
10B90A90
55698AA0
12CA0AB0
13D28AC0
14DB0AD0
15E38AE0
55698AF0
17F48B00
55698B10
55618B20
1A160B30
55698B40
55698B50
55698B60
55698B70
1F3A0B80
55698B90
55698BA0
55698BB0
235C0BC0
55698BD0
256D0BE0
26758BF0
277E0C00
55618C10
55698C20
55698C30
2B998C40
2CA20C50
55698C60
55698C70
2FBB8C80
55698C90
31CC8CA0
55618CB0
33DD8CC0
55698CD0
35E80CE0
55698CF0
37F90D00
55618D10
39120D20
55698D30
55698D40
55798D50
3D340D60
55698D70
55698D80
404D8D90
55698DA0
42580DB0
43608DC0
44690DD0
55618DE0
55698DF0
55698E00
55698E10
55698E20
4A9C0E30
55698E40
55698E50
55698E60
55698E70
55698E80
55698E90
51D10EA0
55698EB0
53E20EC0
54EA8ED0
55F30EE0
56FB8EF0
570C0F00
58148F10
591D0F20
5A258F30
55718F40
5C300F50
5D388F60
5E410F70
5F498F80
55718F90
615A8FA0
62630FB0
636B8FC0
64740FD0
657C8FE0
66850FF0
678D9000
68961010
55719020
6AA09030
6BA91040
6CB19050
55719060
6EC29070
6FCB1080
55719090
71DC10A0
72E490B0
73ED10C0
74F590D0
75FE10E0
557190F0
77109100
78191110
79219120
55699130
55719140
55719150
7D439160
7E4C1170
7F549180
805D1190
816591A0
826E11B0
837011C0
847891D0
858111E0
868991F0
55699200
889A9210
89A31220
8AAB9230
55719240
8CBC9250
557A9260
8ECD9270
8FD61280
55719290
557192A0
557192B0
93F192C0
556992D0
950A92E0
557192F0
971B9300
55719310
992C9320
55719330
9B3D9340
9C461350
55719360
9E509370
9F591380
A0619390
A16A13A0
A27293B0
557193C0
A48393D0
557193E0
A69493F0
A79D1400
A8A59410
A9AE1420
AAB01430
ABB89440
ACC11450
55719460
55719470
AFDA9480
B0E31490
B1EB94A0
557194B0
B3FC94C0
557194D0
B51594E0
B61E14F0
B7201500
B8289510
B9311520
BA399530
BB421540
BC4A9550
BD531560
BE5B9570
55799580
C06C9590
C17515A0
C27D95B0
557995C0
C48815D0
558195E0
557995F0
C7A19600
C8AA1610
55719620
CABB1630
CBC39640
CCCC1650
55799660
CEDD1670
CFE59680
D0EE1690
D1F016A0
D2F896B0
D30916C0
557996D0
557996E0
D62296F0
012B1700
02339710
55799720
04449730
55719740
06559750
075E1760
08601770
55799780
0A711790
557997A0
0C8217B0
557997C0
557997D0
0F9B97E0
10A417F0
11AC9800
12B51810
13BD9820
14C61830
55799840
16D09850
17D91860
18E19870
557A1880
55719890
1BFB18A0
1C0B98B0
557998C0
557998D0
557998E0
202D98F0
21361900
22381910
23409920
24491930
25519940
265A1950
27629960
286B1970
29739980
2A7C1990
2B8499A0
2C8D19B0
557999C0
2E9E19D0
2FA019E0
30A899F0
31B11A00
55819A10
33C21A20
34CA9A30
35D31A40
55819A50
37E41A60
55819A70
39F51A80
3AFD9A90
55819AA0
3C101AB0
3D189AC0
3E211AD0
3F299AE0
40321AF0
413A9B00
42431B10
434B9B20
55799B30
455C9B40
46651B50
55819B60
48761B70
49781B80
55819B90
4B891BA0
4C919BB0
4D9A1BC0
55819BD0
4FAB1BE0
50B39BF0
55819C00
52C49C10
55819C20
54D59C30
55DE1C40
56E01C50
57E89C60
58F11C70
59F99C80
55819C90
5B129CA0
55819CB0
5D239CC0
5E2C1CD0
5F349CE0
603D1CF0
61459D00
55819D10
55819D20
64589D30
65611D40
66699D50
67721D60
687A9D70
69831D80
6A8B9D90
6B941DA0
6C9C9DB0
6DA51DC0
6EAD9DD0
55899DE0
70B81DF0
55899E00
55899E10
73D19E20
74DA1E30
75E29E40
76EB1E50
77F39E60
78FC1E70
790C9E80
55819E90
7B1D9EA0
7C261EB0
7D281EC0
7E309ED0
55899EE0
55899EF0
814A1F00
82529F10
835B1F20
84639F30
856C1F40
86749F50
877D1F60
88859F70
898E1F80
8A901F90
8B989FA0
8CA11FB0
8DA99FC0
8EB21FD0
8FBA9FE0
90C31FF0
91CBA000
92D42010
93DCA020
94E52030
95EDA040
96F62050
97F82060
9808A070
99112080
9A19A090
9B2220A0
9C2AA0B0
5591A0C0
9E3BA0D0
9F4420E0
A04CA0F0
A1552100
5591A110
A3662120
A4682130
5591A140
A6792150
A781A160
A88A2170
A992A180
AA9B2190
5599A1A0
5599A1B0
ADB4A1C0
AEBD21D0
AFC5A1E0
B0CE21F0
B1D02200
B2D8A210
B3E12220
5599A230
B5F22240
B6FAA250
B70B2260
B813A270
B91C2280
BA24A290
BB2D22A0
BC35A2B0
BD3E22C0
BE4022D0
BF48A2E0
C05122F0
C159A300
55A1A310
C36AA320
C4732330
C57BA340
55A1A350
C78CA360
C8952370
C99DA380
55A1A390
CBA823A0
CCB0A3B0
55A1A3C0
CEC1A3D0
CFCA23E0
D0D2A3F0
D1DB2400
D2E3A410
D3EC2420
D4F4A430
D5FD2440
D60DA450
01162460
02182470
0320A480
04292490
0531A4A0
063A24B0
55A1A4C0
084B24D0
0953A4E0
55A9A4F0
0B64A500
0C6D2510
0D75A520
0E7E2530
0F802540
1088A550
11912560
1299A570
13A22580
14AAA590
15B325A0
16BBA5B0
17C425C0
18CCA5D0
55C1A5E0
1ADDA5F0
1BE62600
1CE82610
1DF0A620
1EF92630
1F09A640
20122650
211AA660
22232670
232BA680
24342690
253CA6A0
562026B0
274DA6C0
5628A6D0
295826E0
5631A6F0
5632A700
2C71A710
2D7A2720
2E82A730
2F8B2740
3A38A750
5639A760
32A4A770
5638A780
34B5A790
35BE27A0
36C027B0
5639A7C0
38D127D0
5638A7E0
5639A7F0
5639A800
3CF32810
3DFBA820
3E0C2830
3F14A840
5640A850
5641A860
422E2870
43302880
5641A890
5641A8A0
4649A8B0
5641A8C0
485AA8D0
5640A8E0
4A6BA8F0
4B742900
4C7CA910
5641A920
4E8DA930
5641A940
5641A950
5641A960
52A92970
5641A980
5640A990
55C2A9A0
56CB29B0
5641A9C0
5641A9D0
59E4A9E0
5649A9F0
5BF5AA00
5CFE2A10
5D082A20
5649AA30
5F192A40
6021AA50
612A2A60
6232AA70
633B2A80
6443AA90
654C2AA0
5649AAB0
5641AAC0
5648AAD0
5649AAE0
5649AAF0
6B78AB00
5648AB10
6D89AB20
5649AB30
6F9AAB40
70A32B50
71ABAB60
5649AB70
5649AB80
5648AB90
75CDABA0
5649ABB0
5649ABC0
5649ABD0
79E92BE0
7AF1ABF0
5649AC00
5649AC10
5649AC20
5649AC30
7F242C40
802CAC50
81352C60
823DAC70
5650AC80
84482C90
5651ACA0
86592CB0
8761ACC0
886A2CD0
8972ACE0
8A7B2CF0
8B83AD00
8C8C2D10
8D94AD20
8E9D2D30
5651AD40
90AE2D50
91B02D60
92B8AD70
5651AD80
5651AD90
95D22DA0
5651ADB0
5651ADC0
5650ADD0
99F42DE0
5651ADF0
9B0D2E00
9C15AE10
9D1E2E20
9E202E30
5651AE40
A0312E50
5651AE60
5651AE70
5651AE80
5651AE90
A55BAEA0
5650AEB0
5651AEC0
5650AED0
A97DAEE0
5659AEF0
AB882F00
AC90AF10
AD992F20
AEA1AF30
AFAA2F40
B0B2AF50
5651AF60
5659AF70
B3CC2F80
5658AF90
B5DD2FA0
5651AFB0
B7EE2FC0
5659AFD0
B9F8AFE0
BA092FF0
BB11B000
BC1A3010
BD22B020
BE2B3030
BF33B040
C03C3050
5659B060
C24D3070
C355B080
5658B090
5659B0A0
C668B0B0
5659B0C0
C879B0D0
C98230E0
CA8AB0F0
5659B100
CC9BB110
CDA43120
5659B130
CFB53140
5659B150
5659B160
5659B170
5658B180
5661B190
5660B1A0
D6EA31B0
5661B1C0
02FB31D0
030BB1E0
041431F0
051CB200
06253210
072DB220
08363230
09383240
0A40B250
5660B260
0C51B270
0D5A3280
0E62B290
0F6B32A0
1073B2B0
117C32C0
1284B2D0
138D32E0
5661B2F0
5661B300
5660B310
17A8B320
18B13330
19B9B340
1AC23350
5660B360
1CD33370
1DDBB380
1EE43390
1FECB3A0
20F533B0
21FDB3C0
220E33D0
231033E0
2418B3F0
25213400
2629B410
27323420
283AB430
29433440
5669B450
2B543460
2C5CB470
2D653480
2E6DB490
5669B4A0
307834B0
5669B4C0
328934D0
5668B4E0
349A34F0
35A2B500
36AB3510
37B3B520
5669B530
39C4B540
3ACD3550
3BD5B560
3CDE3570
3DE03580
3EE8B590
3FF135A0
40F9B5B0
5669B5C0
4212B5D0
5668B5E0
4423B5F0
452C3600
4634B610
473D3620
4845B630
5669B640
4A503650
5668B660
5668B670
5669B680
4E723690
4F7AB6A0
508336B0
518BB6C0
529436D0
5660B6E0
54A536F0
55ADB700
56B63710
5668B720
5669B730
59C93740
5AD1B750
5BDA3760
5CE2B770
5669B780
5EF3B790
5669B7A0
600CB7B0
611537C0
5671B7D0
632637E0
642837F0
6530B800
66393810
6741B820
684A3830
5671B840
6A5B3850
6B63B860
6C6C3870
6D74B880
6E7D3890
5670B8A0
708E38B0
719038C0
7298B8D0
73A138E0
5670B8F0
75B23900
76BAB910
77C33920
78CBB930
5671B940
7ADCB950
7BE53960
7CEDB970
5671B980
5670B990
7F08B9A0
5679B9B0
5679B9C0
822239D0
832AB9E0
5678B9F0
5679BA00
86443A10
874CBA20
88553A30
895DBA40
5671BA50
8B683A60
8C70BA70
5678BA80
8E81BA90
8F8A3AA0
9092BAB0
5670BAC0
92A3BAD0
93AC3AE0
94B4BAF0
95BD3B00
96C5BB10
97CE3B20
98D03B30
99D8BB40
5679BB50
9BE9BB60
9CF23B70
9DFABB80
5680BB90
9F13BBA0
5681BBB0
A124BBC0
A22D3BD0
A335BBE0
A43E3BF0
A5403C00
A648BC10
A7513C20
5681BC30
A9623C40
AA6ABC50
AB733C60
AC7BBC70
AD843C80
AE8CBC90
5680BCA0
5681BCB0
B1A63CC0
B2A83CD0
5681BCE0
5681BCF0
B5C1BD00
B6CA3D10
B7D2BD20
B8DB3D30
5681BD40
56813D50
BBF4BD60
BCFD3D70
BD0DBD80
BE163D90
5680BDA0
C020BDB0
C1293DC0
C231BDD0
C33A3DE0
C442BDF0
5681BE00
C653BE10
C75C3E20
C864BE30
C96D3E40
5689BE50
CB7E3E60
5681BE70
CD88BE80
CE913E90
CF99BEA0
D0A23EB0
D1AABEC0
D2B33ED0
5688BEE0
D4C43EF0
D5CCBF00
D6D53F10
01DDBF20
02E63F30
03E83F40
04F0BF50
05F93F60
0609BF70
07123F80
5690BF90
09233FA0
0A2BBFB0
0B343FC0
0C3CBFD0
0D453FE0
0E4DBFF0
0F564000
10584010
1160C020
12694030
1371C040
147A4050
5699C060
5690C070
1793C080
189C4090
19A4C0A0
1AAD40B0
1BB5C0C0
1CBE40D0
1DC040E0
1EC8C0F0
1FD14100
20D9C110
21E24120
22EAC130
56A1C140
24FBC150
250C4160
2614C170
271D4180
2825C190
292E41A0
2A3041B0
2B38C1C0
56A9C1D0
2D49C1E0
2E5241F0
2F5AC200
30634210
316BC220
32744230
337CC240
34854250
358DC260
36964270
56F0C280
38A0C290
572042A0
3AB1C2B0
574442C0
3CC2C2D0
3DCB42E0
3ED3C2F0
57494300
5750C310
41ED4320
42F5C330
43FE4340
57894350
58204360
5830C370
5840C380
5850C390
4932C3A0
5920C3B0
4B43C3C0
595E43D0
4D54C3E0
5A2343F0
4F65C400
5A49C410
51704420
5278C430
53814440
5489C450
55924460
5B204470
5B41C480
58ABC490
59B444A0
5ABCC4B0
5B61C4C0
5B61C4D0
5DD644E0
5ED844F0
5FE0C500
60E94510
5B69C520
62FA4530
630AC540
64134550
5B79C560
66244570
672CC580
5C204590
5C60C5A0
5D2045B0
6B4845C0
5D31C5D0
6D5945E0
5D30C5F0
6F6A4600
5D39C610
5D38C620
7283C630
738C4640
7494C650
5D41C660
5D41C670
77AE4680
5D41C690
79B8C6A0
7AC146B0
7BC9C6C0
7CD246D0
5D48C6E0
5D49C6F0
7FEBC700
80F44710
5D49C720
820D4730
8315C740
25494750
85204760
8628C770
87314780
5D51C790
5D51C7A0
8A4AC7B0
8B5347C0
8C5BC7D0
5D59C7E0
5D59C7F0
5D62C800
5D58C810
91864820
92884830
5D61C840
94994850
95A1C860
96AA4870
97B2C880
98BB4890
5D61C8A0
5D61C8B0
9BD4C8C0
5D61C8D0
9DE5C8E0
5D69C8F0
9FF04900
A0F8C910
5D71C920
A211C930
A31A4940
A422C950
A52B4960
A633C970
A73C4980
A844C990
A94D49A0
AA55C9B0
AB5E49C0
AC6049D0
AD68C9E0
5D80C9F0
AF79CA00
B0824A10
B18ACA20
B2934A30
B39BCA40
B4A44A50
B5ACCA60
B6B54A70
B7BDCA80
B8C64A90
B9C84AA0
BAD0CAB0
5E204AC0
BCE1CAD0
BDEA4AE0
5E29CAF0
5E29CB00
C00BCB10
C1144B20
C21CCB30
5E31CB40
C42DCB50
5E39CB60
5E31CB70
5E31CB80
5E39CB90
C951CBA0
CA5A4BB0
CB62CBC0
CC6B4BD0
CD73CBE0
CE7C4BF0
CF84CC00
5E39CC10
5E39CC20
5E39CC30
5E39CC40
D4A8CC50
D5B14C60
D6B9CC70
5E39CC80
5E41CC90
03D34CA0
04DBCCB0
05E44CC0
5E41CCD0
5E41CCE0
08FDCCF0
5E41CD00
0A104D10
5E41CD20
0C214D30
0D29CD40
0E324D50
0F3ACD60
5E41CD70
114BCD80
5E41CD90
135CCDA0
14654DB0
156DCDC0
5E41CDD0
5E41CDE0
1880CDF0
5E49CE00
5E49CE10
1B9A4E20
1CA2CE30
1DAB4E40
1EB3CE50
1FBC4E60
20C4CE70
5E49CE80
5E49CE90
23DE4EA0
24E04EB0
5E49CEC0
5E49CED0
5E49CEE0
5E49CEF0
5E49CF00
5E4A4F10
5E49CF20
5E51CF30
5E51CF40
2E3D4F50
2F45CF60
5E51CF70
5E51CF80
3258CF90
5E51CFA0
5E51CFB0
5E51CFC0
367ACFD0
37834FE0
388BCFF0
39945000
5E51D010
3BA55020
5E51D030
5E59D040
3EB85050
3FC0D060
5E59D070
41D1D080
42DA5090
5E59D0A0
44EB50B0
45F3D0C0
46FC50D0
5E59D0E0
481550F0
491DD100
4A265110
4B285120
4C30D130
4D395140
5E59D150
5E59D160
5E59D170
515B5180
5263D190
536C51A0
5E59D1B0
5E59D1C0
5E59D1D0
5E59D1E0
589051F0
5998D200
5E59D210
5E61D220
5CB25230
5DBAD240
5E61D250
5FCBD260
60D45270
61DCD280
5E61D290
5E59D2A0
5E59D2B0
5E61D2C0
6608D2D0
5E69D2E0
5E61D2F0
69225300
5E61D310
6B335320
6C3BD330
5E61D340
6E4CD350
6F555360
5E69D370
71665380
5E61D390
5E69D3A0
747953B0
7581D3C0
768A53D0
5E61D3E0
5E69D3F0
79A3D400
7AAC5410
7BB4D420
7CBD5430
7DC5D440
7ECE5450
7FD05460
80D8D470
81E15480
82E9D490
83F254A0
84FAD4B0
850B54C0
5E71D4D0
871C54E0
8824D4F0
5E71D500
8A35D510
5E70D520
8C405530
8D48D540
8E515550
8F59D560
5E79D570
916AD580
92735590
937BD5A0
948455B0
958CD5C0
969555D0
979DD5E0
98A655F0
5E79D600
9AB0D610
9BB95620
9CC1D630
9DCA5640
9ED2D650
9FDB5660
A0E3D670
A1EC5680
A2F4D690
A3FD56A0
A40DD6B0
5E81D6C0
5E81D6D0
A720D6E0
5E89D6F0
A931D700
AA3A5710
AB42D720
AC4B5730
AD53D740
AE5C5750
AF64D760
B06D5770
B175D780
B27E5790
B38057A0
B488D7B0
B59157C0
B699D7D0
5EA1D7E0
B8AAD7F0
B9B35800
BABBD810
BBC45820
5EB9D830
6028D840
BEDDD850
BFE65860
6058D870
C1F0D880
5F285890
C309D8A0
5F2058B0
C51AD8C0
C62358D0
5F31D8E0
C83458F0
C93CD900
5F31D910
5F39D920
5F39D930
CD585940
5F39D950
5F39D960
D071D970
5F39D980
5F39D990
5F39D9A0
5F39D9B0
D59C59C0
D6A4D9D0
5F41D9E0
5F41D9F0
03BE5A00
5F41DA10
5F41DA20
06D15A30
5F41DA40
08E25A50
09EADA60
0AF35A70
0BFBDA80
5F41DA90
0D14DAA0
5F41DAB0
0F25DAC0
102E5AD0
5F41DAE0
5F41DAF0
5F41DB00
5F41DB10
5F49DB20
5F49DB30
17635B40
186BDB50
5F49DB60
5F49DB70
1B855B80
5F49DB90
5F50DBA0
5F49DBB0
1FA0DBC0
20A95BD0
21B1DBE0
5F49DBF0
5F49DC00
24CB5C10
5F49DC20
26DC5C30
27E4DC40
28ED5C50
29F5DC60
5F49DC70
5F49DC80
5F49DC90
5F49DCA0
5F49DCB0
5F49DCC0
5F49DCD0
313B5CE0
5F49DCF0
5F49DD00
5F49DD10
355D5D20
3665DD30
376E5D40
38705D50
3978DD60
3A815D70
3B89DD80
5F51DD90
3D9ADDA0
3EA35DB0
3FABDDC0
40B45DD0
5F51DDE0
42C55DF0
5F51DE00
44D65E10
45D85E20
5F51DE30
47E95E40
5F51DE50
49FA5E60
5F51DE70
4B135E80
5F51DE90
5F51DEA0
4E2CDEB0
4F355EC0
5F525ED0
51465EE0
52485EF0
5F51DF00
54595F10
5F51DF20
566A5F30
5772DF40
5F59DF50
5983DF60
5F61DF70
5F59DF80
5C9D5F90
5F59DFA0
5EAE5FB0
5FB05FC0
60B8DFD0
61C15FE0
62C9DFF0
5F59E000
64DAE010
65E36020
5F59E030
5F59E040
5F59E050
5F59E060
6A15E070
5F59E080
5F59E090
5F51E0A0
6E3160B0
6F39E0C0
704260D0
5F59E0E0
5F59E0F0
5F59E100
74646110
756CE120
76756130
5F61E140
78866150
79886160
7A90E170
7B996180
7CA1E190
5F61E1A0
5F61E1B0
7FBB61C0
80C3E1D0
81CC61E0
5F61E1F0
83DD6200
5F61E210
5F61E220
86F06230
87F8E240
5F61E250
5F61E260
8A1A6270
5F61E280
8C2B6290
5F61E2A0
8E3C62B0
5F61E2C0
5F61E2D0
5F61E2E0
925E62F0
5F61E300
9468E310
5F61E320
5F61E330
5F60E340
5F60E350
5F60E360
9A9BE370
9BA46380
9CACE390
9DB563A0
9EBDE3B0
5F61E3C0
A0C863D0
A1D0E3E0
A2D963F0
5F69E400
5F69E410
5F69E420
A6FB6430
5F69E440
A8146450
5F69E460
AA256470
AB2DE480
AC366490
AD3864A0
AE40E4B0
AF4964C0
B051E4D0
B15A64E0
B262E4F0
B36B6500
B473E510
B57C6520
B684E530
5F69E540
5F69E550
5F69E560
5F69E570
BBA8E580
5F69E590
5F69E5A0
5F61E5B0
5F69E5C0
5F69E5D0
5F69E5E0
5F68E5F0
C3ECE600
C4F56610
C5FDE620
C60E6630
C7106640
C818E650
C9216660
CA29E670
CB326680
CC3AE690
CD4366A0
CE4BE6B0
CF5466C0
5F71E6D0
D16566E0
D26DE6F0
5F69E700
5F71E710
D580E720
5F69E730
0191E740
029A6750
5F71E760
5F71E770
05B3E780
06BC6790
07C4E7A0
08CD67B0
09D5E7C0
0ADE67D0
5F79E7E0
0CE8E7F0
5F79E800
5F79E810
0F0A6820
5F71E830
111B6840
1223E850
5F79E860
5F79E870
5F71E880
1645E890
174E68A0
5F79E8B0
1958E8C0
1A6168D0
5F79E8E0
1C7268F0
5F89E900
1E836910
5F81E920
20946930
219CE940
22A56950
23ADE960
24B66970
25B86980
26C0E990
27C969A0
28D1E9B0
5F79E9C0
2AE2E9D0
5F81E9E0
5F81E9F0
5F81EA00
2E0CEA10
2F156A20
301DEA30
31266A40
32286A50
3330EA60
5F90EA70
5F89EA80
5F89EA90
3752EAA0
385B6AB0
5F89EAC0
3A6C6AD0
5F89EAE0
3C7D6AF0
3D85EB00
5F89EB10
5F81EB20
4098EB30
41A16B40
42A9EB50
43B26B60
44BAEB70
45C36B80
46CBEB90
5FA0EBA0
48DCEBB0
49E56BC0
4AEDEBD0
4BF66BE0
4CF86BF0
4D08EC00
4E116C10
4F19EC20
50226C30
512AEC40
52336C50
533BEC60
54446C70
554CEC80
56556C90
575DECA0
58666CB0
59686CC0
5A70ECD0
5B796CE0
5C81ECF0
5D8A6D00
5E92ED10
5FA1ED20
60A3ED30
61AC6D40
62B4ED50
5FA9ED60
64C5ED70
65CE6D80
66D06D90
67D8EDA0
68E16DB0
61286DC0
6AF26DD0
61546DE0
6C0B6DF0
6159EE00
6E1C6E10
6181EE20
619A6E30
61B1EE40
723E6E50
62206E60
7448EE70
75516E80
7659EE90
77626EA0
786AEEB0
79736EC0
7A7BEED0
6240EEE0
6241EEF0
7D956F00
7E9DEF10
7FA66F20
80A86F30
6249EF40
82B96F50
6251EF60
6250EF70
85D2EF80
86DB6F90
87E3EFA0
6259EFB0
89F4EFC0
8AFD6FD0
8B0DEFE0
6261EFF0
8D187000
8E20F010
8F297020
9031F030
6269F040
9242F050
934B7060
9453F070
955C7080
9664F090
976D70A0
9875F0B0
997E70C0
6270F0D0
9B88F0E0
6280F0F0
9D99F100
6281F110
9FAAF120
6288F130
A1BBF140
A2C47150
A3CCF160
A4D57170
63287180
A6E67190
6348F1A0
A8F0F1B0
6359F1C0
AA09F1D0
AB1271E0
642871F0
AD237200
AE2BF210
AF347220
B03CF230
B1457240
6461F250
64647260
B4587270
65287280
65287290
6530F2A0
653872B0
6538F2C0
6548F2D0
BB93F2E0
6560F2F0
66287300
66287310
66287320
66287330
C1C07340
49287350
C3D17360
6638F370
663B7380
C6EAF390
6639F3A0
6640F3B0
C90C73C0
CA14F3D0
6640F3E0
CC25F3F0
6640F400
CE307410
CF38F420
D0417430
D149F440
4841F450
D35AF460
D4637470
6649F480
D6747490
017CF4A0
6649F4B0
6648F4C0
049674D0
6649F4E0
664974F0
07A97500
08B1F510
09BA7520
0AC2F530
6651F540
0CD3F550
6651F560
0EE4F570
0FED7580
6650F590
665175A0
6651F5B0
6650F5C0
141975D0
1521F5E0
162A75F0
1732F600
183B7610
1943F620
1A4C7630
1B54F640
6659F650
6659F660
1E6E7670
1F707680
2078F690
6660F6A0
2289F6B0
6660F6C0
249AF6D0
25A376E0
26ABF6F0
27B47700
28BCF710
6660F720
2ACDF730
6661F740
2CD87750
2DE0F760
2EE97770
6669F780
6669F790
310AF7A0
321377B0
331BF7C0
342477D0
352CF7E0
667B77F0
373DF800
38467810
39487820
6689F830
3B597840
3C61F850
6699F860
3E72F870
3F7B7880
4083F890
418C78A0
4294F8B0
439D78C0
6750F8D0
45AE78E0
6761F8F0
67717900
6771F910
49C9F920
4AD27930
683AF940
4CE37950
683AF960
683AF970
4FFCF980
6842F990
6842F9A0
521E79B0
532079C0
6842F9D0
553179E0
6842F9F0
6842FA00
6842FA10
59537A20
684AFA30
684AFA40
684AFA50
5D757A60
5E7DFA70
5F867A80
60887A90
6190FAA0
684AFAB0
684AFAC0
684AFAD0
684AFAE0
684AFAF0
6852FB00
6852FB10
6852FB20
6852FB30
6852FB40
685AFB50
6DF07B60
6EF8FB70
6852FB80
6852FB90
711A7BA0
7222FBB0
6852FBC0
6852FBD0
6852FBE0
7644FBF0
774D7C00
7855FC10
6852FC20
6852FC30
6852FC40
6852FC50
7D79FC60
6852FC70
6852FC80
6852FC90
685AFCA0
82A47CB0
83ACFCC0
685AFCD0
85BDFCE0
86C67CF0
87C87D00
88D0FD10
685AFD20
8AE1FD30
685AFD40
685AFD50
8DFB7D60
8E0BFD70
6862FD80
901CFD90
91257DA0
6862FDB0
93367DC0
94387DD0
6862FDE0
96497DF0
9751FE00
985A7E10
6862FE20
6862FE30
6862FE40
9C7C7E50
6862FE60
6862FE70
6862FE80
A09E7E90
6862FEA0
6862FEB0
A3B17EC0
A4B9FED0
A5C27EE0
A6CAFEF0
686AFF00
686AFF10
A9E47F20
AAECFF30
686AFF40
ACFDFF50
AD0E7F60
AE107F70
AF18FF80
686AFF90
B129FFA0
B2327FB0
686AFFC0
B4437FD0
B54BFFE0
686AFFF0
686A8000
686A8010
B96D8020
686A8030
BB780040
686A8050
BD890060
BE918070
BF9A0080
C0A28090
687280A0
C2B380B0
687280C0
C4C480D0
C5CD00E0
C6D580F0
686A8100
C8E00110
C9E88120
CAF10130
CBF98140
68728150
CD128160
68728170
68728180
68728190
D13481A0
687A81B0
D34581C0
D44E01D0
D55001E0
687281F0
687A8200
02698210
687A8220
047A8230
687A8240
68728250
68728260
089C8270
09A50280
68728290
687A82A0
687A82B0
0DC082C0
688282D0
0FD182E0
10DA02F0
68828300
12EB0310
13F38320
68828330
68828340
68828350
171D8360
18260370
68828380
1A308390
1B3903A0
1C4183B0
687A83C0
1E5283D0
688283E0
688283F0
68828400
22748410
237D0420
68828430
258E0440
26900450
27988460
28A10470
29A98480
2AB20490
2BBA84A0
2CC304B0
688A84C0
688A84D0
2FDC84E0
30E504F0
31ED8500
32F60510
33F80520
34088530
68928540
36198550
68928560
382A8570
39330580
3A3B8590
3B4405A0
3C4C85B0
689285C0
3E5D85D0
689285E0
406805F0
41708600
42790610
43818620
689A8630
45928640
469B0650
47A38660
48AC0670
49B48680
4ABD0690
4BC586A0
68AA86B0
4DD006C0
4ED886D0
4FE106E0
68BA86F0
51F20700
52FA8710
530B0720
54138730
551C0740
56248750
572D0760
58358770
69488780
5A400790
5B4887A0
696087B0
5D5987C0
6A2807D0
6A3007E0
6A3187F0
617B8800
62840810
6A388820
64950830
6A418840
66A60850
6A488860
6A488870
6A498880
6AC18890
6BCA08A0
6A5088B0
6DDB08C0
6EE388D0
6A5988E0
70F488F0
71FD0900
6A598910
73160920
6A618930
75208940
6A618950
6A618960
783A0970
79428980
6A688990
7B5389A0
6A7889B0
7D6489C0
7E6D09D0
6A7989E0
807E09F0
81800A00
82888A10
83910A20
84998A30
6A898A40
86AA8A50
6A918A60
88BB8A70
89C40A80
8ACC8A90
8BD50AA0
8CDD8AB0
8DE60AC0
8EE80AD0
6B2A8AE0
90F90AF0
91098B00
6B518B10
6B598B20
94230B30
6B618B40
96340B50
973C8B60
98450B70
994D8B80
9A560B90
9B580BA0
9C608BB0
9D690BC0
9E718BD0
9F7A0BE0
6C280BF0
A18B0C00
A2938C10
6C408C20
A4A48C30
A5AD0C40
6C488C50
6C488C60
A8C00C70
6C488C80
AAD10C90
6C508CA0
ACE20CB0
ADEA8CC0
6C508CD0
6C508CE0
6C508CF0
6C508D00
6C508D10
6C588D20
B42E0D30
6C588D40
B6388D50
6C588D60
6C588D70
6C588D80
BA5A8D90
BB630DA0
6C588DB0
BD740DC0
BE7C8DD0
BF850DE0
6C688DF0
C1960E00
C2980E10
C3A08E20
C4A90E30
C5B18E40
6C808E50
C7C28E60
C8CB0E70
C9D38E80
CADC0E90
CBE48EA0
CCED0EB0
CDF58EC0
CEFE0ED0
6D280EE0
6D398EF0
D1190F00
6D418F10
6D408F20
D4328F30
6D408F40
D6438F50
014C0F60
02548F70
6D498F80
6D498F90
056E0FA0
06700FB0
6D498FC0
08810FD0
6D4A8FE0
0A920FF0
0B9A9000
6D489010
0DAB9020
0EB41030
6D499040
10C51050
11CD9060
6D499070
6D499080
6D4A9090
15E910A0
6D4890B0
17FA10C0
6D4990D0
191310E0
1A1B90F0
1B241100
1C2C9110
1D351120
1E3D9130
1F461140
20481150
21509160
22591170
23619180
6D519190
6D5091A0
267B11B0
278391C0
288C11D0
299491E0
6D5091F0
6D519200
2CAE1210
6D509220
2EB89230
2FC11240
30C99250
6D599260
32DA9270
6D499280
6D519290
35F412A0
36FC92B0
6D5192C0
6D5992D0
391E12E0
6D5992F0
3B289300
3C311310
3D399320
3E421330
3F4A9340
6D599350
6D599360
6D589370
6D599380
44751390
6D5993A0
468613B0
6D5993C0
489093D0
499913E0
4AA193F0
6D5A9400
6D599410
4DBB1420
6D619430
6D619440
50D49450
51DD1460
6D619470
53EE1480
54F01490
55F894A0
560914B0
571194C0
581A14D0
592294E0
5A2B14F0
6D619500
6D619510
5D449520
5E4D1530
5F559540
605E1550
61601560
62689570
63711580
64799590
6D6995A0
6D6995B0
679315C0
689B95D0
69A415E0
6AAC95F0
6BB51600
6D699610
6D699620
6D689630
6FD09640
6D699650
6D699660
72EA1670
6D699680
74FB1690
750B96A0
6D6996B0
6D6996C0
782516D0
792D96E0
7A3616F0
7B381700
7C409710
7D491720
7E519730
7F5A1740
80629750
816B1760
82739770
837C1780
6D699790
858D17A0
869597B0
879E17C0
6D7197D0
6D7097E0
6D7117F0
6D709800
8CC21810
8DCA9820
8ED31830
6D699840
6D719850
91EC9860
92F51870
93FD9880
940E1890
951018A0
6D7998B0
6D7998C0
6D7198D0
6D7998E0
9A3A98F0
9B431900
6D799910
6D799920
9E5C9930
9F651940
A06D9950
A1761960
A2781970
A3809980
A4891990
A59199A0
A69A19B0
A7A299C0
A8AB19D0
A9B399E0
6D8199F0
6D819A00
ACCD1A10
6D791A20
AEDE1A30
AFE01A40
6D809A50
B1F11A60
6D899A70
B30A1A80
6D899A90
6D899AA0
B6239AB0
6D899AC0
6D899AD0
B93D1AE0
BA459AF0
6D819B00
BC501B10
BD589B20
6D899B30
BF699B40
6D899B50
C17A9B60
C2831B70
C38B9B80
C4941B90
C59C9BA0
6D919BB0
C7AD9BC0
6D909BD0
C9B81BE0
6D909BF0
CBC91C00
CCD19C10
CDDA1C20
CEE29C30
CFEB1C40
D0F39C50
D1FC1C60
D20C9C70
D3151C80
D41D9C90
D5261CA0
D6281CB0
01309CC0
6DA09CD0
03419CE0
044A1CF0
05529D00
065B1D10
07639D20
086C1D30
09749D40
0A7D1D50
0B859D60
6DC09D70
0D901D80
0E989D90
0FA11DA0
6E281DB0
6E499DC0
12BA9DD0
6E609DE0
14CB9DF0
15D41E00
16DC9E10
6F281E20
6F389E30
19F61E40
6F419E50
1B089E60
6F499E70
1D199E80
6F499E90
1F2A9EA0
6F599EB0
6F619EC0
6F619ED0
6F699EE0
24551EF0
6F899F00
26661F10
27681F20
70281F30
29791F40
2A819F50
70399F60
2C929F70
70419F80
2EA39F90
2FAC1FA0
70419FB0
31BD1FC0
32C59FD0
70419FE0
70419FF0
7041A000
7041A010
7049A020
38F22030
7049A040
3A0B2050
7049A060
3C1C2070
3D24A080
7048A090
3F35A0A0
403E20B0
7049A0C0
7049A0D0
435120E0
4459A0F0
45622100
7049A110
7049A120
487BA130
7049A140
4A8CA150
7049A160
7049A170
7049A180
4EA82190
7049A1A0
50B921B0
7049A1C0
7051A1D0
53D2A1E0
7051A1F0
55E3A200
56EC2210
57F4A220
7051A230
590DA240
7051A250
5B182260
7051A270
5D292280
5E31A290
5F3A22A0
6042A2B0
7051A2C0
7049A2D0
7050A2E0
6464A2F0
7051A300
6675A310
677E2320
68802330
7051A340
6A912350
6B99A360
7051A370
7051A380
7051A390
7051A3A0
D450A3B0
7051A3C0
72D523D0
7051A3E0
74E623F0
7051A400
76F0A410
77F92420
7809A430
79122440
7059A450
7B232460
7059A470
7D342480
7E3CA490
7F4524A0
804DA4B0
7059A4C0
825824D0
7059A4E0
846924F0
7059A500
867A2510
7059A520
888B2530
7059A540
7059A550
7059A560
7059A570
8DB5A580
7059A590
8FC025A0
90C8A5B0
91D125C0
7061A5D0
93E225E0
94EAA5F0
95F32600
96FBA610
970C2620
9814A630
991D2640
9A25A650
9B2E2660
9C302670
9D38A680
9E412690
7061A6A0
7061A6B0
7061A6C0
7059A6D0
7061A6E0
A47426F0
A57CA700
A6852710
A78DA720
A8962730
A9982740
AAA0A750
ABA92760
ACB1A770
ADBA2780
AEC2A790
AFCB27A0
B0D3A7B0
7069A7C0
B2E4A7D0
B3ED27E0
7069A7F0
B5FE2800
B6082810
B710A820
7069A830
B921A840
BA2A2850
BB32A860
7069A870
7069A880
7069A890
BF54A8A0
C05D28B0
7069A8C0
7069A8D0
7069A8E0
7069A8F0
C5812900
7069A910
C7922920
7069A930
C9A32940
CAABA950
CBB42960
7069A970
7069A980
CECDA990
7069A9A0
7069A9B0
7069A9C0
D2E929D0
D3F1A9E0
7071A9F0
D50AAA00
7071AA10
011BAA20
7071AA30
032CAA40
7071AA50
053DAA60
7070AA70
07482A80
0850AA90
09592AA0
0A61AAB0
0B6A2AC0
0C72AAD0
0D7B2AE0
0E83AAF0
7069AB00
7071AB10
7071AB20
7071AB30
7071AB40
14B02B50
15B8AB60
16C12B70
17C9AB80
7071AB90
19DAABA0
1AE32BB0
1BEBABC0
1CF42BD0
7079ABE0
1E0D2BF0
1F15AC00
7071AC10
21202C20
2228AC30
23312C40
7079AC50
25422C60
264AAC70
27532C80
7079AC90
7078ACA0
7071ACB0
2B752CC0
2C7DACD0
2D862CE0
2E882CF0
7078AD00
30992D10
31A1AD20
32AA2D30
7079AD40
7079AD50
35C3AD60
36CC2D70
37D4AD80
7079AD90
39E5ADA0
3AEE2DB0
3BF02DC0
3CF8ADD0
3D092DE0
3E11ADF0
3F1A2E00
4022AE10
412B2E20
4233AE30
433C2E40
4444AE50
454D2E60
4655AE70
7082AE80
48602E90
4968AEA0
4A712EB0
7080AEC0
4C822ED0
4D8AAEE0
4E932EF0
4F9BAF00
50A42F10
7081AF20
52B52F30
7089AF40
54C62F50
55C82F60
7089AF70
57D92F80
58E1AF90
59EA2FA0
5AF2AFB0
5BFB2FC0
5C0BAFD0
5D142FE0
5E1CAFF0
5F253000
7089B010
61363020
62383030
6340B040
7089B050
6551B060
665A3070
6762B080
686B3090
6973B0A0
6A7C30B0
7091B0C0
6C8D30D0
6D95B0E0
6E9E30F0
6FA03100
70A8B110
71B13120
7091B130
73C23140
74CAB150
75D33160
76DBB170
77E43180
78ECB190
79F531A0
7AFDB1B0
7B0E31C0
7C1031D0
7091B1E0
7E2131F0
7F29B200
80323210
813AB220
82433230
834BB240
84543250
855CB260
86653270
876DB280
88763290
897832A0
8A80B2B0
8B8932C0
8C91B2D0
8D9A32E0
8EA2B2F0
8FAB3300
90B3B310
91BC3320
92C4B330
70A9B340
94D5B350
95DE3360
96E03370
97E8B380
98F13390
7128B3A0
9A0A33B0
7129B3C0
9C1B33D0
7139B3E0
9E2C33F0
7139B400
7131B410
A145B420
A24E3430
A3503440
A458B450
7141B460
7141B470
7141B480
7141B490
7141B4A0
7141B4B0
AB9434C0
AC9CB4D0
7141B4E0
AEADB4F0
AFB63500
B0B83510
B1C0B520
7149B530
B3D1B540
7149B550
7149B560
7149B570
B7F3B580
B8FC3590
7149B5A0
7149B5B0
7149B5C0
7149B5D0
7149B5E0
7150B5F0
7149B600
C041B610
7149B620
C252B630
C35B3640
7151B650
C56C3660
7151B670
7158B680
C885B690
C98E36A0
CA9036B0
CB98B6C0
7158B6D0
CDA9B6E0
7151B6F0
CFBAB700
D0C33710
7159B720
D2D43730
D3DCB740
D4E53750
D5EDB760
7159B770
7159B780
0208B790
7161B7A0
0419B7B0
7161B7C0
062AB7D0
073337E0
083BB7F0
7168B800
7168B810
0B553820
0C5DB830
7161B840
7161B850
0F70B860
10793870
1181B880
128A3890
7169B8A0
149B38B0
15A3B8C0
16AC38D0
17B4B8E0
7169B8F0
19C5B900
1ACE3910
1BD03920
1CD8B930
1DE13940
1EE9B950
1FF23960
20FAB970
210B3980
2213B990
7171B9A0
7171B9B0
252D39C0
2635B9D0
273E39E0
284039F0
2948BA00
2A513A10
2B59BA20
2C623A30
2D6ABA40
2E733A50
2F7BBA60
7181BA70
318CBA80
32953A90
339DBAA0
34A63AB0
35A83AC0
36B0BAD0
37B93AE0
38C1BAF0
39CA3B00
3AD2BB10
3BDB3B20
71A9BB30
3DEC3B40
3EF4BB50
3FFD3B60
400DBB70
41163B80
72483B90
7248BBA0
7250BBB0
4531BBC0
7260BBD0
73283BE0
484B3BF0
7338BC00
7339BC10
4B64BC20
7338BC30
4D75BC40
4E7E3C50
7341BC60
5088BC70
51913C80
73403C90
53A23CA0
7349BCB0
55B33CC0
7349BCD0
57C43CE0
58CCBCF0
59D53D00
7349BD10
7349BD20
5CE83D30
5DF0BD40
7349BD50
5F09BD60
60123D70
7351BD80
62233D90
632BBDA0
64343DB0
653CBDC0
66453DD0
674DBDE0
7351BDF0
69583E00
6A60BE10
6B693E20
7351BE30
7351BE40
6E82BE50
7350BE60
7351BE70
719C3E80
7351BE90
73AD3EA0
7351BEB0
75BE3EC0
7349BED0
77C8BEE0
7351BEF0
7351BF00
7AE23F10
7BEABF20
7CF33F30
7DFBBF40
7E0C3F50
7F14BF60
801D3F70
7359BF80
822E3F90
83303FA0
7359BFB0
85413FC0
7359BFD0
7359BFE0
885ABFF0
7361C000
8A6BC010
7361C020
7361C030
8D854040
8E8DC050
7359C060
90984070
91A0C080
92A94090
93B1C0A0
7361C0B0
95C2C0C0
7361C0D0
7361C0E0
98DC40F0
99E4C100
9AED4110
9BF5C120
9CFE4130
7369C140
9E10C150
9F194160
7369C170
A12A4180
7369C190
7369C1A0
A443C1B0
A54C41C0
A654C1D0
7369C1E0
A865C1F0
7369C200
AA704210
AB78C220
C369C230
AD89C240
AE924250
AF9AC260
B0A34270
B1ABC280
B2B44290
B3BCC2A0
B4C542B0
B5CDC2C0
B6D642D0
B7D842E0
B8E0C2F0
B9E94300
BAF1C310
BBFA4320
7371C330
BD134340
BE1BC350
BF244360
7379C370
C1354380
7379C390
C34643A0
7379C3B0
7379C3C0
7379C3D0
C761C3E0
7379C3F0
C972C400
CA7B4410
CB83C420
CC8C4430
7381C440
CE9D4450
7381C460
D0AE4470
D1B04480
D2B8C490
D3C144A0
D4C9C4B0
D5D244C0
D6DAC4D0
01E344E0
02EBC4F0
03F44500
7381C510
050D4520
0615C530
071E4540
08204550
0928C560
7389C570
0B39C580
7389C590
0D4AC5A0
0E5345B0
7389C5C0
106445D0
116CC5E0
7389C5F0
137DC600
14864610
15884620
1690C630
17994640
18A1C650
19AA4660
1AB2C670
1BBB4680
1CC3C690
1DCC46A0
1ED4C6B0
1FDD46C0
20E5C6D0
21EE46E0
22F046F0
73B1C700
24094710
2511C720
261A4730
7428C740
282B4750
7438C760
7438C770
7440C780
7440C790
7440C7A0
2E5E47B0
2F6047C0
3068C7D0
317147E0
7448C7F0
7448C800
7448C810
35934820
7448C830
7450C840
7450C850
39B54860
3ABDC870
7450C880
3CC84890
7450C8A0
3ED948B0
3FE1C8C0
7450C8D0
7450C8E0
42FB48F0
430BC900
7458C910
7458C920
46254930
472DC940
7458C950
7460C960
7460C970
7460C980
4C51C990
4D5A49A0
4E62C9B0
7460C9C0
7460C9D0
517C49E0
7468C9F0
7468CA00
5495CA10
559E4A20
7468CA30
57A8CA40
7468CA50
7468CA60
5AC24A70
7470CA80
5CD34A90
5DDBCAA0
5EE44AB0
7470CAC0
7470CAD0
61FDCAE0
620E4AF0
63104B00
6418CB10
65214B20
7478CB30
67324B40
683ACB50
69434B60
6A4BCB70
7480CB80
6C5CCB90
6D654BA0
6E6DCBB0
6F764BC0
70784BD0
7180CBE0
7480CBF0
7391CC00
749A4C10
75A2CC20
76AB4C30
77B3CC40
78BC4C50
79C4CC60
7ACD4C70
7BD5CC80
7CDE4C90
7DE04CA0
75284CB0
7FF14CC0
80F9CCD0
810A4CE0
8212CCF0
831B4D00
7549CD10
852C4D20
8634CD30
873D4D40
8845CD50
7548CD60
8A504D70
7551CD80
7551CD90
8D69CDA0
8E724DB0
8F7ACDC0
90834DD0
7550CDE0
7558CDF0
7558CE00
94A54E10
95ADCE20
7561CE30
97B84E40
7560CE50
7561CE60
9AD1CE70
9BDA4E80
9CE2CE90
9DEB4EA0
9EF3CEB0
9FFC4EC0
7571CED0
A1154EE0
7571CEF0
A3264F00
A4284F10
A530CF20
A6394F30
A741CF40
A84A4F50
A952CF60
AA5B4F70
AB63CF80
7631CF90
7640CFA0
AE7D4FB0
AF85CFC0
7648CFD0
B1904FE0
7648CFF0
B3A15000
B4A9D010
B5B25020
7648D030
7650D040
B8CBD050
7650D060
BADCD070
7648D080
BCEDD090
7650D0A0
7650D0B0
BF08D0C0
C01150D0
C119D0E0
7650D0F0
C32AD100
7650D110
C53BD120
C6445130
7650D140
7650D150
C95DD160
CA665170
CB685180
7658D190
CD7951A0
7658D1B0
CF8A51C0
D092D1D0
7658D1E0
D2A3D1F0
7658D200
D4B4D210
D5BD5220
D6C5D230
7658D240
7658D250
7658D260
04E15270
7658D280
06F25290
7658D2A0
7650D2B0
7658D2C0
0A1C52D0
7658D2E0
0C2D52F0
0D35D300
7658D310
0F405320
7658D330
11515340
1259D350
13625360
146AD370
7658D380
167BD390
7658D3A0
188CD3B0
7658D3C0
1A9DD3D0
7658D3E0
1CA853F0
7660D400
1EB95410
1FC1D420
20CA5430
21D2D440
7660D450
23E3D460
7658D470
25F4D480
7660D490
270DD4A0
7660D4B0
7660D4C0
2A20D4D0
2B2954E0
7660D4F0
7660D500
7660D510
7660D520
3053D530
7660D540
3264D550
7660D560
3475D570
7660D580
36805590
7660D5A0
7660D5B0
7660D5C0
7660D5D0
3BAAD5E0
3CB355F0
7668D600
3EC45610
7668D620
40D55630
41DDD640
42E65650
7668D660
44F0D670
45F95680
4609D690
471256A0
481AD6B0
492356C0
4A2BD6D0
7668D6E0
4C3CD6F0
4D455700
7668D710
7668D720
50585730
5160D740
7660D750
5371D760
7668D770
5582D780
7668D790
5793D7A0
7668D7B0
7668D7C0
5AAD57D0
7668D7E0
5CBE57F0
7668D800
5EC8D810
5FD15820
60D9D830
61E25840
7670D850
63F35860
64FBD870
650C5880
6614D890
671D58A0
6825D8B0
692E58C0
7670D8D0
6B38D8E0
6C4158F0
7670D900
6E525910
6F5AD920
7670D930
7670D940
7670D950
7670D960
7670D970
758DD980
76965990
779859A0
78A0D9B0
7670D9C0
7AB1D9D0
7BBA59E0
7CC2D9F0
7DCB5A00
7670DA10
7670DA20
80E4DA30
81ED5A40
82F5DA50
7670DA60
7670DA70
7670DA80
7670DA90
7670DAA0
7670DAB0
7670DAC0
7678DAD0
8B43DAE0
8C4C5AF0
8D54DB00
7678DB10
8F65DB20
906E5B30
7678DB40
9278DB50
93815B60
9489DB70
7670DB80
969ADB90
97A35BA0
98ABDBB0
99B45BC0
9ABCDBD0
9BC55BE0
9CCDDBF0
9DD65C00
7678DC10
9FE0DC20
A0E95C30
A1F1DC40
A2FA5C50
7678DC60
7678DC70
A51BDC80
A6245C90
A72CDCA0
A8355CB0
7678DCC0
AA465CD0
AB485CE0
AC50DCF0
AD595D00
7678DD10
AF6A5D20
7678DD30
B17B5D40
B283DD50
B38C5D60
B494DD70
B59D5D80
7680DD90
7680DDA0
B8B05DB0
B9B8DDC0
7680DDD0
BBC9DDE0
BCD25DF0
BDDADE00
1C80DE10
BFEBDE20
C0F45E30
C1FCDE40
7680DE50
7680DE60
C41E5E70
C5205E80
C628DE90
7680DEA0
C839DEB0
C9425EC0
CA4ADED0
7680DEE0
7680DEF0
CD645F00
7680DF10
CF755F20
D07DDF30
D1865F40
D2885F50
D390DF60
7680DF70
D5A1DF80
D6AA5F90
01B2DFA0
02BB5FB0
7688DFC0
04CC5FD0
76895FE0
06DD5FF0
07E5E000
08EE6010
09F06020
7688E030
0B096040
0C11E050
0D1A6060
7688E070
0F2B6080
7680E090
113C60A0
768960B0
7688E0C0
1455E0D0
155E60E0
7688E0F0
1768E100
18716110
1979E120
1A826130
1B8AE140
7688E150
7688E160
1EA46170
1FACE180
20B56190
21BDE1A0
22C661B0
23C861C0
24D0E1D0
25D961E0
7690E1F0
27EA6200
28F2E210
29FB6220
2A0BE230
2B146240
2C1CE250
2D256260
7688E270
2F366280
30386290
7690E2A0
324962B0
3351E2C0
345A62D0
3562E2E0
366B62F0
3773E300
387C6310
3984E320
3A8D6330
3B95E340
3C9E6350
3DA06360
3EA8E370
7698E380
40B9E390
41C263A0
42CAE3B0
43D363C0
44DBE3D0
45E463E0
7698E3F0
7698E400
7698E410
490E6420
4A106430
4B18E440
4C216450
4D29E460
4E326470
4F3AE480
50436490
514BE4A0
525464B0
535CE4C0
76A0E4D0
556DE4E0
567664F0
57786500
5880E510
59896520
5A91E530
5B9A6540
5CA2E550
5DAB6560
5EB3E570
5FBC6580
60C4E590
61CD65A0
62D5E5B0
63DE65C0
64E065D0
65E8E5E0
66F165F0
67F9E600
680A6610
6912E620
6A1B6630
6B23E640
76B8E650
6D34E660
6E3D6670
6F45E680
704E6690
715066A0
7258E6B0
736166C0
7469E6D0
757266E0
767AE6F0
77836700
788BE710
79946720
77306730
7740E740
7CADE750
7DB66760
7EB86770
7FC0E780
80C96790
81D1E7A0
2548E7B0
7749E7C0
7749E7D0
85F3E7E0
86FC67F0
870CE800
88156810
891DE820
8A266830
8B286840
8C30E850
8D396860
8E41E870
8F4A6880
7751E890
915B68A0
9263E8B0
936C68C0
9474E8D0
957D68E0
9685E8F0
978E6900
7751E910
7759E920
9AA16930
9BA9E940
7759E950
9DBAE960
7759E970
7759E980
A0D46990
A1DCE9A0
A2E569B0
7758E9C0
7759E9D0
7761E9E0
7760E9F0
A7116A00
A819EA10
7760EA20
AA2AEA30
7760EA40
77626A50
AD446A60
AE4CEA70
AF556A80
B05DEA90
7760EAA0
B2686AB0
B370EAC0
B4796AD0
7769EAE0
B68A6AF0
B792EB00
7768EB10
7768EB20
7769EB30
BBB4EB40
BCBD6B50
BDC5EB60
BECE6B70
BFD06B80
7771EB90
C1E16BA0
C2E9EBB0
7771EBC0
7771EBD0
7771EBE0
7771EBF0
C71C6C00
7771EC10
C92D6C20
CA35EC30
CB3E6C40
7779EC50
CD48EC60
7779EC70
7779EC80
D0626C90
7779ECA0
D2736CB0
7779ECC0
7779ECD0
D58CECE0
D6956CF0
019DED00
02A66D10
7781ED20
04B0ED30
05B96D40
7781ED50
7781ED60
7781ED70
09DB6D80
7781ED90
0BEC6DA0
0CF4EDB0
778AEDC0
0E0DEDD0
0F166DE0
7789EDF0
7789EE00
12296E10
1331EE20
143A6E30
1542EE40
164B6E50
1753EE60
185C6E70
7791EE80
1A6D6E90
1B75EEA0
1C7E6EB0
1D806EC0
1E88EED0
1F916EE0
77A1EEF0
21A26F00
22AAEF10
23B36F20
24BBEF30
25C46F40
26CCEF50
27D56F60
28DDEF70
29E66F80
2AE86F90
2BF0EFA0
7838EFB0
2D09EFC0
2E126FD0
2F1AEFE0
30236FF0
312BF000
32347010
333CF020
34457030
354DF040
36567050
37587060
3860F070
39697080
3A71F090
7850F0A0
3C82F0B0
3D8B70C0
3E93F0D0
3F9C70E0
40A4F0F0
41AD7100
42B5F110
43BE7120
44C07130
45C8F140
46D17150
47D9F160
48E27170
49EAF180
4AF37190
4BFBF1A0
4C0C71B0
4D14F1C0
4E1D71D0
4F25F1E0
502E71F0
7850F200
5238F210
7850F220
5449F230
55527240
565AF250
57637260
7850F270
59747280
5A7CF290
5B8572A0
7860F2B0
5D9672C0
5E9872D0
5FA0F2E0
7858F2F0
61B1F300
62BA7310
63C2F320
64CB7330
65D3F340
66DC7350
67E4F360
68ED7370
69F5F380
6AFE7390
6B0873A0
6C10F3B0
6D1973C0
6E21F3D0
6F2A73E0
7032F3F0
713B7400
7243F410
734C7420
7454F430
755D7440
7665F450
776E7460
78707470
7978F480
7A817490
7B89F4A0
7C9274B0
7D9AF4C0
7EA374D0
7FABF4E0
80B474F0
81BCF500
82C57510
83CDF520
84D67530
85D87540
86E0F550
87E97560
88F1F570
89FA7580
8A0AF590
8B1375A0
8C1BF5B0
7860F5C0
8E2CF5D0
8F3575E0
903DF5F0
91467600
92487610
9350F620
94597630
9561F640
966A7650
9772F660
987B7670
9983F680
9A8C7690
9B94F6A0
9C9D76B0
9DA5F6C0
9EAE76D0
7860F6E0
A0B8F6F0
A1C17700
A2C9F710
A3D27720
A4DAF730
A5E37740
A6EBF750
A7F47760
7860F770
A90D7780
AA15F790
AB1E77A0
AC2077B0
AD28F7C0
AE3177D0
AF39F7E0
B04277F0
B14AF800
B2537810
B35BF820
B4647830
B56CF840
B6757850
B77DF860
B8867870
B9887880
BA90F890
BB9978A0
BCA1F8B0
BDAA78C0
BEB2F8D0
BFBB78E0
C0C3F8F0
C1CC7900
C2D4F910
C3DD7920
C4E5F930
C5EE7940
C6F07950
C7F8F960
C8097970
C911F980
CA1A7990
CB22F9A0
CC2B79B0
CD33F9C0
CE3C79D0
CF44F9E0
D04D79F0
D155FA00
D25E7A10
D3607A20
D468FA30
D5717A40
D679FA50
7870FA60
028AFA70
03937A80
049BFA90
05A47AA0
06ACFAB0
07B57AC0
08BDFAD0
7870FAE0
0AC87AF0
0BD0FB00
0CD97B10
0DE1FB20
0EEA7B30
0FF2FB40
10FB7B50
110BFB60
12147B70
131CFB80
14257B90
152DFBA0
16367BB0
17387BC0
1840FBD0
19497BE0
1A51FBF0
1B5A7C00
1C62FC10
1D6B7C20
1E73FC30
1F7C7C40
2084FC50
218D7C60
2295FC70
239E7C80
24A07C90
25A8FCA0
26B17CB0
27B9FCC0
28C27CD0
29CAFCE0
2AD37CF0
2BDBFD00
2CE47D10
2DECFD20
2EF57D30
2FFDFD40
300E7D50
31107D60
3218FD70
33217D80
3429FD90
35327DA0
363AFDB0
37437DC0
384BFDD0
39547DE0
3A5CFDF0
3B657E00
3C6DFE10
3D767E20
3E787E30
3F80FE40
40897E50
4191FE60
429A7E70
43A2FE80
44AB7E90
45B3FEA0
46BC7EB0
47C4FEC0
48CD7ED0
49D5FEE0
4ADE7EF0
4BE07F00
4CE8FF10
4DF17F20
4EF9FF30
4F0A7F40
5012FF50
511B7F60
5223FF70
532C7F80
5434FF90
553D7FA0
5645FFB0
574E7FC0
58507FD0
5958FFE0
5A617FF0
5B698000
5C720010
5D7A8020
5E830030
5F8B8040
60940050
619C8060
62A50070
63AD8080
64B60090
65B800A0
66C080B0
67C900C0
68D180D0
69DA00E0
6AE280F0
6BEB0100
6CF38110
6DFC0120
6E0C8130
6F150140
701D8150
71260160
72280170
73308180
74390190
754181A0
764A01B0
775281C0
785B01D0
796381E0
7A6C01F0
7B748200
7C7D0210
78818220
7E8E0230
7F900240
80988250
81A10260
82A98270
83B20280
84BA8290
85C302A0
86CB82B0
87D402C0
88DC82D0
89E502E0
8AED82F0
8BF60300
8CF80310
8D088320
8E110330
8F198340
90220350
912A8360
92330370
933B8380
94440390
954C83A0
788A83B0
975D83C0
986603D0
996803E0
9A7083F0
9B790400
78888410
9D8A0420
9E928430
9F9B0440
A0A38450
A1AC0460
78898470
A3BD0480
A4C58490
A5CE04A0
A6D004B0
A7D884C0
A8E104D0
A9E984E0
AAF204F0
ABFA8500
AC0B0510
AD138520
AE1C0530
AF248540
B02D0550
B1358560
B23E0570
B3400580
B4488590
B55105A0
B65985B0
B76205C0
B86A85D0
B97305E0
BA7B85F0
BB840600
BC8C8610
BD950620
BE9D8630
BFA60640
C0A80650
C1B08660
C2B90670
C3C18680
C4CA0690
C5D286A0
C6DB06B0
C7E386C0
C8EC06D0
C9F486E0
CAFD06F0
CB0D8700
CC160710
CD180720
CE208730
CF290740
D0318750
D13A0760
D2428770
D34B0780
D4538790
D55C07A0
D66487B0
016D07C0
027587D0
037E07E0
048007F0
05888800
06910810
78A08820
08A20830
09AA8840
0AB30850
0BBB8860
0CC40870
0DCC8880
0ED50890
0FDD88A0
10E608B0
11E808C0
12F088D0
13F908E0
140988F0
15120900
161A8910
17230920
182B8930
19340940
1A3C8950
1B450960
1C4D8970
1D560980
1E580990
1F6089A0
78C889B0
217189C0
227A09D0
238289E0
248B09F0
78298A00
78318A10
78318A20
78318A30
78318A40
78318A50
78318A60
78318A70
78318A80
78318A90
78318AA0
78318AB0
78398AC0
78398AD0
78398AE0
78398AF0
78398B00
78398B10
78398B20
78398B30
78398B40
78398B50
78398B60
78398B70
78398B80
78398B90
78398BA0
40740BB0
417C8BC0
78398BD0
78398BE0
78418BF0
78418C00
78418C10
78418C20
78418C30
78418C40
78418C50
78418C60
78418C70
78418C80
78418C90
78418CA0
78418CB0
78418CC0
78418CD0
78418CE0
78418CF0
78418D00
78498D10
78498D20
78498D30
78498D40
78498D50
5B548D60
78498D70
78498D80
78498D90
78498DA0
78498DB0
78498DC0
78498DD0
78498DE0
78498DF0
78518E00
78518E10
78518E20
78518E30
78518E40
78518E50
78518E60
78518E70
78518E80
78598E90
78598EA0
78598EB0
710A8EC0
78598ED0
78598EE0
78598EF0
78598F00
78598F10
78598F20
78598F30
78598F40
78598F50
78598F60
78598F70
78598F80
78598F90
78598FA0
78598FB0
78598FC0
78598FD0
78598FE0
78598FF0
78599000
78599010
78619020
78619030
78619040
78619050
78619060
78619070
78619080
78619090
786190A0
900D10B0
786190C0
921E10D0
786190E0
942890F0
95311100
78619110
78619120
78619130
78619140
78619150
78619160
78619170
78619180
78699190
786991A0
786991B0
786991C0
786991D0
A3A191E0
786991F0
78699200
78699210
78699220
78699230
78699240
78719250
78719260
78719270
78719280
78719290
787192A0
787192B0
787992C0
787992D0
787992E0
787992F0
78819300
78819310
78819320
78819330
78819340
78999350
79309360
BC711370
79499380
BE821390
795193A0
C09313B0
C19B93C0
C2A413D0
C3AC93E0
C4B513F0
C5BD9400
C6C61410
79709420
C8D09430
79889440
79899450
CBEA1460
CCF29470
CDFB1480
CE0B9490
CF1414A0
D01C94B0
D12514C0
D22D94D0
D33614E0
D43814F0
79B99500
7A349510
01519520
025A1530
7A449540
7A389550
05739560
7A409570
7A489580
088D1590
7A4895A0
0A9E15B0
0BA015C0
0CA895D0
0DB115E0
7A5095F0
0FC21600
7A509610
7A509620
12DB9630
13E41640
14EC9650
15F51660
16FD9670
7A689680
7A689690
7A6896A0
1A2116B0
1B2996C0
1C3216D0
7A6896E0
1E4316F0
1F4B9700
7A709710
7A689720
22651730
7A709740
24761750
25781760
26809770
27891780
7A809790
299A17A0
2AA297B0
2BAB17C0
2CB397D0
7A8897E0
2EC497F0
2FCD1800
7A889810
31DE1820
32E01830
33E89840
34F11850
35F99860
360A1870
37129880
381B1890
7B3018A0
3A2C18B0
7B3818C0
3C3D18D0
7B4898E0
3E4E18F0
3F501900
0C489910
41611920
42699930
7B509940
7B589950
45831960
468B9970
47941980
489C9990
7B5999A0
4AAD99B0
4BB619C0
7B5999D0
7B5299E0
7B5999F0
4FD19A00
7B609A10
51E29A20
52EB1A30
7B699A40
54FC1A50
550C9A60
7B699A70
571D9A80
58261A90
59281AA0
5A309AB0
5B391AC0
5C419AD0
5D4A1AE0
7B799AF0
7B799B00
60639B10
7B809B20
62749B30
637D1B40
64859B50
658E1B60
66901B70
7B989B80
7B989B90
69A99BA0
6AB21BB0
7BAA9BC0
7C319BD0
6DCB9BE0
7C489BF0
7C519C00
7C509C10
7C519C20
72F61C30
73F81C40
7C541C50
75111C60
76199C70
77221C80
782A9C90
7C599CA0
7A3B9CB0
7C589CC0
7C4C9CD0
7C599CE0
7E5D9CF0
7F661D00
80681D10
81709D20
82791D30
7C619D40
7C609D50
85929D60
869B1D70
7C641D80
7C619D90
89B49DA0
8ABD1DB0
8BC59DC0
8CCE1DD0
8DD01DE0
7C709DF0
7C709E00
7C709E10
91F21E20
92FA9E30
930B1E40
7C709E50
7C789E60
96249E70
972D1E80
7C799E90
993E1EA0
9A401EB0
9B489EC0
9C511ED0
7C819EE0
7C809EF0
7C819F00
7C819F10
A17B9F20
7C889F30
A38C9F40
A4951F50
A59D9F60
A6A61F70
A7A81F80
A8B09F90
A9B91FA0
7C919FB0
7C889FC0
ACD29FD0
7C999FE0
AEE39FF0
7CA1A000
7D32A010
B1FD2020
7D32A030
7D50A040
7D42A050
7D50A060
7D4AA070
B731A080
B83A2090
B942A0A0
7D60A0B0
7E3020C0
7E48A0D0
BD64A0E0
BE6D20F0
7E49A100
7E48A110
7F362120
C288A130
7F49A140
7F51A150
7F51A160
7F51A170
7F51A180
7F51A190
C9C421A0
CACCA1B0
7F59A1C0
CCDDA1D0
CDE621E0
CEE821F0
7F61A200
D0F92210
7F69A220
D2122230
7F71A240
7F71A250
7F79A260
7F79A270
7F81A280
7F81A290
7F81A2A0
045622B0
055822C0
0660A2D0
076922E0
0871A2F0
7FA9A300
7FB1A310
0B8B2320
80302330
0D9C2340
8041A350
8041A360
8048A370
8050A380
12C02390
13C8A3A0
8051A3B0
15D9A3C0
8051A3D0
17EAA3E0
8051A3F0
19FBA400
1A0C2410
8050A420
8059A430
1D25A440
1E2E2450
8059A460
2038A470
21412480
2249A490
8059A4A0
8058A4B0
8059A4C0
8059A4D0
277424E0
287CA4F0
29852500
2A8DA510
8061A520
2C982530
8061A540
2EA92550
2FB1A560
30BA2570
8069A580
32CB2590
8070A5A0
34DC25B0
35E4A5C0
36ED25D0
37F5A5E0
38FE25F0
39082600
3A10A610
3B192620
3C21A630
3D2A2640
3E32A650
3F3B2660
4043A670
414C2680
8079A690
8079A6A0
4465A6B0
456E26C0
467026D0
4778A6E0
488126F0
4989A700
8080A710
4B9AA720
4CA32730
4DABA740
4EB42750
4FBCA760
50C52770
51CDA780
52D62790
53D827A0
54E0A7B0
55E927C0
56F1A7D0
57FA27E0
813627F0
59132800
5A1BA810
5B242820
5C2CA830
8169A840
5E3DA850
8169A860
8170A870
6150A880
82302890
6361A8A0
8231A8B0
8231A8C0
667B28D0
6783A8E0
688C28F0
6994A900
6A9D2910
6BA5A920
8238A930
6DB02940
6EB8A950
8238A960
70C9A970
8239A980
72DAA990
8239A9A0
8239A9B0
75F429C0
8239A9D0
770D29E0
8239A9F0
8239AA00
8241AA10
8241AA20
7C312A30
8241AA40
8241AA50
7F4AAA60
80532A70
815BAA80
8242AA90
8241AAA0
8241AAB0
857DAAC0
8241AAD0
8241AAE0
8240AAF0
89992B00
8241AB10
8240AB20
8CB2AB30
8240AB40
8EC3AB50
8FCC2B60
8241AB70
91DD2B80
92E5AB90
8241ABA0
94F02BB0
8241ABC0
8241ABD0
8240ABE0
8241ABF0
8241AC00
8241AC10
8249AC20
8248AC30
8248AC40
9E4D2C50
8249AC60
A05E2C70
A1602C80
A268AC90
A3712CA0
A479ACB0
8248ACC0
8249ACD0
8249ACE0
A89BACF0
A9A42D00
AAACAD10
ABB52D20
ACBDAD30
ADC62D40
AEC82D50
8249AD60
8249AD70
B1E1AD80
8249AD90
8249ADA0
8249ADB0
8249ADC0
8249ADD0
8249ADE0
B8252DF0
8249AE00
8249AE10
BB382E20
BC40AE30
824A2E40
8248AE50
BF5A2E60
4A49AE70
8249AE80
8249AE90
8249AEA0
8249AEB0
8258AEC0
8251AED0
C79E2EE0
8251AEF0
8251AF00
8251AF10
8251AF20
8251AF30
8251AF40
CED32F50
8251AF60
D0E42F70
8251AF80
D2F52F90
8251AFA0
D40E2FB0
8251AFC0
8251AFD0
01212FE0
0229AFF0
03323000
043AB010
8251B020
064BB030
07543040
085CB050
8251B060
0A6DB070
0B763080
8249B090
8250B0A0
0E8930B0
0F91B0C0
8251B0D0
8251B0E0
8251B0F0
8251B100
8251B110
8251B120
8251B130
8260B140
18DE3150
8259B160
1AE8B170
8259B180
1CF9B190
8259B1A0
1E12B1B0
1F1B31C0
2023B1D0
8259B1E0
4A59B1F0
233D3200
2445B210
254E3220
26503230
2758B240
28613250
2969B260
2A723270
2B7AB280
8251B290
2D8BB2A0
2E9432B0
8259B2C0
30A532D0
31ADB2E0
8259B2F0
33B83300
8259B310
8259B320
36D1B330
37DA3340
38E2B350
8259B360
3AF3B370
8259B380
3C0CB390
3D1533A0
3E1DB3B0
3F2633C0
402833D0
8261B3E0
423933F0
4341B400
444A3410
4552B420
465B3430
4763B440
486C3450
8261B460
4A7D3470
8261B480
4C8E3490
8261B4A0
8261B4B0
8261B4C0
50A9B4D0
51B234E0
52BAB4F0
8272B500
8261B510
4A61B520
8261B530
8261B540
8261B550
59F63560
5AF83570
4A61B580
8261B590
8261B5A0
5E2235B0
5F2AB5C0
603335D0
613BB5E0
624435F0
8269B600
64553610
655DB620
66663630
67683640
8269B650
69793660
8269B670
6B8A3680
8269B690
6D9B36A0
6EA3B6B0
6FAC36C0
8269B6D0
8269B6E0
72C5B6F0
8269B700
8261B710
75D8B720
76E13730
8261B740
78F23750
79FAB760
7A0B3770
7B13B780
8269B790
8269B7A0
8269B7B0
8269B7C0
8269B7D0
8269B7E0
8269B7F0
8271B800
8459B810
8270B820
866AB830
87733840
887BB850
89843860
8A8CB870
8271B880
8C9DB890
8271B8A0
8EA838B0
8FB0B8C0
90B938D0
91C1B8E0
8270B8F0
93D2B900
8271B910
95E3B920
96EC3930
97F4B940
98FD3950
990DB960
9A163970
8279B980
9C20B990
9D2939A0
8279B9B0
8271B9C0
8279B9D0
A14B39E0
A253B9F0
A35C3A00
A464BA10
A56D3A20
A675BA30
A77E3A40
A8803A50
8281BA60
AA913A70
8281BA80
ACA23A90
ADAABAA0
AEB33AB0
AFBBBAC0
B0C43AD0
B1CCBAE0
B2D53AF0
B3DDBB00
B4E63B10
B5E83B20
8281BB30
B7F93B40
B809BB50
B9123B60
BA1ABB70
BB233B80
BC2BBB90
828ABBA0
8289BBB0
BF453BC0
C04DBBD0
C1563BE0
C2583BF0
8288BC00
C4693C10
8288BC20
8289BC30
C782BC40
C88B3C50
8289BC60
CA9C3C70
CBA4BC80
CCAD3C90
8289BCA0
CEBE3CB0
8289BCC0
D0C8BCD0
D1D13CE0
D2D9BCF0
D3E23D00
D4EABD10
D5F33D20
D6FBBD30
010C3D40
0214BD50
031D3D60
0425BD70
052E3D80
06303D90
0738BDA0
08413DB0
82A1BDC0
0A523DD0
0B5ABDE0
0C633DF0
0D6BBE00
0E743E10
0F7CBE20
83303E30
118DBE40
12963E50
13983E60
8374BE70
15A93E80
16B1BE90
84303EA0
18C2BEB0
8450BEC0
8450BED0
1BDC3EE0
1CE4BEF0
1DED3F00
1EF5BF10
1FFE3F20
8530BF30
8551BF40
22193F50
2321BF60
242A3F70
2532BF80
263B3F90
2743BFA0
8581BFB0
86303FC0
2A5D3FD0
86463FE0
2C6E3FF0
8650C000
8648C010
8658C020
3089C030
8660C040
8668C050
9F754060
34ABC070
35B44080
36BCC090
37C540A0
38CDC0B0
8730C0C0
8740C0D0
3BE0C0E0
3CE940F0
8751C100
3EFA4110
8761C120
40134130
8771C140
42244150
432CC160
44354170
453DC180
46464190
474841A0
8831C1B0
8860C1C0
4A61C1D0
8870C1E0
893041F0
4D7B4200
4E83C210
8949C220
8949C230
519D4240
8951C250
53AE4260
54B04270
55B8C280
56C14290
8951C2A0
8951C2B0
8951C2C0
8951C2D0
5BEBC2E0
8951C2F0
8951C300
8951C310
8959C320
8959C330
8959C340
8959C350
8959C360
8959C370
8959C380
8959C390
675343A0
8959C3B0
696443C0
6A6CC3D0
8961C3E0
6C7DC3F0
6D864400
6E884410
6F90C420
70994430
8969C440
8969C450
73B2C460
8961C470
75C3C480
8969C490
77D4C4A0
8971C4B0
79E5C4C0
7AEE44D0
8979C4E0
8979C4F0
7D094500
7E11C510
7F1A4520
8022C530
812B4540
8233C550
833C4560
8444C570
8979C580
8655C590
8989C5A0
886045B0
8968C5C0
8A7145D0
8B79C5E0
8991C5F0
8D8AC600
8E934610
8F9BC620
90A44630
91ACC640
92B54650
93BDC660
94C64670
8999C680
96D0C690
97D946A0
98E1C6B0
99EA46C0
9AF2C6D0
8A32C6E0
8A38C6F0
1D41C700
9E1CC710
8B30C720
8B51C730
8B59C740
A2384750
A340C760
A4494770
A551C780
A65A4790
8C20C7A0
A86B47B0
A973C7C0
8C28C7D0
8C28C7E0
8C28C7F0
AD95C800
AE9E4810
8C28C820
B0A8C830
8C30C840
B2B9C850
B3C24860
B4CAC870
B5D34880
B6DBC890
8C30C8A0
8C30C8B0
B9F548C0
8C30C8D0
8C30C8E0
8C30C8F0
BD18C900
8C30C910
8C30C920
C0324930
C13AC940
C2434950
C34BC960
8C30C970
8C38C980
8C38C990
C76DC9A0
C87649B0
8C38C9C0
8C30C9D0
CB8949E0
8C38C9F0
8C38CA00
8C38CA10
CFAB4A20
8C38CA30
8C38CA40
8C38CA50
8C38CA60
D4D5CA70
8C30CA80
8C38CA90
8C38CAA0
8C38CAB0
8C38CAC0
8C38CAD0
8C38CAE0
8C38CAF0
8C38CB00
8C38CB10
0934CB20
8C38CB30
8C38CB40
0C4E4B50
0D504B60
8C38CB70
8C38CB80
8C38CB90
11724BA0
127ACBB0
8C38CBC0
8C38CBD0
8C38CBE0
169CCBF0
17A54C00
8C38CC10
19B64C20
1AB84C30
8C38CC40
1CC94C50
1DD1CC60
8C38CC70
8C38CC80
20EB4C90
8C38CCA0
8C38CCB0
8C38CCC0
8C38CCD0
8C38CCE0
8C38CCF0
27284D00
8C40CD10
8C40CD20
8C40CD30
8C40CD40
8C40CD50
2D5B4D60
8C40CD70
8C40CD80
3074CD90
317D4DA0
8C40CDB0
8C40CDC0
34904DD0
8C40CDE0
8C40CDF0
8C40CE00
8C38CE10
39BACE20
8C38CE30
8C40CE40
8C40CE50
8C40CE60
8C40CE70
3FEDCE80
40F64E90
41F84EA0
8C40CEB0
43114EC0
4419CED0
45224EE0
8C40CEF0
47334F00
8C40CF10
49444F20
4A4CCF30
8C40CF40
4C5DCF50
4D664F60
8C40CF70
4F70CF80
8C40CF90
5181CFA0
8C40CFB0
5392CFC0
549B4FD0
8C40CFE0
56AC4FF0
8C40D000
8C40D010
8C40D020
8C40D030
8C40D040
8C40D050
8C40D060
5EE9D070
8C48D080
8C40D090
610B50A0
8C40D0B0
8C40D0C0
6424D0D0
8C40D0E0
8C40D0F0
673E5100
8C40D110
6948D120
8C40D130
8C40D140
8C40D150
6D6AD160
8C48D170
6F7BD180
70845190
8C40D1A0
8C48D1B0
8C48D1C0
74A651D0
75A851E0
76B0D1F0
77B95200
78C1D210
79CA5220
7AD2D230
7BDB5240
7CE3D250
7DEC5260
8C48D270
8C48D280
800DD290
811652A0
8C48D2B0
8C48D2C0
8C48D2D0
8531D2E0
8C48D2F0
8742D300
8C48D310
8953D320
8C48D330
8C48D340
8C48D350
8C495360
8E7E5370
8C48D380
8C48D390
8C48D3A0
9299D3B0
8C48D3C0
8C48D3D0
95B353E0
96BBD3F0
8C48D400
8C48D410
99D55420
8C48D430
8C48D440
9CE85450
1249D460
8C48D470
9F09D480
8C48D490
A11AD4A0
A22354B0
A32BD4C0
A43454D0
A53CD4E0
8C48D4F0
8C48D500
8C48D510
8C48D520
8C48D530
8C48D540
AC71D550
8C48D560
AE82D570
AF8B5580
8C48D590
8C48D5A0
8C48D5B0
8C48D5C0
B4B5D5D0
8C48D5E0
8C48D5F0
8C48D600
8C48D610
B9D9D620
8C48D630
8C48D640
8C48D650
5D48D660
8C48D670
8C48D680
8C48D690
8C48D6A0
8C48D6B0
8C48D6C0
8C48D6D0
8C48D6E0
8C48D6F0
C7525700
C85AD710
C9635720
CA6BD730
CB745740
CC7CD750
CD855760
8C50D770
8C50D780
D0985790
D1A0D7A0
8C50D7B0
8C50D7C0
8C50D7D0
D5C2D7E0
D6CB57F0
01D3D800
02DC5810
03E4D820
04ED5830
05F5D840
8C50D850
8C50D860
0810D870
09195880
8C50D890
0B2A58A0
0C32D8B0
0D3B58C0
0E43D8D0
8C50D8E0
1054D8F0
115D5900
1265D910
8C48D920
8C50D930
1578D940
16815950
1789D960
18925970
8C50D980
8C50D990
1BABD9A0
8C48D9B0
8C50D9C0
8C50D9D0
8C50D9E0
20D659F0
8C50DA00
22E0DA10
23E95A20
24F1DA30
25FA5A40
260ADA50
27135A60
281BDA70
8C50DA80
8C50DA90
8C50DAA0
8C50DAB0
2D465AC0
2E485AD0
2F50DAE0
30595AF0
8C50DB00
8C50DB10
8C50DB20
8C50DB30
8C50DB40
368C5B50
8C50DB60
8C50DB70
8C50DB80
8C50DB90
8C50DBA0
3CB8DBB0
8C50DBC0
8C50DBD0
3FD25BE0
8C58DBF0
8C58DC00
8C58DC10
43F45C20
44FCDC30
450D5C40
8C58DC50
471E5C60
8C58DC70
4928DC80
8C58DC90
8C58DCA0
4C425CB0
8C58DCC0
4E535CD0
4F5BDCE0
8C58DCF0
516CDD00
52755D10
537DDD20
54865D30
8C58DD40
5690DD50
8C58DD60
58A1DD70
8C58DD80
5AB2DD90
5BBB5DA0
5CC3DDB0
8C58DDC0
8C58DDD0
5FDD5DE0
8C58DDF0
8C58DE00
8C58DE10
63F8DE20
64095E30
6511DE40
8C58DE50
6722DE60
682B5E70
6933DE80
8C58DE90
8C58DEA0
6C4D5EB0
6D55DEC0
6E5E5ED0
6F605EE0
7068DEF0
8C58DF00
8C58DF10
8C58DF20
748ADF30
75935F40
769BDF50
77A45F60
78ACDF70
79B55F80
8C58DF90
7BC65FA0
7CC85FB0
8C58DFC0
8C58DFD0
7FE1DFE0
80EA5FF0
81F2E000
8C58E010
830BE020
8C58E030
8C58E040
86256050
8C58E060
88366070
89386080
8A40E090
8B4960A0
8C58E0B0
8C58E0C0
8C58E0D0
8C58E0E0
8C58E0F0
917C6100
8C58E110
938D6120
9495E130
959E6140
96A06150
97A8E160
98B16170
8C58E180
9AC26190
9BCAE1A0
9CD361B0
8C58E1C0
8C58E1D0
9FECE1E0
A0F561F0
A1FDE200
A20E6210
A3106220
8C58E230
8C58E240
8C58E250
8C58E260
8C58E270
8C58E280
AA4BE290
AB5462A0
AC5CE2B0
AD6562C0
AE6DE2D0
AF7662E0
B07862F0
B180E300
8C60E310
B391E320
8C60E330
B5A2E340
B6AB6350
B7B3E360
B8BC6370
8C58E380
BACD6390
BBD5E3A0
BCDE63B0
8C60E3C0
8C60E3D0
BFF163E0
C0F9E3F0
C10A6400
C212E410
C31B6420
C423E430
C52C6440
C634E450
8C60E460
C845E470
C94E6480
CA506490
CB58E4A0
CC6164B0
CD69E4C0
CE7264D0
CF7AE4E0
D08364F0
D18BE500
8C60E510
D39CE520
D4A56530
D5ADE540
D6B66550
01B86560
8C58E570
03C96580
8C60E590
8C60E5A0
8C60E5B0
8C60E5C0
08F3E5D0
09FC65E0
0A0CE5F0
0B156600
8C60E610
0D266620
8C60E630
0F30E640
10396650
1141E660
124A6670
1352E680
8C60E690
1563E6A0
8C60E6B0
8C6166C0
8C60E6D0
1985E6E0
1A8E66F0
1B906700
8C60E710
1DA16720
8C60E730
1FB26740
8C60E750
8C60E760
22CBE770
8C60E780
24DCE790
8C60E7A0
26EDE7B0
27F667C0
28F867D0
2908E7E0
2A1167F0
2B19E800
2C226810
8C60E820
2E336830
2F3BE840
30446850
314CE860
8C60E870
8C60E880
8C60E890
356868A0
8C60E8B0
8C60E8C0
3881E8D0
8C60E8E0
3A92E8F0
8C60E900
3CA3E910
3DAC6920
3EB4E930
3FBD6940
40C5E950
41CE6960
8C68E970
43D8E980
8C68E990
45E9E9A0
46F269B0
8C68E9C0
480B69D0
4913E9E0
8C68E9F0
4B24EA00
8C68EA10
4D35EA20
4E3E6A30
4F406A40
5048EA50
51516A60
5259EA70
8C68EA80
546AEA90
55736AA0
567BEAB0
57846AC0
588CEAD0
59956AE0
8C69EAF0
5BA66B00
8C68EB10
8C68EB20
5EB96B30
8C68EB40
60CA6B50
61D2EB60
62DB6B70
8C68EB80
8C68EB90
8C68EBA0
8C68EBB0
670DEBC0
8C68EBD0
69186BE0
8C68EBF0
6B296C00
8C68EC10
8C68EC20
6E42EC30
8C68EC40
7053EC50
715C6C60
7264EC70
736D6C80
8C68EC90
8C68ECA0
76806CB0
7788ECC0
8C68ECD0
7999ECE0
8C68ECF0
8C68ED00
8C68ED10
7DBBED20
8C68ED30
7FCCED40
80D56D50
8C68ED60
82E66D70
83E86D80
84F0ED90
85F96DA0
8609EDB0
87126DC0
8C68EDD0
89236DE0
8C68EDF0
8C68EE00
8C3CEE10
8C68EE20
8C68EE30
8F566E40
8C68EE50
BB68EE60
92696E70
9371EE80
947A6E90
9582EEA0
968B6EB0
8C68EEC0
989C6ED0
99A4EEE0
9AAD6EF0
8C70EF00
9CBE6F10
9DC06F20
9EC8EF30
9FD16F40
A0D9EF50
A1E26F60
A2EAEF70
A3F36F80
A4FBEF90
A50C6FA0
A614EFB0
8C70EFC0
A825EFD0
A92E6FE0
8C70EFF0
8C68F000
AC417010
AD49F020
AE527030
AF5AF040
B0637050
B16BF060
B2747070
8C70F080
B4857090
B58DF0A0
B69670B0
8C70F0C0
B8A0F0D0
B9A970E0
BAB1F0F0
BBBA7100
8C70F110
BDCB7120
8C70F130
BFDC7140
C0E4F150
C1ED7160
8C70F170
C3FE7180
C4087190
8C70F1A0
C61971B0
C721F1C0
C82A71D0
C932F1E0
8C70F1F0
CB43F200
8C70F210
CD54F220
CE5D7230
CF65F240
D06E7250
D1707260
D278F270
D3817280
D489F290
D59272A0
8C70F2B0
8C78F2C0
02ABF2D0
03B472E0
04BCF2F0
05C57300
06CDF310
07D67320
08D87330
09E0F340
0AE97350
0BF1F360
8C70F370
8C70F380
8C70F390
8C70F3A0
8C70F3B0
8C70F3C0
8C70F3D0
133DF3E0
144673F0
15487400
1650F410
17597420
8C78F430
196A7440
1A72F450
1B7B7460
1C83F470
8C78F480
8C78F490
8C78F4A0
20A5F4B0
21AE74C0
22B074D0
23B8F4E0
24C174F0
25C9F500
26D27510
27DAF520
28E37530
29EBF540
2AF47550
8C70F560
8C80F570
2D15F580
8C78F590
2F2075A0
3028F5B0
313175C0
3239F5D0
8C78F5E0
344AF5F0
35537600
365BF610
37647620
386CF630
8C78F640
3A7DF650
3B867660
3C887670
8C78F680
3E997690
3FA1F6A0
40AA76B0
41B2F6C0
42BB76D0
43C3F6E0
44CC76F0
45D4F700
46DD7710
8C78F720
48EE7730
8C78F740
4AF8F750
4B097760
4C11F770
4D1A7780
8C80F790
8C78F7A0
8C80F7B0
513C77C0
5244F7D0
8C80F7E0
5455F7F0
555E7800
8C78F810
5768F820
58717830
8C80F840
8C80F850
5B8AF860
8C80F870
5D9BF880
5EA47890
5FACF8A0
60B578B0
61BDF8C0
62C678D0
63C878E0
8C80F8F0
65D97900
66E1F910
67EA7920
68F2F930
69FB7940
6A0BF950
6B147960
6C1CF970
6D257980
6E2DF990
6F3679A0
8C80F9B0
8C80F9C0
724979D0
7351F9E0
745A79F0
7562FA00
766B7A10
8C80FA20
787C7A30
8C80FA40
7A8D7A50
7B95FA60
7C9E7A70
8C80FA80
7EA8FA90
8C80FAA0
80B9FAB0
81C27AC0
82CAFAD0
8C80FAE0
8C80FAF0
8C88FB00
86ECFB10
87F57B20
8C80FB30
890E7B40
8A107B50
8B18FB60
8C88FB70
8C88FB80
8C88FB90
8F3AFBA0
90437BB0
914BFBC0
92547BD0
935CFBE0
8C88FBF0
956DFC00
8C88FC10
97787C20
9880FC30
99897C40
9A91FC50
9B9A7C60
9CA2FC70
9DAB7C80
8C88FC90
9FBC7CA0
A0C4FCB0
A1CD7CC0
A2D5FCD0
A3DE7CE0
8C88FCF0
8C88FD00
A6F17D10
A7F9FD20
8C88FD30
A912FD40
8C90FD50
AB23FD60
AC2C7D70
AD34FD80
AE3D7D90
AF45FDA0
B04E7DB0
8C90FDC0
B258FDD0
B3617DE0
8C90FDF0
8C90FE00
B67AFE10
B7837E20
B88BFE30
8C90FE40
BA9CFE50
8C90FE60
BCADFE70
8C90FE80
8C90FE90
BFC0FEA0
C0C97EB0
C1D1FEC0
C2DA7ED0
C3E2FEE0
C4EB7EF0
C5F3FF00
C6FC7F10
C70CFF20
C8157F30
C91DFF40
CA267F50
CB287F60
CC30FF70
CD397F80
CE41FF90
CF4A7FA0
8C98FFB0
D15B7FC0
D263FFD0
D36C7FE0
8C98FFF0
D57D0000
D6858010
018E0020
02900030
03988040
8C988050
05A98060
06B20070
07BA8080
08C30090
09CB80A0
0AD400B0
0BDC80C0
0CE500D0
0DED80E0
0EF600F0
0FF80100
8C988110
11110120
12198130
13220140
142A8150
4BA08160
163B8170
8CA08180
184C8190
195501A0
1A5D81B0
1B6601C0
1C6801D0
1D7081E0
1E7901F0
1F818200
208A0210
21928220
229B0230
23A38240
24AC0250
25B48260
8C988270
27C58280
8CA08290
29D002A0
2AD882B0
2BE102C0
2CE982D0
2DF202E0
2EFA82F0
2F0B0300
30138310
311C0320
32248330
332D0340
34358350
353E0360
36400370
8CB08380
38510390
395983A0
3A6203B0
8CB083C0
3C7303D0
3D7B83E0
3E8403F0
3F8C8400
40950410
419D8420
42A60430
43A80440
44B08450
45B90460
46C18470
47CA0480
48D28490
49DB04A0
4AE384B0
4BEC04C0
4CF484D0
8D4284E0
8D4284F0
8D4A8500
3D528510
8D528520
8D518530
8D528540
543A0550
55428560
564B0570
57538580
585C0590
8D5A85A0
5A6D05B0
5B7585C0
5C7E05D0
8D6A85E0
5E8885F0
5F910600
60998610
8D798620
62AA8630
63B30640
64BB8650
65C40660
66CC8670
67D50680
68DD8690
69E606A0
8E3006B0
8E3986C0
6CF906D0
8E4186E0
6E1206F0
6F1A8700
8E430710
712B8720
72340730
733C8740
74450750
754D8760
8E498770
8E498780
8E498790
8E4C07A0
8E4987B0
8E4987C0
8E4887D0
8E4987E0
8E4887F0
B8498800
8E498810
8E498820
82B58830
8E518840
84C00850
8E518860
86D10870
87D98880
88E20890
8E5188A0
8E5188B0
8E5188C0
8E5188D0
8D1488E0
8E1D08F0
8F258900
902E0910
91300920
8E518930
93410940
8E508950
95520960
965A8970
97630980
986B8990
997409A0
9A7C89B0
8E5189C0
8E5189D0
9D9609E0
9E9809F0
9FA08A00
A0A90A10
A1B18A20
8E518A30
8E488A40
A4CB0A50
A5D38A60
8E518A70
8E518A80
8E508A90
8E518AA0
AAFE0AB0
8E518AC0
AC108AD0
AD190AE0
8E598AF0
8E598B00
8E598B10
B13B0B20
B2438B30
8E598B40
B4548B50
8E598B60
B6658B70
B76E0B80
B8700B90
8E598BA0
BA810BB0
BB898BC0
BC920BD0
BD9A8BE0
BEA30BF0
8E598C00
C0B40C10
C1BC8C20
8E598C30
8E598C40
C4D60C50
8E598C60
8E598C70
C7E90C80
8E598C90
8E588CA0
8E588CB0
CB130CC0
CC1B8CD0
8E598CE0
8E598CF0
8E618D00
8E618D10
D1460D20
D2480D30
8E618D40
D4590D50
D5618D60
D66A0D70
8E618D80
8E618D90
03838DA0
8E618DB0
05948DC0
069D0DD0
8E618DE0
8E618DF0
09B00E00
0AB88E10
0BC10E20
0CC98E30
8E618E40
0EDA8E50
0FE30E60
10EB8E70
11F40E80
8E608E90
130D0EA0
14158EB0
151E0EC0
8E618ED0
8E608EE0
18310EF0
8E608F00
8E618F10
8E618F20
8E618F30
8E618F40
1E640F50
1F6C8F60
20750F70
8E698F80
8E698F90
23880FA0
24908FB0
25990FC0
26A18FD0
8E698FE0
28B28FF0
8E689000
2AC39010
8E699020
8E6A9030
2DDD1040
2EE59050
2FEE1060
8E689070
8E699080
8E699090
8E6990A0
341A10B0
352290C0
8E6990D0
8E6990E0
383C10F0
8E699100
3A4D1110
8E619120
8E619130
3D601140
8E699150
3F711160
8E699170
8E719180
428A9190
8E7091A0
449B91B0
8E7091C0
46AC91D0
8E7191E0
48BD91F0
49C61200
8E719210
8E719220
8E699230
4DE19240
8E719250
4FF29260
50FB1270
510B9280
8E719290
531C92A0
542512B0
552D92C0
563612D0
8E7192E0
584092F0
59491300
8E719310
5B5A1320
5C629330
8E719340
5E739350
5F7C1360
8E719370
618D1380
62959390
639E13A0
8E7193B0
65A893C0
66B113D0
8E7193E0
8E7193F0
69CA9400
6AD31410
6BDB9420
6CE41430
6DEC9440
6EF51450
6FFD9460
8E719470
8E719480
8E719490
732114A0
742994B0
8E7994C0
763A94D0
8E7994E0
784B94F0
79541500
7A5C9510
7B651520
8E799530
7D761540
7E781550
7F809560
8E799570
81919580
8E799590
83A295A0
84AB15B0
85B395C0
86BC15D0
87C495E0
88CD15F0
8E799600
8ADE1610
8BE01620
8E799630
8E799640
8E789650
8F0A1660
90129670
911B1680
92239690
932C16A0
943496B0
953D16C0
964596D0
8E7996E0
985016F0
8E799700
9A611710
9B699720
9C721730
8E799740
9E831750
8E799760
A0941770
A19C9780
A2A51790
A3AD97A0
8E7997B0
8E7997C0
8E7997D0
8E7997E0
A8D197F0
A9DA1800
AAE29810
8E719820
8E819830
ADFC1840
8E819850
AF151860
B01D9870
8E819880
B2281890
B33098A0
8E7998B0
B54198C0
C18198D0
B75298E0
B85B18F0
B9639900
BA6C1910
BB749920
BC7D1930
BD859940
BE8E1950
BF901960
8E819970
C1A11980
C2A99990
C3B219A0
C4BA99B0
C5C319C0
C6CB99D0
C7D419E0
8E8199F0
8E819A00
CAED9A10
CBF61A20
8E819A30
CD089A40
CE111A50
CF199A60
D0221A70
8E819A80
D2331A90
D33B9AA0
8E889AB0
8E899AC0
8E819AD0
015D9AE0
8E809AF0
03681B00
04709B10
05791B20
8E899B30
078A1B40
8E899B50
099B1B60
0AA39B70
0BAC1B80
0CB49B90
8E899BA0
0EC59BB0
0FCE1BC0
8E889BD0
11D89BE0
12E11BF0
8E899C00
14F21C10
15FA9C20
160B1C30
17139C40
181C1C50
8E819C60
1A2D1C70
1B359C80
1C3E1C90
8E889CA0
8E899CB0
1F511CC0
20599CD0
21621CE0
8E899CF0
23731D00
8E899D10
8E819D20
268C9D30
27951D40
289D9D50
29A61D60
2AA81D70
2BB09D80
2CB91D90
2DC19DA0
8E919DB0
2FD29DC0
30DB1DD0
31E39DE0
32EC1DF0
8E919E00
34FD1E10
350D9E20
36161E30
37181E40
8E899E50
39291E60
3A319E70
3B3A1E80
3C429E90
8E919EA0
3E539EB0
3F5C1EC0
40649ED0
8E919EE0
42759EF0
437E1F00
44801F10
45889F20
46911F30
47999F40
48A21F50
49AA9F60
4AB31F70
4BBB9F80
8E989F90
4DCC9FA0
4ED51FB0
4FDD9FC0
50E61FD0
8E999FE0
52F09FF0
53F92000
5409A010
55122020
8E98A030
57232040
582BA050
59342060
5A3CA070
5B452080
5C4DA090
8E99A0A0
8E99A0B0
5F60A0C0
606920D0
6171A0E0
627A20F0
6382A100
648B2110
6593A120
8E99A130
67A4A140
8EA1A150
8E99A160
6ABE2170
6BC02180
6CC8A190
6DD121A0
6ED9A1B0
6FE221C0
70EAA1D0
71F321E0
72FBA1F0
730C2200
8EA8A210
8EA8A220
7625A230
772E2240
78302250
7938A260
7A412270
7B49A280
7C522290
7D5AA2A0
7E6322B0
7F6BA2C0
807422D0
817CA2E0
828522F0
838DA300
84962310
8EB9A320
86A0A330
87A92340
88B1A350
89BA2360
8AC2A370
8BCB2380
8EC0A390
8DDC23A0
8EE4A3B0
8ED1A3C0
90F5A3D0
91FE23E0
920823F0
8F302400
94192410
9521A420
8F51A430
8F51A440
8F59A450
9943A460
9A4C2470
9B54A480
9C5D2490
9D65A4A0
9E6E24B0
9031A4C0
904E24D0
A18124E0
A289A4F0
A3922500
A49AA510
A5A32520
A6ABA530
3C5A2540
A8BCA550
A9C52560
90622570
ABD62580
906A2590
ADE0A5A0
AEE925B0
AFF1A5C0
B0FA25D0
B10AA5E0
B21325F0
90822600
90822610
90C22620
91302630
B73DA640
9139A650
B9482660
BA50A670
9140A680
9141A690
BD6A26A0
9141A6B0
9141A6C0
C083A6D0
915126E0
C294A6F0
91512700
C4A5A710
9149A720
C6B02730
C7B8A740
C8C12750
C9C9A760
91512770
CBDAA780
CCE32790
CDEBA7A0
CEF427B0
CFFCA7C0
9149A7D0
9150A7E0
9149A7F0
D3202800
9150A810
9149A820
D639A830
9149A840
91532850
03532860
045BA870
9158A880
066CA890
077528A0
9158A8B0
098628C0
9151A8D0
0B90A8E0
0C9928F0
0DA1A900
0EAA2910
9151A920
10BB2930
11C3A940
12CC2950
9151A960
14DD2970
15E5A980
16EE2990
17F029A0
18F8A9B0
9151A9C0
1A11A9D0
1B1A29E0
1C22A9F0
1D2B2A00
1E33AA10
9151AA20
2044AA30
91592A40
2255AA50
235E2A60
24602A70
2568AA80
26712A90
2779AAA0
9151AAB0
298AAAC0
D458AAD0
2B9BAAE0
9151AAF0
2DACAB00
9159AB10
2FBDAB20
30C62B30
31C82B40
32D0AB50
33D92B60
9159AB70
35EA2B80
36F2AB90
37FB2BA0
380BABB0
9159ABC0
3A1CABD0
3B252BE0
3C2DABF0
3D362C00
91632C10
9160AC20
40492C30
4151AC40
9160AC50
9159AC60
446B2C70
9159AC80
9159AC90
4784ACA0
488D2CB0
4995ACC0
4A9E2CD0
9161ACE0
4CA8ACF0
4DB12D00
4EB9AD10
91612D20
50CAAD30
9168AD40
9161AD50
53E42D60
54ECAD70
9168AD80
9161AD90
570E2DA0
58102DB0
5918ADC0
5A212DD0
5B29ADE0
9168ADF0
5D3AAE00
5E432E10
9161AE20
9161AE30
9161AE40
9161AE50
636DAE60
64762E70
9169AE80
6680AE90
67892EA0
6891AEB0
699A2EC0
6AA2AED0
6BAB2EE0
6CB3AEF0
9169AF00
9169AF10
6FCD2F20
9170AF30
9170AF40
72E02F50
73E8AF60
74F12F70
9169AF80
91712F90
7712AFA0
781B2FB0
9169AFC0
7A2C2FD0
9169AFE0
7C3D2FF0
7D45B000
7E4E3010
9169B020
8058B030
81613040
8269B050
83723060
847AB070
85833080
868BB090
9171B0A0
889CB0B0
89A530C0
8AADB0D0
8BB630E0
8CB830F0
9171B100
8EC93110
91793120
9171B130
91E2B140
92EB3150
93F3B160
94FC3170
950CB180
9171B190
9169B1A0
9171B1B0
992831C0
9A30B1D0
9B3931E0
9179B1F0
9D4A3200
9171B210
9F5B3220
A063B230
A16C3240
9179B250
A37D3260
A485B270
A58E3280
A6903290
9171B2A0
9179B2B0
A9A9B2C0
AAB232D0
ABBAB2E0
ACC332F0
9180B300
AED43310
AFDCB320
B0E53330
9179B340
B2F63350
9181B360
B408B370
B5113380
B619B390
B72233A0
B82AB3B0
B93333C0
BA3BB3D0
BB4433E0
BC4CB3F0
BD553400
9189B410
BF663420
C0683430
91893440
C2793450
C381B460
C48A3470
C592B480
C69B3490
C7A3B4A0
C8AC34B0
C9B4B4C0
CABD34D0
CBC5B4E0
CCCE34F0
CDD03500
CED8B510
CFE13520
D0E9B530
D1F23540
D2FAB550
D30B3560
D413B570
D51C3580
D624B590
012D35A0
0235B5B0
9191B5C0
044035D0
9198B5E0
9191B5F0
0759B600
08623610
096AB620
0A733630
0B7BB640
0C843650
9199B660
0E953670
0F9DB680
10A63690
11A836A0
91A1B6B0
13B936C0
14C1B6D0
15CA36E0
16D2B6F0
17DB3700
18E3B710
19EC3720
1AF4B730
1BFD3740
1C0DB750
1D163760
1E183770
1F20B780
20293790
2131B7A0
91C1B7B0
2342B7C0
244B37D0
2553B7E0
923037F0
2764B800
9248B810
2975B820
9260B830
2B803840
2C88B850
9290B860
2E99B870
2FA23880
30AAB890
31B338A0
32BBB8B0
33C438C0
34CCB8D0
35D538E0
36DDB8F0
37E63900
38E83910
39F0B920
3AF93930
3B09B940
3C123950
3D1AB960
3E233970
3F2BB980
40343990
413CB9A0
424539B0
434DB9C0
445639D0
455839E0
4660B9F0
47693A00
4871BA10
497A3A20
4A82BA30
4B8B3A40
4C93BA50
4D9C3A60
4EA4BA70
4FAD3A80
50B5BA90
51BE3AA0
52C03AB0
53C8BAC0
54D13AD0
55D9BAE0
56E23AF0
57EABB00
58F33B10
59FBBB20
5A0C3B30
5B14BB40
5C1D3B50
5D25BB60
5E2E3B70
5F303B80
6038BB90
61413BA0
6249BBB0
63523BC0
645ABBD0
65633BE0
666BBBF0
67743C00
93203C10
9331BC20
6A8DBC30
9341BC40
5740BC50
9341BC60
9349BC70
9348BC80
93493C90
9351BCA0
9359BCB0
9361BCC0
74DC3CD0
9369BCE0
9371BCF0
9379BD00
9379BD10
9438BD20
7A10BD30
7B193D40
7C21BD50
9459BD60
7E32BD70
7F3B3D80
8043BD90
9461BDA0
8254BDB0
9468BDC0
8465BDD0
9461BDE0
9469BDF0
8778BE00
88813E10
8989BE20
9469BE30
8B9ABE40
9469BE50
9469BE60
8EB43E70
8FBCBE80
90C53E90
91CDBEA0
9471BEB0
93D83EC0
9479BED0
95E93EE0
9479BEF0
97FA3F00
9480BF10
99133F20
9489BF30
9B243F40
9C2CBF50
9D353F60
9E3DBF70
9F463F80
A0483F90
A150BFA0
A2593FB0
A361BFC0
A46A3FD0
A572BFE0
94C9BFF0
95384000
A88C4010
A994C020
AA9D4030
ABA5C040
ACAE4050
ADB04060
954B4070
AFC14080
B0C9C090
B1D240A0
B2DAC0B0
B3E340C0
B4EBC0D0
B5F440E0
B6FCC0F0
B70D4100
B815C110
B91E4120
BA204130
BB28C140
BC314150
BD39C160
BE424170
BF4AC180
C0534190
9554C1A0
C26441B0
C36CC1C0
C47541D0
C57DC1E0
C68641F0
C7884200
C890C210
C9994220
CAA1C230
CBAA4240
CCB2C250
CDBB4260
CEC3C270
CFCC4280
D0D4C290
D1DD42A0
D2E5C2B0
D3EE42C0
D4F042D0
D5F8C2E0
D60942F0
0111C300
021A4310
0322C320
042B4330
0533C340
063C4350
0744C360
084D4370
0955C380
0A5E4390
0B6043A0
0C68C3B0
0D7143C0
0E79C3D0
9568C3E0
108AC3F0
11934400
129BC410
13A44420
14ACC430
15B54440
16BDC450
17C64460
18C84470
9560C480
1AD94490
1BE1C4A0
1CEA44B0
1DF2C4C0
1EFB44D0
1F0BC4E0
201444F0
211CC500
22254510
232DC520
24364530
25384540
2640C550
27494560
2851C570
295A4580
2A62C590
2B6B45A0
2C73C5B0
2D7C45C0
2E84C5D0
2F8D45E0
3095C5F0
319E4600
32A04610
33A8C620
34B14630
35B9C640
36C24650
37CAC660
38D34670
39DBC680
3AE44690
3BECC6A0
3CF546B0
3DFDC6C0
3E0E46D0
3F1046E0
4018C6F0
41214700
4229C710
43324720
443AC730
45434740
464BC750
47544760
485CC770
49654780
956AC790
4B7647A0
4C7847B0
4D80C7C0
4E8947D0
4F91C7E0
509A47F0
51A2C800
52AB4810
53B3C820
54BC4830
55C4C840
56CD4850
57D5C860
58DE4870
59E04880
9568C890
9568C8A0
5CF9C8B0
5D0A48C0
5E12C8D0
5F1B48E0
6023C8F0
612C4900
6234C910
633D4920
9570C930
654E4940
66504950
6758C960
68614970
6969C980
6A724990
6B7AC9A0
6C8349B0
6D8BC9C0
6E9449D0
6F9CC9E0
70A549F0
71ADCA00
72B64A10
73B84A20
74C0CA30
75C94A40
76D1CA50
77DA4A60
78E2CA70
79EB4A80
7AF3CA90
7BFC4AA0
7C0CCAB0
7D154AC0
7E1DCAD0
7F264AE0
80284AF0
8130CB00
82394B10
8341CB20
844A4B30
8552CB40
865B4B50
8763CB60
886C4B70
8974CB80
8A7D4B90
8B85CBA0
8C8E4BB0
8D904BC0
8E98CBD0
8FA14BE0
90A9CBF0
91B24C00
92BACC10
93C34C20
94CBCC30
95D44C40
96DCCC50
97E54C60
98EDCC70
99F64C80
9AF84C90
9B08CCA0
9C114CB0
9D19CCC0
9E224CD0
9F2ACCE0
A0334CF0
A13BCD00
A2444D10
A34CCD20
A4554D30
A55DCD40
A6664D50
A7684D60
A870CD70
A9794D80
AA81CD90
AB8A4DA0
AC92CDB0
AD9B4DC0
AEA3CDD0
AFAC4DE0
B0B4CDF0
B1BD4E00
B2C5CE10
B3CE4E20
B4D04E30
B5D8CE40
B6E14E50
B7E9CE60
B8F24E70
B9FACE80
BA0B4E90
BB13CEA0
BC1C4EB0
BD24CEC0
BE2D4ED0
BF35CEE0
C03E4EF0
C1404F00
C248CF10
C3514F20
C459CF30
C5624F40
C66ACF50
C7734F60
C87BCF70
C9844F80
CA8CCF90
CB954FA0
CC9DCFB0
CDA64FC0
CEA84FD0
CFB0CFE0
D0B94FF0
D1C1D000
D2CA5010
D3D2D020
D4DB5030
D5E3D040
D6EC5050
01F4D060
9588D070
030DD080
04165090
051850A0
0620D0B0
072950C0
0831D0D0
093A50E0
0A42D0F0
0B4B5100
0C53D110
0D5C5120
0E64D130
0F6D5140
1075D150
117E5160
12805170
1388D180
14915190
1599D1A0
16A251B0
17AAD1C0
18B351D0
19BBD1E0
1AC451F0
1BCCD200
1CD55210
1DDDD220
1EE65230
1FE85240
20F0D250
21F95260
2209D270
23125280
241AD290
252352A0
262BD2B0
273452C0
283CD2D0
294552E0
2A4DD2F0
2B565300
2C585310
2D60D320
2E695330
2F71D340
307A5350
3182D360
328B5370
3393D380
349C5390
35A4D3A0
36AD53B0
37B5D3C0
38BE53D0
39C053E0
3AC8D3F0
3BD15400
3CD9D410
3DE25420
3EEAD430
3FF35440
40FBD450
410C5460
4214D470
431D5480
4425D490
452E54A0
463054B0
4738D4C0
484154D0
4949D4E0
4A5254F0
4B5AD500
4C635510
4D6BD520
4E745530
4F7CD540
50855550
518DD560
52965570
53985580
54A0D590
55A955A0
56B1D5B0
57BA55C0
58C2D5D0
59CB55E0
5AD3D5F0
5BDC5600
5CE4D610
5DED5620
5EF5D630
5FFE5640
60085650
9598D660
62195670
6321D680
642A5690
6532D6A0
663B56B0
95A0D6C0
684C56D0
6954D6E0
6A5D56F0
6B65D700
6C6E5710
6D705720
6E78D730
6F815740
7089D750
71925760
729AD770
73A35780
74ABD790
75B457A0
76BCD7B0
77C557C0
78CDD7D0
79D657E0
7AD857F0
7BE0D800
7CE95810
7DF1D820
7EFA5830
7F0AD840
80135850
811BD860
82245870
832CD880
84355890
853DD8A0
864658B0
874858C0
8850D8D0
895958E0
8A61D8F0
8B6A5900
8C72D910
8D7B5920
8E83D930
8F8C5940
9094D950
919D5960
92A5D970
93AE5980
94B05990
95B8D9A0
96C159B0
97C9D9C0
98D259D0
99DAD9E0
9AE359F0
9BEBDA00
9521DA10
9521DA20
9521DA30
9521DA40
9521DA50
9529DA60
9529DA70
9529DA80
9529DA90
9529DAA0
9529DAB0
A7535AC0
9529DAD0
9529DAE0
9529DAF0
9529DB00
9529DB10
9531DB20
9531DB30
9531DB40
9531DB50
9531DB60
9531DB70
9531DB80
9531DB90
9531DBA0
9531DBB0
9531DBC0
9531DBD0
9531DBE0
9531DBF0
9531DC00
9539DC10
9539DC20
9539DC30
9539DC40
9539DC50
9539DC60
C233DC70
9539DC80
9539DC90
9539DCA0
9539DCB0
9539DCC0
9539DCD0
9539DCE0
9539DCF0
9539DD00
9539DD10
9539DD20
9541DD30
9541DD40
9541DD50
9541DD60
9541DD70
9541DD80
9541DD90
9541DDA0
9541DDB0
9541DDC0
9541DDD0
9541DDE0
9541DDF0
9541DE00
9541DE10
9541DE20
9541DE30
9541DE40
9541DE50
9541DE60
9541DE70
9541DE80
9541DE90
0F51DEA0
9549DEB0
9549DEC0
9549DED0
9549DEE0
9549DEF0
9549DF00
9549DF10
9549DF20
9549DF30
9549DF40
9549DF50
1BB15F60
9551DF70
9551DF80
9551DF90
9551DFA0
9551DFB0
9551DFC0
9551DFD0
9551DFE0
9551DFF0
9551E000
9551E010
9551E020
9551E030
9551E040
9551E050
9551E060
9551E070
9551E080
2E546090
9551E0A0
9559E0B0
9559E0C0
9559E0D0
9559E0E0
9559E0F0
9559E100
9559E110
9559E120
9559E130
9559E140
9559E150
9559E160
9559E170
3DCD6180
9559E190
9559E1A0
9559E1B0
9559E1C0
9559E1D0
9559E1E0
9561E1F0
9561E200
9561E210
9561E220
9561E230
9561E240
9561E250
9561E260
9561E270
9569E280
9569E290
9569E2A0
9569E2B0
9569E2C0
9571E2D0
9571E2E0
9571E2F0
9571E300
9571E310
9571E320
9579E330
9579E340
9579E350
9599E360
9638E370
5DD1E380
5EDA6390
5FE2E3A0
60EB63B0
61F3E3C0
62FC63D0
630CE3E0
9689E3F0
651DE400
9689E410
67286420
6830E430
69396440
6A41E450
97396460
9751E470
6D5B6480
9759E490
6F6C64A0
7074E4B0
9779E4C0
7285E4D0
738E64E0
749064F0
7598E500
76A16510
77A9E520
78B26530
79BAE540
9838E550
7BCBE560
7CD46570
7DDCE580
7EE56590
9859E5A0
80F665B0
81F865C0
8208E5D0
831165E0
8419E5F0
85226600
98586610
9868E620
883BE630
89446640
8A4CE650
8B556660
8C5DE670
9871E680
8E686690
9870E6A0
9879E6B0
9181E6C0
928A66D0
9392E6E0
949B66F0
95A3E700
96AC6710
97B4E720
988E6730
99C5E740
9ACE6750
9BD06760
9CD8E770
9938E780
9951E790
9951E7A0
A0FAE7B0
A10B67C0
A213E7D0
A31C67E0
A424E7F0
A52D6800
A635E810
9961E820
A8406830
A948E840
9969E850
AB59E860
AC626870
AD6AE880
9969E890
9969E8A0
B08468B0
9971E8C0
B29568D0
B39DE8E0
B4A668F0
B5A86900
B6B0E910
B7B96920
B8C1E930
9989E940
BAD2E950
BBDB6960
BCE3E970
9989E980
BEF4E990
BFFD69A0
C00DE9B0
C11669C0
C21869D0
C320E9E0
C42969F0
C531EA00
C63A6A10
C742EA20
C84B6A30
C953EA40
CA5C6A50
CB64EA60
CC6D6A70
CD75EA80
CE7E6A90
CF806AA0
D088EAB0
D1916AC0
D299EAD0
D3A26AE0
D4AAEAF0
D5B36B00
D6BBEB10
01C46B20
02CCEB30
03D56B40
04DDEB50
05E66B60
06E86B70
07F0EB80
08F96B90
0909EBA0
0A126BB0
0B1AEBC0
0C236BD0
0D2BEBE0
0E346BF0
0F3CEC00
10456C10
114DEC20
12566C30
13586C40
1460EC50
15696C60
1671EC70
177A6C80
1882EC90
198B6CA0
1A93ECB0
1B9C6CC0
1CA4ECD0
1DAD6CE0
1EB5ECF0
1FBE6D00
20C06D10
21C8ED20
22D16D30
23D9ED40
24E26D50
25EAED60
26F36D70
27FBED80
280C6D90
2914EDA0
2A1D6DB0
2B25EDC0
2C2E6DD0
2D306DE0
2E38EDF0
2F416E00
3049EE10
31526E20
325AEE30
33636E40
346BEE50
35746E60
367CEE70
37856E80
388DEE90
39966EA0
3A986EB0
3BA0EEC0
3CA96ED0
3DB1EEE0
3EBA6EF0
3FC2EF00
40CB6F10
41D3EF20
42DC6F30
43E4EF40
44ED6F50
45F5EF60
46FE6F70
47086F80
4810EF90
49196FA0
4A21EFB0
4B2A6FC0
4C32EFD0
4D3B6FE0
4E43EFF0
4F4C7000
5054F010
515D7020
5265F030
536E7040
54707050
5578F060
56817070
5789F080
58927090
599AF0A0
5AA370B0
5BABF0C0
5CB470D0
5DBCF0E0
5EC570F0
5FCDF100
60D67110
61D87120
62E0F130
63E97140
64F1F150
65FA7160
660AF170
67137180
681BF190
692471A0
6A2CF1B0
6B3571C0
9A2071D0
1930F1E0
9A30F1F0
6F50F200
9A38F210
9A39F220
9A40F230
9A40F240
9A41F250
9A41F260
9A40F270
1B42F280
9A41F290
9A40F2A0
9A40F2B0
9A41F2C0
9A41F2D0
9A41F2E0
9A40F2F0
384B7300
9A49F310
9A48F320
9A48F330
9A49F340
9A48F350
9A49F360
9A48F370
9A48F380
9A48F390
9A48F3A0
9A49F3B0
9A51F3C0
9A50F3D0
9A50F3E0
9A51F3F0
9A50F400
9A50F410
9A51F420
9A51F430
9A50F440
9A51F450
9A51F460
9A59F470
9A59F480
9A58F490
9A59F4A0
9A61F4B0
9A61F4C0
9A60F4D0
9A61F4E0
9A60F4F0
9A61F500
9A60F510
9A61F520
3562F530
9A61F540
9A61F550
9A69F560
9A69F570
9A70F580
9A71F590
9A71F5A0
9A70F5B0
8379F5C0
9A82F5D0
9A80F5E0
AE5E75F0
9A81F600
9A89F610
9A88F620
9AA9F630
9B38F640
B48AF650
9B59F660
9B59F670
B7A47680
B8ACF690
B9B576A0
9B71F6B0
BBC676C0
9B79F6D0
BDD0F6E0
BED976F0
9C38F700
C0EA7710
C1F2F720
9C4C7730
9C4C7740
9C4C7750
9C547760
9C547770
C72DF780
C8367790
C93877A0
CA40F7B0
CB4977C0
CC51F7D0
CD5A77E0
CE62F7F0
CF6B7800
9C647810
D17C7820
D284F830
9C647840
9C647850
D59E7860
D6A07870
01A8F880
02B17890
9C6478A0
9C6478B0
05CAF8C0
06D378D0
07DBF8E0
08E478F0
09ECF900
9C6C7910
0BFDF920
0C0E7930
9C6C7940
0E18F950
0F217960
1029F970
11327980
123AF990
134379A0
144BF9B0
155479C0
165CF9D0
176579E0
9C7C79F0
19767A00
1A787A10
1B80FA20
9C7C7A30
1D91FA40
1E9A7A50
1FA2FA60
20AB7A70
21B3FA80
22BC7A90
23C4FAA0
24CD7AB0
25D5FAC0
26DE7AD0
27E07AE0
9CAC7AF0
29F17B00
9CBC7B10
2B0A7B20
9D38FB30
9D49FB40
9D51FB50
2F2C7B60
3034FB70
9D50FB80
3245FB90
9D59FBA0
34507BB0
9D59FBC0
36617BD0
9D59FBE0
9D51FBF0
397AFC00
3A837C10
9D59FC20
9D59FC30
9D59FC40
3EA57C50
9D61FC60
40B67C70
41B87C80
42C0FC90
43C97CA0
9D61FCB0
9D61FCC0
46E2FCD0
9D61FCE0
9D61FCF0
49FC7D00
9D61FD10
4B157D20
4C1DFD30
4D267D40
4E287D50
9D61FD60
9D61FD70
5141FD80
524A7D90
9D61FDA0
9D61FDB0
5563FDC0
9D59FDD0
9D61FDE0
9D69FDF0
5985FE00
5A8E7E10
5B907E20
9D69FE30
9D69FE40
5EA9FE50
5FB27E60
60BAFE70
9D69FE80
62CBFE90
9D69FEA0
64DCFEB0
9D69FEC0
66EDFED0
67F67EE0
9D69FEF0
6908FF00
9D69FF10
6B19FF20
9D69FF30
6D2AFF40
9D61FF50
9D69FF60
9D69FF70
9D69FF80
9D69FF90
9D69FFA0
9D69FFB0
75687FC0
9D71FFD0
77797FE0
7881FFF0
798A0000
7A928010
7B9B0020
7CA38030
7DAC0040
9D708050
7FBD0060
80C58070
81CE0080
9D718090
9D7180A0
84E100B0
9D7180C0
86F200D0
87FA80E0
9D7980F0
89138100
8A1C0110
8B248120
8C2D0130
9D798140
8E3E0150
8F400160
90488170
91510180
92598190
936201A0
946A81B0
957301C0
9D7981D0
9D7981E0
9D7981F0
99950200
9A9D8210
9D798220
9D798230
9DB08240
9EB90250
9FC18260
A0CA0270
A1D28280
9D798290
9D7982A0
A4EC02B0
9D7982C0
A6FD02D0
9D7982E0
9D7982F0
A9180300
9D818310
AB290320
AC318330
AD3A0340
9D818350
9D818360
B0538370
B15C0380
9D818390
9D7983A0
B47583B0
B57E03C0
9D8183D0
B78883E0
B89103F0
9D818400
9D818410
9D818420
BCB30430
9D818440
BEC40450
BFCC8460
9D888470
9D898480
9D818490
9D8984A0
9D8984B0
C5F904C0
C60984D0
C71204E0
C81A84F0
C9230500
9D898510
9D898520
CC3C8530
CD450540
CE4D8550
CF560560
D0580570
D1608580
9D908590
9D9185A0
D47A05B0
D58285C0
D68B05D0
019385E0
029C05F0
03A48600
04AD0610
05B58620
06BE0630
07C00640
08C88650
9D918660
0AD98670
0BE20680
9D908690
0DF306A0
0EFB86B0
9D9986C0
9D9986D0
111D06E0
9D9986F0
9D998700
14300710
9D998720
16410730
9D998740
18520750
9D998760
1A630770
1B6B8780
1C740790
1D7C87A0
1E8507B0
9D9987C0
9D9987D0
9D9987E0
9D9987F0
23A90800
9DA18810
25BA0820
26C28830
27CB0840
9DA18850
29DC0860
9D918870
2BED0880
2CF58890
2DFE08A0
2E0808B0
2F1088C0
301908D0
312188E0
9DA988F0
9DB18900
343B0910
35438920
364C0930
9DB18940
385D0950
39658960
3A6E0970
3B700980
3C788990
3D8109A0
3E8989B0
9DB989C0
409A89D0
9DC189E0
42AB89F0
43B40A00
44BC8A10
45C50A20
46CD8A30
47D60A40
48D80A50
49E08A60
4AE90A70
4BF18A80
4CFA0A90
4D0A8AA0
9E380AB0
9E518AC0
50240AD0
512C8AE0
9E598AF0
533D8B00
54460B10
9E698B20
56508B30
57590B40
58618B50
596A0B60
5A728B70
5B7B0B80
5C838B90
9E798BA0
5E948BB0
5F9D0BC0
60A58BD0
61AE0BE0
62B00BF0
63B88C00
64C10C10
65C98C20
66D20C30
67DA8C40
68E30C50
69EB8C60
6AF40C70
6BFC8C80
6C0D0C90
6D158CA0
6E1E0CB0
6F200CC0
70288CD0
71310CE0
72398CF0
73420D00
744A8D10
75530D20
765B8D30
77640D40
786C8D50
79750D60
7A7D8D70
7B860D80
7C880D90
7D908DA0
7E990DB0
7FA18DC0
80AA0DD0
81B28DE0
82BB0DF0
83C38E00
84CC0E10
85D48E20
86DD0E30
87E58E40
88EE0E50
89F00E60
8AF88E70
8B090E80
8C118E90
8D1A0EA0
8E228EB0
8F2B0EC0
90338ED0
913C0EE0
92448EF0
934D0F00
94558F10
955E0F20
96600F30
97688F40
98710F50
99798F60
9A820F70
9B8A8F80
9C930F90
9D9B8FA0
9EA40FB0
9FAC8FC0
A0B50FD0
A1BD8FE0
A2C60FF0
A3C81000
A4D09010
A5D91020
A6E19030
A7EA1040
A8F29050
A9FB1060
AA0B9070
AB141080
AC1C9090
AD2510A0
AE2D90B0
AF3610C0
B03810D0
B14090E0
B24910F0
B3519100
B45A1110
B5629120
B66B1130
B7739140
B87C1150
B9849160
BA8D1170
BB959180
BC9E1190
BDA011A0
BEA891B0
BFB111C0
C0B991D0
C1C211E0
C2CA91F0
C3D31200
C4DB9210
C5E41220
C6EC9230
C7F51240
C8FD9250
C90E1260
CA101270
CB189280
CC211290
CD2992A0
CE3212B0
CF3A92C0
D04312D0
D14B92E0
D25412F0
D35C9300
D4651310
D56D9320
D6761330
01781340
02809350
03891360
04919370
059A1380
06A29390
07AB13A0
08B393B0
09BC13C0
0AC493D0
0BCD13E0
0CD593F0
0DDE1400
0EE01410
0FE89420
10F11430
11F99440
120A1450
13129460
141B1470
15239480
162C1490
173494A0
183D14B0
194594C0
1A4E14D0
1B5014E0
1C5894F0
1D611500
1E699510
1F721520
207A9530
21831540
228B9550
23941560
249C9570
25A51580
26AD9590
27B615A0
28B815B0
29C095C0
2AC915D0
2BD195E0
2CDA15F0
2DE29600
2EEB1610
2FF39620
30FC1630
310C9640
32151650
9F201660
9F299670
9F319680
9F399690
373916A0
9F3996B0
9F4196C0
9F4196D0
9F4196E0
9F4196F0
9F409700
9F499710
9F499720
9F499730
9F499740
9F499750
9F499760
9F499770
9F499780
9F499790
9F4997A0
9F4997B0
9F5197C0
3E5317D0
9F5197E0
9F5197F0
4DED9800
9F519810
9F519820
9F519830
9F599840
9F599850
9F599860
9F609870
AF609880
2A619890
9F6198A0
9F6198B0
9F6198C0
9F6198D0
9F6198E0
9F6998F0
9F699900
9F699910
9F699920
9F699930
1E689940
9F719950
9F719960
9F719970
9F799980
9F821990
9F8199A0
A03899B0
A06099C0
6AD899D0
876999E0
A06999F0
6DF21A00
6EFA9A10
6F0B1A20
A0719A30
711C1A40
72249A50
732D1A60
74359A70
A0821A80
A0821A90
77489AA0
A08A1AB0
79599AC0
7A621AD0
7B6A9AE0
7C731AF0
A13A9B00
A1509B10
7F8C9B20
80951B30
819D9B40
82A61B50
83A81B60
84B09B70
85B91B80
A22C1B90
87CA1BA0
88D29BB0
89DB1BC0
A22C1BD0
A2341BE0
A2341BF0
8DFD1C00
A2341C10
A2341C20
90181C30
A2341C40
A2341C50
93319C60
A2341C70
A2341C80
964B1C90
97539CA0
985C1CB0
99649CC0
9A6D1CD0
A23C1CE0
9C7E1CF0
A23C1D00
A23C1D10
9F911D20
A23C1D30
A23C1D40
A23C1D50
A3B31D60
A4BB9D70
A23C1D80
A23C1D90
A7D51DA0
A23C1DB0
A23C1DC0
A23C1DD0
A23C1DE0
A23C1DF0
AD099E00
AE121E10
A2441E20
B0231E30
A2441E40
A2441E50
A2441E60
B4451E70
A2441E80
A2441E90
A2441EA0
A2441EB0
B9691EC0
A2441ED0
A2441EE0
BC829EF0
A2441F00
BE939F10
BF9C1F20
A2441F30
C1AD1F40
C2B59F50
C3BE1F60
A24C1F70
A24C1F80
A24C1F90
A24C1FA0
C8E21FB0
C9EA9FC0
A24C1FD0
CBFB9FE0
CC0C1FF0
A24C2000
A24C2010
A24C2020
A24C2030
A24C2040
A24C2050
A24C2060
D449A070
D5522080
A24C2090
A24C20A0
A25420B0
037420C0
A25420D0
058520E0
A25420F0
A2542100
A2542110
A2542120
0AA92130
A2542140
0CBA2150
A2542160
A2542170
0FD3A180
10DC2190
A25421A0
A25421B0
13F5A1C0
A25421D0
A25421E0
A25421F0
A2542200
A2542210
A2542220
1A32A230
1B3B2240
1C43A250
A2542260
1E54A270
1F5D2280
2065A290
216E22A0
227022B0
2378A2C0
A25C22D0
A25C22E0
A25C22F0
279AA300
28A32310
29ABA320
2AB42330
2BBCA340
A25C2350
A25C2360
2ED62370
A25C2380
30E0A390
31E923A0
A25C23B0
A26423C0
340AA3D0
A26423E0
361BA3F0
37242400
A2642410
A2642420
3A3DA430
A2642440
3C482450
3D50A460
A2642470
3F61A480
406A2490
4172A4A0
427B24B0
4383A4C0
A26424D0
4594A4E0
A26424F0
A2642500
A2642510
A2642520
A2642530
4BC12540
4CC9A550
4DD22560
A2642570
A26C2580
50EBA590
51F425A0
A26C25B0
530D25C0
5415A5D0
551E25E0
562025F0
5728A600
58312610
A26C2620
A26C2630
5B4AA640
A26C2650
5D5BA660
5E642670
A26C2680
60752690
617DA6A0
628626B0
638826C0
A27426D0
A27426E0
66A1A6F0
67AA2700
68B2A710
69BB2720
6AC3A730
A27C2740
A27C2750
6DDD2760
6EE5A770
6FEE2780
70F02790
71F8A7A0
720927B0
7311A7C0
A28427D0
7522A7E0
A28427F0
A2842800
783C2810
A2842820
A28C2830
7B55A840
7C5E2850
7D602860
7E68A870
A28C2880
8079A890
818228A0
A29428B0
839328C0
849BA8D0
85A428E0
86ACA8F0
87B52900
A338A910
89C62920
A321A930
8BD0A940
A350A950
8DE1A960
A329A970
A329A980
A329A990
910BA9A0
A329A9B0
931CA9C0
A329A9D0
952DA9E0
963629F0
A331AA00
A331AA10
A331AA20
A331AA30
9B5A2A40
9C62AA50
A331AA60
9E73AA70
A331AA80
A084AA90
A331AAA0
A295AAB0
A331AAC0
A4A02AD0
A339AAE0
A339AAF0
A339AB00
A339AB10
A339AB20
A339AB30
A339AB40
A339AB50
A339AB60
AEF52B70
A339AB80
A339AB90
A339ABA0
A339ABB0
B3212BC0
A341ABD0
A341ABE0
A341ABF0
B7432C00
A341AC10
B9542C20
BA5CAC30
A341AC40
A341AC50
BD762C60
A341AC70
A341AC80
C0892C90
A341ACA0
C29A2CB0
C3A2ACC0
C4AB2CD0
A341ACE0
A341ACF0
A341AD00
A341AD10
C9D5AD20
A341AD30
CBE02D40
CCE8AD50
CDF12D60
A349AD70
CF0A2D80
D012AD90
A349ADA0
A349ADB0
A349ADC0
A349ADD0
D53D2DE0
D645ADF0
014E2E00
A349AE10
A349AE20
04612E30
A349AE40
06722E50
A349AE60
A349AE70
A351AE80
0A942E90
0B9CAEA0
A351AEB0
0DADAEC0
A351AED0
0FB82EE0
A351AEF0
11C92F00
12D1AF10
13DA2F20
14E2AF30
A351AF40
16F3AF50
17FC2F60
180CAF70
A351AF80
1A1DAF90
1B262FA0
1C282FB0
1D30AFC0
A351AFD0
A359AFE0
204A2FF0
2152B000
225B3010
A359B020
A359B030
A359B040
267D3050
2785B060
288E3070
29903080
2A98B090
2BA130A0
2CA9B0B0
2DB230C0
2EBAB0D0
2FC330E0
30CBB0F0
31D43100
32DCB110
33E53120
34EDB130
35F63140
36F83150
3708B160
38113170
3919B180
A369B190
3B2AB1A0
3C3331B0
3D3BB1C0
3E4431D0
A369B1E0
405531F0
A369B200
42663210
A369B220
A369B230
45793240
4681B250
478A3260
4892B270
499B3280
4AA3B290
4BAC32A0
4CB4B2B0
4DBD32C0
4EC5B2D0
4FCE32E0
A371B2F0
51D8B300
A371B310
53E9B320
54F23330
55FAB340
560B3350
5713B360
581C3370
5924B380
A381B390
5B35B3A0
5C3E33B0
5D4033C0
5E48B3D0
5F5133E0
6059B3F0
61623400
626AB410
63733420
A399B430
65843440
668CB450
A3A1B460
689DB470
69A63480
A4383490
A449B4A0
A448B4B0
A451B4C0
A451B4D0
A451B4E0
A451B4F0
A451B500
72EC3510
A451B520
74FD3530
750DB540
76163550
77183560
A459B570
79293580
7A31B590
A459B5A0
7C42B5B0
7D4B35C0
A459B5D0
A459B5E0
8064B5F0
816D3600
A461B610
A461B620
A461B630
A461B640
A461B650
A461B660
88A23670
89AAB680
A469B690
A469B6A0
8CC436B0
A469B6C0
8ED536D0
A469B6E0
A469B6F0
A469B700
A468B710
A471B720
9409B730
A471B740
A471B750
A471B760
A471B770
A471B780
A471B790
9B4537A0
9C4DB7B0
9D5637C0
A471B7D0
A471B7E0
A471B7F0
A171B800
A27A3810
A382B820
A48B3830
A593B840
A479B850
A7A4B860
A479B870
A9B5B880
A479B890
ABC038A0
A479B8B0
A479B8C0
A481B8D0
AFE238E0
B0EAB8F0
A481B900
A481B910
A481B920
B414B930
B51D3940
B625B950
B72E3960
B8303970
B938B980
BA413990
A481B9A0
A481B9B0
BD5AB9C0
BE6339D0
BF6BB9E0
C07439F0
C17CBA00
C2853A10
A489BA20
C4963A30
C5983A40
C6A0BA50
C7A93A60
C8B1BA70
A489BA80
CAC2BA90
A491BAA0
CCD3BAB0
CDDC3AC0
A499BAD0
A499BAE0
A499BAF0
D1FE3B00
D2083B10
D310BB20
D4193B30
A4A1BB40
A4A1BB50
0132BB60
023B3B70
0343BB80
044C3B90
A4A9BBA0
065D3BB0
0765BBC0
086E3BD0
A4C1BBE0
0A78BBF0
0B813C00
0C89BC10
0D923C20
0E9ABC30
0FA33C40
10ABBC50
11B43C60
A540BC70
13C53C80
A561BC90
A561BCA0
16D83CB0
A6383CC0
A6483CD0
A659BCE0
A660BCF0
A692BD00
A740BD10
1D1BBD20
1E243D30
1F2CBD40
20353D50
213DBD60
22463D70
23483D80
2450BD90
25593DA0
2661BDB0
A750BDC0
2872BDD0
297B3DE0
2A83BDF0
2B8C3E00
2C94BE10
2D9D3E20
2EA5BE30
2FAE3E40
30B03E50
31B8BE60
32C13E70
33C9BE80
34D23E90
35DABEA0
36E33EB0
37EBBEC0
38F43ED0
39FCBEE0
3A0D3EF0
3B15BF00
3C1E3F10
3D203F20
3E28BF30
3F313F40
4039BF50
41423F60
424ABF70
43533F80
445BBF90
45643FA0
466CBFB0
47753FC0
487DBFD0
49863FE0
4A883FF0
4B90C000
4C994010
4DA1C020
4EAA4030
4FB2C040
50BB4050
51C3C060
52CC4070
53D4C080
54DD4090
55E5C0A0
56EE40B0
57F040C0
58F8C0D0
590940E0
5A11C0F0
5B1A4100
5C22C110
5D2B4120
5E33C130
5F3C4140
6044C150
614D4160
6255C170
635E4180
64604190
6568C1A0
667141B0
6779C1C0
688241D0
698AC1E0
6A9341F0
6B9BC200
6CA44210
6DACC220
6EB54230
6FBDC240
70C64250
71C84260
72D0C270
73D94280
74E1C290
75EA42A0
76F2C2B0
77FB42C0
780BC2D0
791442E0
7A1CC2F0
7B254300
7C2DC310
7D364320
7E384330
7F40C340
80494350
8151C360
825A4370
8362C380
846B4390
8573C3A0
867C43B0
8784C3C0
888D43D0
8995C3E0
8A9E43F0
8BA04400
8CA8C410
8DB14420
8EB9C430
8FC24440
90CAC450
91D34460
92DBC470
93E44480
94ECC490
95F544A0
96FDC4B0
970E44C0
981044D0
9918C4E0
9A2144F0
9B29C500
9C324510
9D3AC520
9E434530
9F4BC540
A0544550
A15CC560
A2654570
A36DC580
A4764590
A57845A0
A680C5B0
A78945C0
A891C5D0
A99A45E0
AAA2C5F0
ABAB4600
ACB3C610
ADBC4620
AEC4C630
AFCD4640
B0D5C650
B1DE4660
B2E04670
B3E8C680
B4F14690
B5F9C6A0
B60A46B0
B712C6C0
B81B46D0
B923C6E0
BA2C46F0
BB34C700
BC3D4710
BD45C720
BE4E4730
A768C740
C058C750
C1614760
C269C770
C3724780
C47AC790
C58347A0
C68BC7B0
C79447C0
C89CC7D0
C9A547E0
CAADC7F0
CBB64800
CCB84810
CDC0C820
CEC94830
CFD1C840
D0DA4850
D1E2C860
D2EB4870
D3F3C880
D4FC4890
D50CC8A0
D61548B0
011DC8C0
022648D0
A770C8E0
0430C8F0
05394900
0641C910
074A4920
0852C930
095B4940
0A63C950
0B6C4960
0C74C970
0D7D4980
0E85C990
0F8E49A0
109049B0
1198C9C0
12A149D0
13A9C9E0
14B249F0
15BACA00
16C34A10
17CBCA20
18D44A30
19DCCA40
1AE54A50
1BEDCA60
1CF64A70
1DF84A80
1E08CA90
1F114AA0
2019CAB0
21224AC0
222ACAD0
A770CAE0
243BCAF0
25444B00
264CCB10
27554B20
285DCB30
29664B40
2A684B50
2B70CB60
2C794B70
2D81CB80
2E8A4B90
2F92CBA0
309B4BB0
31A3CBC0
32AC4BD0
33B4CBE0
34BD4BF0
35C5CC00
36CE4C10
37D04C20
38D8CC30
39E14C40
3AE9CC50
3BF24C60
3CFACC70
A778CC80
3E13CC90
3F1C4CA0
4024CCB0
412D4CC0
4235CCD0
433E4CE0
44404CF0
4548CD00
46514D10
4759CD20
48624D30
496ACD40
4A734D50
4B7BCD60
4C844D70
4D8CCD80
4E954D90
4F9DCDA0
50A64DB0
51A84DC0
52B0CDD0
53B94DE0
54C1CDF0
55CA4E00
56D2CE10
57DB4E20
58E3CE30
59EC4E40
5AF4CE50
5BFD4E60
5C0DCE70
5D164E80
5E184E90
5F20CEA0
60294EB0
6131CEC0
623A4ED0
6342CEE0
644B4EF0
6553CF00
665C4F10
6764CF20
686D4F30
6975CF40
6A7E4F50
6B804F60
6C88CF70
6D914F80
6E99CF90
6FA24FA0
70AACFB0
71B34FC0
72BBCFD0
73C44FE0
74CCCFF0
75D55000
76DDD010
77E65020
78E85030
79F0D040
7AF95050
7B09D060
7C125070
7D1AD080
7E235090
7F2BD0A0
803450B0
813CD0C0
824550D0
834DD0E0
845650F0
85585100
8660D110
87695120
8871D130
897A5140
8A82D150
8B8B5160
8C93D170
8D9C5180
8EA4D190
8FAD51A0
90B5D1B0
91BE51C0
92C051D0
93C8D1E0
94D151F0
95D9D200
96E25210
97EAD220
98F35230
99FBD240
9A0C5250
9B14D260
9C1D5270
9D25D280
9E2E5290
9F3052A0
A038D2B0
A14152C0
A249D2D0
A35252E0
A45AD2F0
A5635300
A66BD310
A7745320
A87CD330
A9855340
AA8DD350
AB965360
AC985370
ADA0D380
AEA95390
AFB1D3A0
B0BA53B0
B1C2D3C0
B2CB53D0
A780D3E0
B4DC53F0
B5E4D400
B6ED5410
B7F5D420
B8FE5430
B9085440
BA10D450
BB195460
BC21D470
BD2A5480
BE32D490
BF3B54A0
C043D4B0
C14C54C0
C254D4D0
C35D54E0
C465D4F0
C56E5500
C6705510
C778D520
C8815530
C989D540
CA925550
CB9AD560
CCA35570
CDABD580
CEB45590
CFBCD5A0
D0C555B0
D1CDD5C0
D2D655D0
D3D855E0
D4E0D5F0
D5E95600
D6F1D610
01FA5620
020AD630
03135640
041BD650
05245660
062CD670
07355680
083DD690
A788D6A0
0A4856B0
0B50D6C0
0C5956D0
0D61D6E0
0E6A56F0
0F72D700
107B5710
1183D720
128C5730
1394D740
149D5750
15A5D760
16AE5770
17B05780
18B8D790
19C157A0
1AC9D7B0
1BD257C0
1CDAD7D0
1DE357E0
1EEBD7F0
1FF45800
20FCD810
210D5820
2215D830
231E5840
24205850
2528D860
26315870
2739D880
28425890
294AD8A0
2A5358B0
2B5BD8C0
2C6458D0
2D6CD8E0
A790D8F0
2F7DD900
30865910
31885920
3290D930
33995940
34A1D950
35AA5960
36B2D970
37BB5980
38C3D990
39CC59A0
3AD4D9B0
3BDD59C0
3CE5D9D0
3DEE59E0
3EF059F0
3FF8DA00
40095A10
4111DA20
421A5A30
4322DA40
442B5A50
4533DA60
463C5A70
4744DA80
484D5A90
4955DAA0
4A5E5AB0
4B605AC0
4C68DAD0
4D715AE0
4E79DAF0
4F825B00
508ADB10
51935B20
529BDB30
53A45B40
54ACDB50
55B55B60
56BDDB70
57C65B80
58C85B90
59D0DBA0
5AD95BB0
5BE1DBC0
5CEA5BD0
5DF2DBE0
5EFB5BF0
5F0BDC00
60145C10
611CDC20
62255C30
632DDC40
64365C50
65385C60
6640DC70
67495C80
6851DC90
A790DCA0
6A62DCB0
6B6B5CC0
6C73DCD0
6D7C5CE0
6E84DCF0
6F8D5D00
7095DD10
719E5D20
72A05D30
73A8DD40
74B15D50
A79ADD60
76C25D70
77CADD80
78D35D90
79DBDDA0
7AE45DB0
7BECDDC0
7CF55DD0
7DFDDDE0
7E0E5DF0
7F105E00
8018DE10
81215E20
8229DE30
83325E40
843ADE50
85435E60
864BDE70
87545E80
885CDE90
89655EA0
8A6DDEB0
8B765EC0
8C785ED0
8D80DEE0
8E895EF0
8F91DF00
909A5F10
91A2DF20
92AB5F30
93B3DF40
94BC5F50
95C4DF60
96CD5F70
97D5DF80
98DE5F90
99E05FA0
9AE8DFB0
9BF15FC0
9CF9DFD0
9D0A5FE0
9E12DFF0
9F1B6000
A023E010
A12C6020
A234E030
A33D6040
A445E050
A54E6060
A6506070
A758E080
A8616090
A969E0A0
AA7260B0
AB7AE0C0
AC8360D0
AD8BE0E0
AE9460F0
AF9CE100
B0A56110
B1ADE120
B2B66130
B3B86140
B4C0E150
B5C96160
B6D1E170
B7DA6180
B8E2E190
B9EB61A0
BAF3E1B0
BBFC61C0
BC0CE1D0
BD1561E0
BE1DE1F0
BF266200
C0286210
C130E220
C2396230
C341E240
C44A6250
C552E260
C65B6270
C763E280
C86C6290
C974E2A0
CA7D62B0
CB85E2C0
CC8E62D0
CD9062E0
CE98E2F0
CFA16300
D0A9E310
D1B26320
D2BAE330
D3C36340
D4CBE350
D5D46360
D6DCE370
01E56380
02EDE390
03F663A0
04F863B0
0508E3C0
061163D0
A7A8E3E0
082263F0
092AE400
0A336410
0B3BE420
0C446430
0D4CE440
0E556450
0F5DE460
10666470
11686480
1270E490
137964A0
1481E4B0
158A64C0
1692E4D0
179B64E0
18A3E4F0
19AC6500
1AB4E510
1BBD6520
1CC5E530
1DCE6540
1ED06550
1FD8E560
20E16570
21E9E580
22F26590
23FAE5A0
240B65B0
2513E5C0
261C65D0
2724E5E0
282D65F0
2935E600
2A3E6610
2B406620
2C48E630
2D516640
2E59E650
2F626660
306AE670
31736680
327BE690
338466A0
A7C0E6B0
359566C0
369DE6D0
37A666E0
38A866F0
39B0E700
3AB96710
3BC1E720
3CCA6730
3DD2E740
3EDB6750
3FE3E760
40EC6770
41F4E780
42FD6790
430DE7A0
441667B0
451867C0
4620E7D0
472967E0
4831E7F0
493A6800
4A42E810
4B4B6820
4C53E830
4D5C6840
4E64E850
A731E860
A731E870
A739E880
A739E890
A739E8A0
A739E8B0
A739E8C0
A741E8D0
A741E8E0
A741E8F0
A741E900
5AC46910
A741E920
A741E930
A741E940
A741E950
5FE86960
A741E970
61F96980
A749E990
A749E9A0
A749E9B0
A749E9C0
A749E9D0
A749E9E0
A749E9F0
A749EA00
A749EA10
A749EA20
A749EA30
A749EA40
A749EA50
A749EA60
A749EA70
A749EA80
A749EA90
A749EAA0
A749EAB0
A749EAC0
A749EAD0
A749EAE0
A749EAF0
A751EB00
A751EB10
A751EB20
A751EB30
A751EB40
A751EB50
7FF36B60
A751EB70
810C6B80
A751EB90
A751EBA0
A751EBB0
A751EBC0
A751EBD0
A751EBE0
A751EBF0
A751EC00
A751EC10
A751EC20
A751EC30
A751EC40
A751EC50
A751EC60
90856C70
A751EC80
A751EC90
A751ECA0
A751ECB0
A751ECC0
A751ECD0
A751ECE0
A759ECF0
A759ED00
A759ED10
A759ED20
9CE4ED30
9DED6D40
A759ED50
A759ED60
A759ED70
A759ED80
A759ED90
A321EDA0
A759EDB0
A759EDC0
A759EDD0
A759EDE0
A759EDF0
A759EE00
A759EE10
A759EE20
A759EE30
A759EE40
A759EE50
AF816E60
A759EE70
A759EE80
A759EE90
A759EEA0
A759EEB0
A759EEC0
A759EED0
A759EEE0
A759EEF0
A759EF00
A759EF10
A759EF20
A759EF30
A759EF40
A759EF50
A759EF60
A759EF70
A761EF80
A761EF90
A761EFA0
C4356FB0
A761EFC0
A761EFD0
A761EFE0
A761EFF0
A761F000
A761F010
A761F020
A761F030
A761F040
A761F050
A761F060
A761F070
A761F080
A761F090
A761F0A0
A761F0B0
A761F0C0
A761F0D0
A761F0E0
A761F0F0
A761F100
A761F110
A761F120
A761F130
A761F140
A761F150
A769F160
A769F170
A769F180
A769F190
A769F1A0
A769F1B0
0F4271C0
A769F1D0
A769F1E0
A769F1F0
13647200
A769F210
A769F220
A769F230
A769F240
A769F250
A769F260
A769F270
A769F280
A769F290
A769F2A0
A769F2B0
A769F2C0
A769F2D0
A769F2E0
A769F2F0
A769F300
A769F310
A771F320
26F8F330
A771F340
A771F350
A771F360
A771F370
A771F380
A771F390
A771F3A0
A771F3B0
A771F3C0
A771F3D0
A771F3E0
A771F3F0
A771F400
A771F410
A771F420
A771F430
A771F440
A771F450
A779F460
A779F470
A779F480
A779F490
A779F4A0
3EC674B0
A779F4C0
A779F4D0
A779F4E0
A779F4F0
A779F500
A779F510
A779F520
A779F530
A779F540
A779F550
A781F560
A781F570
A781F580
4C387590
A781F5A0
A781F5B0
A781F5C0
A781F5D0
A781F5E0
526B75F0
5373F600
A789F610
A789F620
A789F630
A789F640
A789F650
A789F660
A789F670
A789F680
A789F690
A789F6A0
A789F6B0
A791F6C0
A791F6D0
61E476E0
A791F6F0
A791F700
A791F710
A799F720
A7A1F730
A7A1F740
68217750
A7B1F760
6A327770
6B3AF780
6C437790
6D4BF7A0
6E5477B0
6F5CF7C0
706577D0
716DF7E0
727677F0
73787800
7480F810
75897820
7691F830
779A7840
78A2F850
79AB7860
7AB3F870
7BBC7880
7CC4F890
7DCD78A0
7ED5F8B0
7FDE78C0
80E078D0
81E8F8E0
82F178F0
83F9F900
840A7910
8512F920
861B7930
8723F940
882C7950
8934F960
8A3D7970
8B45F980
8C4E7990
8D5079A0
8E58F9B0
8F6179C0
9069F9D0
917279E0
927AF9F0
93837A00
948BFA10
95947A20
969CFA30
97A57A40
98ADFA50
99B67A60
9AB87A70
9BC0FA80
9CC97A90
9DD1FAA0
9EDA7AB0
9FE2FAC0
A0EB7AD0
A1F3FAE0
A2FC7AF0
A30CFB00
A4157B10
A51DFB20
A6267B30
A7287B40
A830FB50
A9397B60
AA41FB70
AB4A7B80
AC52FB90
AD5B7BA0
AE63FBB0
AF6C7BC0
B074FBD0
B17D7BE0
B285FBF0
B38E7C00
B4907C10
B598FC20
B6A17C30
B7A9FC40
B8B27C50
B9BAFC60
BAC37C70
BBCBFC80
BCD47C90
BDDCFCA0
BEE57CB0
BFEDFCC0
C0F67CD0
C1F87CE0
C208FCF0
C3117D00
C419FD10
C5227D20
C62AFD30
C7337D40
C83BFD50
C9447D60
CA4CFD70
CB557D80
CC5DFD90
CD667DA0
CE687DB0
CF70FDC0
D0797DD0
D181FDE0
D28A7DF0
D392FE00
D49B7E10
D5A3FE20
D6AC7E30
01B4FE40
02BD7E50
03C5FE60
04CE7E70
A9187E80
A924FE90
A92CFEA0
A934FEB0
09F27EC0
A934FED0
A934FEE0
A934FEF0
A93CFF00
A93CFF10
A93CFF20
A93CFF30
A93CFF40
A93CFF50
A93CFF60
A93CFF70
A944FF80
A944FF90
A94CFFA0
A94CFFB0
A94CFFC0
A94CFFD0
A94CFFE0
1C957FF0
A94C8000
A94C8010
A94C8020
A9548030
A9548040
A9548050
A9548060
A95C8070
A95C8080
A95C8090
A95C80A0
A95C80B0
A95C80C0
A95C80D0
A95C80E0
A95C80F0
A95C8100
A9648110
A9648120
303A0130
A9648140
A9648150
A96C8160
A96C8170
35648180
A96C8190
A97481A0
387E01B0
AA4081C0
3A8881D0
3B9101E0
AA2181F0
3DA20200
AA298210
3FB30220
40BB8230
41C40240
42CC8250
43D50260
44DD8270
45E60280
46E80290
AA3182A0
48F902B0
490982C0
4A1202D0
AA3182E0
4C2302F0
4D2B8300
AA318310
AA318320
AA318330
AA318340
AA318350
AA318360
54608370
55690380
56718390
577A03A0
AA3983B0
AA3983C0
AA3983D0
5B9C03E0
AA3983F0
AA398400
5EB58410
AA398420
60C00430
AA398440
AA398450
AA398460
AA398470
AA398480
AA398490
67FB84A0
AA4184B0
AA4184C0
AA4184D0
AA4184E0
6C2E04F0
AA418500
AA418510
6F410520
70498530
AA418540
AA418550
73630560
746B8570
75740580
767C8590
778505A0
AA4985B0
799605C0
7A9805D0
AA4985E0
AA4985F0
7DB18600
AA498610
AA498620
80CB0630
AA498640
82DC0650
83E48660
AA498670
AA498680
AA498690
AA5186A0
881086B0
AA5186C0
8A2186D0
8B2A06E0
8C3286F0
8D3B0700
8E438710
AA518720
90548730
AA518740
AA518750
AA518760
AA518770
95788780
96810790
978987A0
989207B0
999A87C0
9AA307D0
9BAB87E0
9CB407F0
9DBC8800
9EC50810
9FCD8820
AA598830
A1D80840
AA598850
AA598860
A4F18870
AA598880
A60A8890
A71308A0
AA5988B0
A92408C0
AA5988D0
AB3508E0
AA5988F0
AA598900
AE480910
AF508920
B0590930
AA618940
B26A0950
B3728960
AA598970
AA618980
AA618990
B79489A0
B89D09B0
AA6989C0
BAAE09D0
BBB009E0
BCB889F0
BDC10A00
BEC98A10
BFD20A20
C0DA8A30
C1E30A40
C2EB8A50
C3F40A60
AA718A70
C50D0A80
C6158A90
C71E0AA0
C8200AB0
C9288AC0
CA310AD0
CB398AE0
CC420AF0
AA818B00
CE530B10
CF5B8B20
D0640B30
D16C8B40
D2750B50
AB400B60
D4860B70
D5880B80
AC418B90
AC560BA0
02A18BB0
AC508BC0
AC508BD0
1D518BE0
06C38BF0
AC588C00
AC628C10
09DD0C20
0AE58C30
AC618C40
AC618C50
AC608C60
AC628C70
0F118C80
AC698C90
AC698CA0
122B0CB0
AC718CC0
AC688CD0
AC698CE0
AC698CF0
17558D00
185E0D10
AC718D20
1A688D30
1B710D40
AC818D50
1D820D60
1E8A8D70
1F930D80
209B8D90
21A40DA0
22AC8DB0
23B50DC0
24BD8DD0
25C60DE0
26C80DF0
AC920E00
28D90E10
29E18E20
2AEA0E30
2BF28E40
2CFB0E50
2D0B8E60
2E140E70
AD400E80
AD588E90
AD588EA0
32360EB0
33380EC0
34408ED0
35490EE0
AD608EF0
375A0F00
AD608F10
396B0F20
AD608F30
3B7C0F40
3C848F50
AD688F60
AD688F70
3F9E0F80
AD688F90
41A88FA0
42B10FB0
43B98FC0
44C20FD0
AD688FE0
46D30FF0
AD709000
AD709010
49EC9020
4AF51030
AD789040
AD789050
AD709060
AD789070
AD789080
AD789090
513210A0
523A90B0
534310C0
AD8090D0
AD8090E0
AD8090F0
57651100
586D9110
59761120
AD809130
5B809140
5C891150
AD809160
5E9A1170
5FA29180
60AB1190
61B391A0
62BC11B0
AD8891C0
64CD11D0
AD8891E0
66DE11F0
67E01200
68E89210
69F11220
6AF99230
6B0A1240
6C129250
6D1B1260
6E239270
AD989280
70349290
AD9892A0
724592B0
734E12C0
AD9892D0
755892E0
766112F0
ADA09300
78721310
ADA89320
7A831330
7B8B9340
7C941350
7D9C9360
7EA51370
ADA89380
ADA89390
81B813A0
82C093B0
83C913C0
84D193D0
ADB093E0
86E293F0
87EB1400
88F39410
89FC1420
8A0C9430
8B151440
8C1D9450
8D261460
8E281470
8F309480
90391490
914194A0
924A14B0
935294C0
945B14D0
956394E0
966C14F0
97749500
987D1510
AE409520
AE619530
9B901540
9C989550
AE699560
9EA99570
9FB21580
AE719590
A1C315A0
AE8195B0
A3D415C0
A4DC95D0
AF4195E0
A6ED95F0
AF789600
AF9A9610
B0481620
AA111630
AB199640
1B7A9650
AD2A9660
AE331670
AF3B9680
B1481690
B14C96A0
B25516B0
B35D96C0
B46616D0
B56816E0
B67096F0
B7791700
B8819710
B98A1720
B1699730
B1699740
BCA39750
B1699760
BEB49770
BFBD1780
C0C59790
B17197A0
C2D017B0
B17197C0
B17197D0
C5E997E0
B17197F0
C7FA9800
B1719810
C9139820
CA1C1830
CB249840
B1719850
CD359860
CE3E1870
CF401880
D0489890
D15118A0
B17998B0
D36218C0
B17998D0
D57318E0
D67B98F0
01841900
B1799910
B1799920
049D9930
B1819940
06A81950
07B09960
08B91970
B1819980
0ACA1990
0BD299A0
0CDB19B0
0DE399C0
0EEC19D0
0FF499E0
10FD19F0
B1899A00
12161A10
13181A20
B1919A30
15291A40
16319A50
173A1A60
18429A70
194B1A80
1A539A90
1B5C1AA0
B1919AB0
1D6D1AC0
B1919AD0
B1919AE0
B1919AF0
21889B00
22911B10
B1999B20
B1919B30
B1999B40
26B31B50
27BB9B60
28C41B70
29CC9B80
2AD51B90
2BDD9BA0
2CE61BB0
2DE81BC0
2EF09BD0
2FF91BE0
30099BF0
31121C00
321A9C10
33231C20
342B9C30
35341C40
363C9C50
37451C60
384D9C70
39561C80
3A581C90
3B609CA0
3C691CB0
3D719CC0
3E7A1CD0
3F829CE0
408B1CF0
41939D00
429C1D10
43A49D20
44AD1D30
45B59D40
46BE1D50
47C01D60
48C89D70
49D11D80
4AD99D90
4BE21DA0
4CEA9DB0
4DF31DC0
4EFB9DD0
4F0C1DE0
50149DF0
511D1E00
52259E10
532E1E20
54301E30
55389E40
56411E50
B2261E60
B2399E70
595A9E80
B2619E90
B26C1EA0
B2699EB0
B2719EC0
B3489ED0
5F8D9EE0
60961EF0
61981F00
62A09F10
63A91F20
B4489F30
65BA1F40
B4699F50
B4719F60
68D39F70
69DC1F80
6AE49F90
6BED1FA0
6CF59FB0
6DFE1FC0
6E081FD0
6F109FE0
70191FF0
7121A000
722A2010
7332A020
743B2030
7543A040
764C2050
7754A060
785D2070
7965A080
7A6E2090
7B7020A0
7C78A0B0
7D8120C0
7E89A0D0
7F9220E0
809AA0F0
81A32100
82ABA110
83B42120
84BCA130
85C52140
86CDA150
87D62160
88D82170
89E0A180
8AE92190
8BF1A1A0
8CFA21B0
8D0AA1C0
8E1321D0
8F1BA1E0
902421F0
912CA200
92352210
933DA220
94462230
95482240
9650A250
97592260
9861A270
996A2280
9A72A290
9B7B22A0
9C83A2B0
9D8C22C0
9E94A2D0
9F9D22E0
A0A5A2F0
A1AE2300
A2B02310
A3B8A320
A4C12330
A5C9A340
A6D22350
A7DAA360
A8E32370
A9EBA380
AAF42390
ABFCA3A0
AC0D23B0
AD15A3C0
AE1E23D0
AF2023E0
B028A3F0
B1312400
B239A410
B3422420
B44AA430
B5532440
B65BA450
B7642460
B86CA470
B9752480
BA7DA490
BB8624A0
BC8824B0
BD90A4C0
BE9924D0
BFA1A4E0
C0AA24F0
C1B2A500
C2BB2510
C3C3A520
C4CC2530
C5D4A540
C6DD2550
C7E5A560
C8EE2570
C9F02580
CAF8A590
CB0925A0
CC11A5B0
CD1A25C0
CE22A5D0
CF2B25E0
D033A5F0
D13C2600
D244A610
D34D2620
D455A630
D55E2640
D6602650
0168A660
02712670
0379A680
04822690
058AA6A0
069326B0
079BA6C0
08A426D0
09ACA6E0
0AB526F0
0BBDA700
0CC62710
0DC82720
0ED0A730
0FD92740
B5302750
B541A760
B541A770
3349A780
B549A790
B549A7A0
3B49A7B0
5F51A7C0
B551A7D0
B551A7E0
B551A7F0
4551A800
B551A810
B551A820
B551A830
B551A840
B559A850
B559A860
B559A870
B559A880
B561A890
B561A8A0
269E28B0
B561A8C0
5561A8D0
B561A8E0
B561A8F0
B569A900
B569A910
2DD32920
B569A930
B569A940
30ECA950
B569A960
B571A970
B57AA980
34102990
B579A9A0
B579A9B0
B579A9C0
B579A9D0
B581A9E0
B581A9F0
B581AA00
B581AA10
B591AA20
3E652A30
B599AA40
B5A1AA50
18A8AA60
B5B9AA70
43892A80
4491AA90
459A2AA0
46A2AAB0
47AB2AC0
48B3AAD0
49BC2AE0
4AC4AAF0
4BCD2B00
4CD5AB10
4DDE2B20
4EE02B30
4FE8AB40
50F12B50
51F9AB60
520A2B70
5312AB80
541B2B90
5523ABA0
562C2BB0
5734ABC0
583D2BD0
5945ABE0
5A4E2BF0
5B502C00
5C58AC10
5D612C20
5E69AC30
5F722C40
607AAC50
61832C60
628BAC70
63942C80
649CAC90
65A52CA0
66ADACB0
67B62CC0
68B82CD0
B624ACE0
6AC92CF0
B64C2D00
B64C2D10
B649AD20
B6642D30
6FF3AD40
B66C2D50
710CAD60
72152D70
B679AD80
B681AD90
75282DA0
7630ADB0
77392DC0
7841ADD0
794A2DE0
B848ADF0
7B5B2E00
7C63AE10
7D6C2E20
7E74AE30
7F7D2E40
8085AE50
818E2E60
B861AE70
B861AE80
84A12E90
85A9AEA0
86B22EB0
87BAAEC0
88C32ED0
89CBAEE0
8AD42EF0
8BDCAF00
8CE52F10
8DEDAF20
8EF62F30
8FF82F40
9008AF50
91112F60
9219AF70
93222F80
942AAF90
95332FA0
963BAFB0
97442FC0
984CAFD0
99552FE0
9A5DAFF0
9B663000
9C683010
9D70B020
9E793030
9F81B040
A08A3050
A192B060
A29B3070
A3A3B080
A4AC3090
A5B4B0A0
A6BD30B0
A7C5B0C0
B87AB0D0
A9D030E0
AAD8B0F0
B880B100
ACE9B110
ADF23120
AEFAB130
AF0B3140
B013B150
B11C3160
B224B170
B32D3180
B435B190
B53E31A0
B64031B0
B748B1C0
B85131D0
B959B1E0
BA6231F0
BB6AB200
BC733210
BD7BB220
BE843230
BF8CB240
C0953250
C19DB260
C2A63270
C3A83280
C4B0B290
C5B932A0
C6C1B2B0
C7CA32C0
C8D2B2D0
B890B2E0
CAE3B2F0
CBEC3300
CCF4B310
CDFD3320
CE0DB330
CF163340
D0183350
D120B360
D2293370
D331B380
D43A3390
D542B3A0
D64B33B0
0153B3C0
025C33D0
0364B3E0
046D33F0
0575B400
067E3410
07803420
0888B430
09913440
0A99B450
0BA23460
0CAAB470
0DB33480
0EBBB490
0FC434A0
10CCB4B0
11D534C0
12DDB4D0
13E634E0
14E834F0
15F0B500
16F93510
1709B520
18123530
B8B0B540
B8B0B550
1B2BB560
1C343570
1D3CB580
1E453590
1F4DB5A0
205635B0
215835C0
2260B5D0
236935E0
2471B5F0
257A3600
2682B610
278B3620
2893B630
299C3640
B829B650
2BAD3660
B831B670
B839B680
B839B690
B839B6A0
B839B6B0
B839B6C0
B839B6D0
B839B6E0
B841B6F0
B841B700
B841B710
B841B720
B841B730
B841B740
B849B750
B849B760
B849B770
B849B780
B849B790
B849B7A0
B849B7B0
B849B7C0
B851B7D0
437437E0
B851B7F0
45853800
B851B810
47963820
B859B830
B859B840
B859B850
B859B860
B861B870
B861B880
4ECB3890
B861B8A0
B861B8B0
51E4B8C0
B869B8D0
53F5B8E0
B869B8F0
B869B900
B871B910
B871B920
B879B930
B879B940
B8C9B950
B9483960
B95C3970
B989B980
BA48B990
5F5D39A0
6065B9B0
616E39C0
BA71B9D0
BA81B9E0
648139F0
6589BA00
66923A10
679ABA20
68A33A30
69ABBA40
BA91BA50
6BBCBA60
6CC53A70
BAA0BA80
6ED63A90
6FD83AA0
70E0BAB0
71E93AC0
72F1BAD0
73FA3AE0
740ABAF0
75133B00
761BBB10
77243B20
782CBB30
79353B40
7A3DBB50
7B463B60
7C483B70
7D50BB80
7E593B90
7F61BBA0
806A3BB0
8172BBC0
827B3BD0
8383BBE0
848C3BF0
8594BC00
869D3C10
87A5BC20
88AE3C30
89B03C40
8AB8BC50
8BC13C60
8CC9BC70
8DD23C80
8EDABC90
8FE33CA0
90EBBCB0
91F43CC0
92FCBCD0
930D3CE0
9415BCF0
951E3D00
96203D10
9728BD20
98313D30
9939BD40
9A423D50
9B4ABD60
9C533D70
9D5BBD80
9E643D90
9F6CBDA0
A0753DB0
A17DBDC0
A2863DD0
A3883DE0
A490BDF0
A5993E00
A6A1BE10
A7AA3E20
A8B2BE30
A9BB3E40
AAC3BE50
ABCC3E60
ACD4BE70
ADDD3E80
AEE5BE90
AFEE3EA0
B0F03EB0
B1F8BEC0
B2093ED0
B311BEE0
B41A3EF0
B522BF00
B62B3F10
B733BF20
B83C3F30
B944BF40
BA4D3F50
BB55BF60
BC5E3F70
BD603F80
BE68BF90
BF713FA0
C079BFB0
C1823FC0
C28ABFD0
C3933FE0
C49BBFF0
C5A44000
C6ACC010
C7B54020
C8BDC030
C9C64040
CAC84050
CBD0C060
CCD94070
CDE1C080
CEEA4090
CFF2C0A0
D0FB40B0
D10BC0C0
D21440D0
D31CC0E0
D42540F0
D52DC100
D6364110
01384120
0240C130
03494140
0451C150
055A4160
0662C170
076B4180
0873C190
097C41A0
0A84C1B0
0B8D41C0
0C95C1D0
0D9E41E0
0EA041F0
0FA8C200
10B14210
11B9C220
12C24230
13CAC240
14D34250
15DBC260
16E44270
17ECC280
18F54290
19FDC2A0
1A0E42B0
1B1042C0
1C18C2D0
1D2142E0
1E29C2F0
1F324300
203AC310
21434320
224BC330
23544340
245CC350
25654360
266DC370
27764380
28784390
2980C3A0
2A8943B0
2B91C3C0
2C9A43D0
2DA2C3E0
2EAB43F0
2FB3C400
30BC4410
31C4C420
32CD4430
33D5C440
34DE4450
35E04460
36E8C470
37F14480
38F9C490
390A44A0
3A12C4B0
3B1B44C0
3C23C4D0
3D2C44E0
3E34C4F0
3F3D4500
4045C510
414E4520
42504530
4358C540
44614550
4569C560
46724570
477AC580
48834590
498BC5A0
4A9445B0
4B9CC5C0
4CA545D0
4DADC5E0
4EB645F0
4FB84600
50C0C610
51C94620
52D1C630
53DA4640
54E2C650
55EB4660
56F3C670
57FC4680
580CC690
591546A0
5A1DC6B0
BB1846C0
BB29C6D0
BB31C6E0
BB31C6F0
BB31C700
BB39C710
6152C720
BB39C730
BB39C740
BB41C750
BB41C760
BB41C770
BB41C780
BB41C790
BB41C7A0
BB41C7B0
BB41C7C0
BB40C7D0
BB40C7E0
BB41C7F0
BB41C800
BB49C810
1E48C820
BB49C830
BB49C840
BB49C850
BB49C860
BB49C870
BB49C880
78114890
BB51C8A0
BB51C8B0
BB51C8C0
7C3348D0
7D3BC8E0
BB51C8F0
BB59C900
BB59C910
BB59C920
BB59C930
83684940
BB59C950
BB59C960
BB61C970
BB60C980
8892C990
BB61C9A0
BB60C9B0
BB68C9C0
BB69C9D0
BB68C9E0
BB69C9F0
BB71CA00
BB71CA10
BB71CA20
BB79CA30
BB89CA40
BB99CA50
BBA1CA60
BBA1CA70
BC48CA80
981C4A90
9924CAA0
9A2D4AB0
9B35CAC0
9C3E4AD0
9D404AE0
9E48CAF0
BC69CB00
BC69CB10
A1624B20
A26ACB30
A3734B40
A47BCB50
BC71CB60
BC71CB70
BC79CB80
A89DCB90
BC79CBA0
AAA84BB0
BC79CBC0
ACB94BD0
ADC1CBE0
AECA4BF0
BC89CC00
BC89CC10
BC91CC20
B2EC4C30
B3F4CC40
BC91CC50
B50DCC60
B6164C70
B7184C80
B820CC90
B9294CA0
BC99CCB0
BC99CCC0
BC42CCD0
BD4B4CE0
BE53CCF0
BF5C4D00
BCB1CD10
C16D4D20
BCA9CD30
C37E4D40
C4804D50
C588CD60
C6914D70
BD514D80
C8A24D90
C9AACDA0
CAB34DB0
CBBBCDC0
CCC44DD0
CDCCCDE0
CED54DF0
CFDDCE00
BE68CE10
D1E84E20
D2F0CE30
D3F94E40
D409CE50
BE70CE60
D61ACE70
01234E80
022BCE90
03344EA0
BE78CEB0
05454EC0
BE80CED0
07564EE0
BE78CEF0
0960CF00
0A694F10
0B71CF20
0C7A4F30
0D82CF40
0E8B4F50
0F93CF60
109C4F70
11A4CF80
BE80CF90
13B5CFA0
BE80CFB0
15C04FC0
BE88CFD0
17D14FE0
18D9CFF0
19E25000
1AEAD010
1BF35020
BE90D030
1D0C5040
1E14D050
1F1D5060
2025D070
BE90D080
22305090
2338D0A0
244150B0
2549D0C0
265250D0
275AD0E0
BE98D0F0
296BD100
2A745110
BEA0D120
BEA0D130
2D8DD140
2E965150
2F985160
30A0D170
BEA8D180
32B1D190
33BA51A0
34C2D1B0
35CB51C0
36D3D1D0
37DC51E0
BEB8D1F0
39ED5200
3AF5D210
3BFE5220
BEC8D230
3D10D240
3E195250
3F21D260
402A5270
4132D280
423B5290
4343D2A0
444C52B0
4554D2C0
465D52D0
4765D2E0
C050D2F0
49705300
4A78D310
C1515320
4C89D330
4D925340
4E9AD350
C190D360
C199D370
51B45380
52BCD390
53C553A0
C1B0D3B0
C24853C0
56D853D0
57E0D3E0
58E953F0
59F1D400
C26C5410
C269D420
C2745430
C271D440
C2745450
C2745460
C27AD470
C2845480
C2845490
634854A0
C28C54B0
655954C0
C28C54D0
676A54E0
C289D4F0
697B5500
C29C5510
6B8C5520
6C94D530
C2A2D540
6EA5D550
6FAE5560
70B05570
71B8D580
72C15590
73C9D5A0
74D255B0
75DAD5C0
76E355D0
77EBD5E0
78F455F0
79FCD600
7A0D5610
7B15D620
7C1E5630
7D205640
7E28D650
7F315660
8039D670
81425680
824AD690
835356A0
845BD6B0
856456C0
866CD6D0
877556E0
887DD6F0
89865700
8A885710
8B90D720
8C995730
8DA1D740
8EAA5750
8FB2D760
90BB5770
91C3D780
92CC5790
93D4D7A0
94DD57B0
95E5D7C0
96EE57D0
97F057E0
98F8D7F0
99095800
9A11D810
9B1A5820
9C22D830
9D2B5840
9E33D850
9F3C5860
A044D870
A14D5880
A255D890
A35E58A0
A46058B0
A568D8C0
A67158D0
A779D8E0
A88258F0
A98AD900
AA935910
AB9BD920
ACA45930
ADACD940
AEB55950
AFBDD960
B0C65970
B1C85980
B2D0D990
B3D959A0
B4E1D9B0
B5EA59C0
B6F2D9D0
B7FB59E0
B80BD9F0
B9145A00
BA1CDA10
BB255A20
BC2DDA30
BD365A40
BE385A50
BF40DA60
C0495A70
C151DA80
C25A5A90
C362DAA0
C46B5AB0
C573DAC0
C67C5AD0
C784DAE0
C88D5AF0
C995DB00
CA9E5B10
CBA05B20
CCA8DB30
CDB15B40
CEB9DB50
CFC25B60
D0CADB70
D1D35B80
D2DBDB90
D3E45BA0
D4ECDBB0
D5F55BC0
D6FDDBD0
010E5BE0
02105BF0
0318DC00
04215C10
0529DC20
06325C30
073ADC40
08435C50
094BDC60
0A545C70
0B5CDC80
0C655C90
0D6DDCA0
0E765CB0
0F785CC0
1080DCD0
11895CE0
1291DCF0
139A5D00
14A2DD10
15AB5D20
16B3DD30
17BC5D40
18C4DD50
19CD5D60
1AD5DD70
1BDE5D80
1CE05D90
1DE8DDA0
1EF15DB0
1FF9DDC0
200A5DD0
2112DDE0
221B5DF0
2323DE00
242C5E10
2534DE20
263D5E30
2745DE40
284E5E50
29505E60
2A58DE70
2B615E80
2C69DE90
2D725EA0
2E7ADEB0
2F835EC0
308BDED0
31945EE0
329CDEF0
33A55F00
34ADDF10
35B65F20
36B85F30
37C0DF40
38C95F50
39D1DF60
3ADA5F70
3BE2DF80
3CEB5F90
3DF3DFA0
3EFC5FB0
3F0CDFC0
40155FD0
411DDFE0
42265FF0
43286000
4430E010
45396020
4641E030
474A6040
4852E050
495B6060
4A63E070
4B6C6080
4C74E090
4D7D60A0
4E85E0B0
4F8E60C0
509060D0
5198E0E0
52A160F0
53A9E100
54B26110
55BAE120
56C36130
57CBE140
58D46150
59DCE160
5AE56170
5BEDE180
5CF66190
5DF861A0
5E08E1B0
5F1161C0
6019E1D0
612261E0
622AE1F0
63336200
643BE210
65446220
664CE230
67556240
685DE250
69666260
6A686270
6B70E280
6C796290
6D81E2A0
6E8A62B0
6F92E2C0
709B62D0
71A3E2E0
72AC62F0
73B4E300
74BD6310
75C5E320
76CE6330
77D06340
78D8E350
79E16360
7AE9E370
7BF26380
7CFAE390
7D0B63A0
7E13E3B0
7F1C63C0
8024E3D0
812D63E0
8235E3F0
833E6400
84406410
8548E420
86516430
8759E440
88626450
896AE460
8A736470
8B7BE480
8C846490
8D8CE4A0
8E9564B0
8F9DE4C0
90A664D0
91A864E0
92B0E4F0
93B96500
94C1E510
95CA6520
96D2E530
97DB6540
98E3E550
99EC6560
9AF4E570
9BFD6580
9C0DE590
9D1665A0
9E1865B0
9F20E5C0
A02965D0
A131E5E0
A23A65F0
A342E600
A44B6610
A553E620
A65C6630
A764E640
A86D6650
A975E660
AA7E6670
AB806680
AC88E690
AD9166A0
AE99E6B0
AFA266C0
B0AAE6D0
B1B366E0
B2BBE6F0
B3C46700
B4CCE710
B5D56720
B6DDE730
B7E66740
B8E86750
B9F0E760
BAF96770
BB09E780
BC126790
BD1AE7A0
BE2367B0
C34167C0
C351E7D0
C13CE7E0
C361E7F0
C34DE800
C360E810
C361E820
C361E830
C7696840
C369E850
C369E860
C369E870
C369E880
CC93E890
C369E8A0
C369E8B0
C369E8C0
C369E8D0
C36968E0
C369E8F0
C369E900
C371E910
C371E920
D6E26930
C371E940
C371E950
03FBE960
C371E970
0514E980
C371E990
C371E9A0
C371E9B0
C371E9C0
0A38E9D0
C370E9E0
C371E9F0
C379EA00
C379EA10
C379EA20
C379EA30
C379EA40
C379EA50
C379EA60
C379EA70
C378EA80
C379EA90
C379EAA0
C379EAB0
C379EAC0
C381EAD0
C381EAE0
C381EAF0
C381EB00
C381EB10
C381EB20
C381EB30
C381EB40
C381EB50
23086B60
C381EB70
C381EB80
C381EB90
C381EBA0
C381EBB0
C389EBC0
C389EBD0
2B4C6BE0
2C54EBF0
C389EC00
2E65EC10
2F6E6C20
C389EC30
C389EC40
C389EC50
3389EC60
C389EC70
359AEC80
36A36C90
C389ECA0
38B46CB0
C390ECC0
C391ECD0
C391ECE0
C391ECF0
C391ED00
C391ED10
3FE96D20
C399ED30
C399ED40
C399ED50
C398ED60
C399ED70
C398ED80
C399ED90
47356DA0
483DEDB0
C3A1EDC0
C3A1EDD0
C3A1EDE0
C3A1EDF0
4D61EE00
4E6A6E10
C3A9EE20
C3A9EE30
C3B1EE40
528C6E50
5394EE60
549D6E70
55A5EE80
56AE6E90
57B06EA0
58B8EEB0
59C16EC0
5AC9EED0
5BD26EE0
5CDAEEF0
5DE36F00
5EEBEF10
5FF46F20
60FCEF30
610D6F40
6215EF50
631E6F60
64206F70
6528EF80
66316F90
6739EFA0
68426FB0
694AEFC0
6A536FD0
6B5BEFE0
6C646FF0
6D6CF000
6E757010
6F7DF020
70867030
71887040
7290F050
73997060
74A1F070
75AA7080
76B2F090
77BB70A0
78C3F0B0
79CC70C0
7AD4F0D0
7BDD70E0
7CE5F0F0
7DEE7100
7EF07110
7FF8F120
80097130
8111F140
821A7150
8322F160
842B7170
8533F180
863C7190
8744F1A0
884D71B0
8955F1C0
8A5E71D0
8B6071E0
8C68F1F0
8D717200
8E79F210
8F827220
908AF230
91937240
929BF250
93A47260
94ACF270
95B57280
96BDF290
97C672A0
98C872B0
99D0F2C0
9AD972D0
9BE1F2E0
9CEA72F0
9DF2F300
9EFB7310
9F0BF320
A0147330
A11CF340
A2257350
A32DF360
A4367370
A5387380
A640F390
A74973A0
A851F3B0
A95A73C0
AA62F3D0
AB6B73E0
AC73F3F0
AD7C7400
AE84F410
AF8D7420
B095F430
B19E7440
B2A07450
B3A8F460
B4B17470
B5B9F480
B6C27490
B7CAF4A0
B8D374B0
B9DBF4C0
BAE474D0
BBECF4E0
BCF574F0
BDFDF500
BE0E7510
BF107520
C018F530
C1217540
C229F550
C3327560
C43AF570
C5437580
C64BF590
C75475A0
C85CF5B0
C96575C0
CA6DF5D0
CB7675E0
CC7875F0
CD80F600
CE897610
CF91F620
D09A7630
D1A2F640
D2AB7650
D3B3F660
D4BC7670
D5C4F680
D6CD7690
01D5F6A0
02DE76B0
03E076C0
04E8F6D0
05F176E0
06F9F6F0
070A7700
0812F710
091B7720
0A23F730
0B2C7740
0C34F750
0D3D7760
0E45F770
0F4E7780
10507790
1158F7A0
126177B0
1369F7C0
147277D0
157AF7E0
168377F0
178BF800
18947810
199CF820
1AA57830
1BADF840
1CB67850
1DB87860
1EC0F870
1FC97880
20D1F890
21DA78A0
22E2F8B0
23EB78C0
24F3F8D0
25FC78E0
260CF8F0
27157900
281DF910
29267920
2A287930
2B30F940
2C397950
2D41F960
2E4A7970
2F52F980
305B7990
3163F9A0
326C79B0
3374F9C0
347D79D0
3585F9E0
368E79F0
37907A00
3898FA10
39A17A20
3AA9FA30
3BB27A40
3CBAFA50
3DC37A60
3ECBFA70
3FD47A80
40DCFA90
41E57AA0
42EDFAB0
43F67AC0
44F87AD0
4508FAE0
46117AF0
4719FB00
48227B10
492AFB20
4A337B30
4B3BFB40
4C447B50
4D4CFB60
4E557B70
4F5DFB80
50667B90
51687BA0
5270FBB0
53797BC0
5481FBD0
558A7BE0
5692FBF0
579B7C00
58A3FC10
59AC7C20
5AB4FC30
5BBD7C40
5CC5FC50
5DCE7C60
5ED07C70
5FD8FC80
60E17C90
61E9FCA0
62F27CB0
63FAFCC0
640B7CD0
6513FCE0
661C7CF0
6724FD00
682D7D10
6935FD20
6A3E7D30
6B407D40
6C48FD50
6D517D60
6E59FD70
6F627D80
706AFD90
71737DA0
727BFDB0
73847DC0
748CFDD0
75957DE0
769DFDF0
77A67E00
78A87E10
79B0FE20
7AB97E30
7BC1FE40
7CCA7E50
7DD2FE60
7EDB7E70
7FE3FE80
80EC7E90
81F4FEA0
82FD7EB0
830DFEC0
84167ED0
85187EE0
8620FEF0
87297F00
8831FF10
893A7F20
8A42FF30
8B4B7F40
8C53FF50
8D5C7F60
8E64FF70
8F6D7F80
9075FF90
917E7FA0
92807FB0
9388FFC0
94917FD0
9599FFE0
96A27FF0
97AA8000
98B30010
99BB8020
9AC40030
9BCC8040
9CD50050
9DDD8060
9EE60070
9FE80080
A0F08090
A1F900A0
A20980B0
A31200C0
A41A80D0
A52300E0
A62B80F0
A7340100
A83C8110
A9450120
AA4D8130
AB560140
AC580150
AD608160
AE690170
AF718180
B07A0190
B18281A0
B28B01B0
B39381C0
B49C01D0
B5A481E0
C42801F0
C4398200
C4398210
C4408220
1E418230
BBD10240
C4498250
C4498260
C4498270
C4498280
C4498290
C45182A0
C45182B0
C45182C0
C45182D0
C45182E0
C45082F0
C4518300
C4518310
C4518320
C4508330
CB5A8340
C4518350
C4508360
C4588370
C4598380
C4598390
C45983A0
C45983B0
C45983C0
C45983D0
C45883E0
C45983F0
C4618400
C4618410
C4618420
C4618430
C4618440
C4618450
C4618460
C4618470
C4618480
C4698490
C46984A0
C46984B0
C46984C0
C46984D0
C46984E0
C46984F0
C4698500
C4698510
C4698520
145D0530
C4698540
C4718550
17700560
C4718570
C4718580
C4708590
C47185A0
C47185B0
C47085C0
1EAB85D0
C47985E0
C47985F0
C4798600
C4798610
C4798620
C4798630
C4798640
26E90650
C4818660
C4818670
C4818680
C4898690
C48986A0
C48886B0
C48986C0
C49086D0
C49186E0
304606F0
C4928700
C4918710
C4918720
C4B18730
C4B18740
36728750
377B0760
38838770
398C0780
3A948790
3B9D07A0
3CA587B0
3DAE07C0
3EB007D0
C58187E0
C65A87F0
41C98800
42D20810
C66A8820
44E30830
45EB8840
46F40850
47FC8860
C6828870
C6828880
4A1E0890
4B2008A0
C68A88B0
4D3108C0
4E3988D0
4F4208E0
504A88F0
51530900
525B8910
C6998920
C6988930
55750940
567D8950
57860960
58880970
59908980
5A990990
5BA189A0
5CAA09B0
5DB289C0
C6AA89D0
5FC389E0
C6B989F0
61D48A00
62DD0A10
63E58A20
64EE0A30
65F00A40
66F88A50
C7388A60
68118A70
691A0A80
6A228A90
6B2B0AA0
6C338AB0
6D3C0AC0
6E448AD0
6F4D0AE0
70558AF0
715E0B00
72600B10
73688B20
74710B30
75798B40
76820B50
778A8B60
78930B70
C7598B80
C7798B90
7BAC8BA0
C85A8BB0
7DBD8BC0
C8728BD0
C87A8BE0
80D08BF0
81D90C00
82E18C10
83EA0C20
84F28C30
C9590C40
860B8C50
87140C60
C9818C70
89250C80
C9810C90
8B360CA0
8C380CB0
8D408CC0
CA608CD0
CA788CE0
CA898CF0
91628D00
CB608D10
93738D20
947C0D30
CB818D40
968D0D50
97958D60
989E0D70
CB818D80
9AA88D90
9BB10DA0
CB888DB0
CB898DC0
CB898DD0
9FD30DE0
CB918DF0
CB918E00
A2EC8E10
CB998E20
A4FD8E30
A50E0E40
CBA18E50
A7188E60
CBA08E70
A9298E80
CBA18E90
CBA18EA0
AC430EB0
AD4B8EC0
AE540ED0
AF5C8EE0
B4A98EF0
B16D8F00
B2760F10
B3780F20
B4808F30
B5890F40
B6918F50
B79A0F60
B8A28F70
B9AB0F80
CC608F90
BBBC0FA0
CC898FB0
CC998FC0
BED58FD0
CD408FE0
C0E00FF0
C1E89000
C2F11010
C3F99020
C40A1030
C5129040
C61B1050
C7239060
C82C1070
C9349080
CA3D1090
CB4590A0
D56090B0
CD5010C0
CDA090D0
CE6510E0
D06990F0
CE709100
D27A9110
D3831120
CF699130
D5941140
D69C9150
01A51160
CF989170
03B61180
CFA89190
05C091A0
06C911B0
07D191C0
08DA11D0
09E291E0
0AEB11F0
D0681200
0CFC1210
D0899220
0E151230
0F1D9240
10261250
11281260
12309270
13391280
D0919290
154A12A0
165292B0
D09192C0
186392D0
196C12E0
D0A192F0
1B7D1300
D0A99310
1D8E1320
1E901330
1F989340
20A11350
21A99360
D0B99370
23BA9380
D0B99390
25CB93A0
D17093B0
27DC93C0
D18193D0
D18993E0
2AF613F0
2BF81400
D1999410
2D111420
2E199430
2F221440
302A9450
31331460
D1C99470
33441480
344C9490
355514A0
365D94B0
376614C0
386814D0
397094E0
3A7914F0
D2309500
D27C9510
3D929520
3E9B1530
3FA39540
40AC1550
41B49560
42BD1570
43C59580
44CE1590
45D015A0
46D895B0
47E115C0
48E995D0
49F215E0
4AFA95F0
4B0B1600
4C139610
4D1C1620
4E249630
4F2D1640
50359650
513E1660
52401670
53489680
54511690
555996A0
566216B0
576A96C0
587316D0
597B96E0
5A8416F0
5B8C9700
5C951710
5D9D9720
5EA61730
5FA81740
60B09750
61B91760
62C19770
63CA1780
64D29790
65DB17A0
66E397B0
67EC17C0
68F497D0
69FD17E0
D34097F0
D3519800
6C181810
6D209820
D3699830
D3699840
D3699850
D3699860
D3719870
D3719880
D3799890
D37998A0
D38998B0
D38998C0
787E18D0
798018E0
7A8898F0
7B911900
7C999910
7DA21920
7EAA9930
7FB31940
80BB9950
81C41960
82CC9970
83D51980
D4281990
D45899A0
D45899B0
87F099C0
88F919D0
890999E0
D53899F0
D6891A00
8C231A10
D6B19A20
8E341A30
8F3C9A40
90451A50
20499CD0
70599CE0
A7619CF0
0858B640
11250760
1E49ED00
2061D9A0
2071E130
4B71FCB0
5539E970
5539E980
55618230
6069BDB0
6089C7D0
60A9CC90
7071F320
7081F620
7091FA80
77798D70
7889C210
7C91E8D0
82498760
826997C0
8C40D5C0
8C48E210
9D619F90
9F51E080
A3318780
A3398950
A3A19E00
A7A0D490
A761E470
A771E4F0
A781E510
A789E540
AA518990
C37197E0
C3799830
C39998C0
13519DD0
2061AFB0
2071B170
2E49C300
2E514360
2E81C580
6D499A20
7849B270
7851B280
7881B370
7889B380
8C38BED0
9169D000
9541D630
9559D6F0
9559D720
9579D7D0
9F39E040
9F61E100
9F69E130
A351E610
A749EE70
A759EEF0
A761EF60
A769EF90
A789F0D0
A789F0E0
A96CF360
B561FAE0
B561FAF0
B569FB30
B851FE70
B881FF40
BB3981C0
BB3981D0
BB598260
BB598270
BB618280
BB6982A0
BB6982C0
C3718950
C3708960
C3B98AD0
C4608ED0
60719A90
78599C50
9F819E60
A7599F90
A7599FC0
B551A060
BB41A0A0
D381A1C0
0951AB80
1E69CC70
2039D5F0
2039D620
2051D7C0
2059D830
2641E1B0
2E39F770
2E61F870
3562FF70
39398290
4841A290
4841A2A0
4B51AA90
4B61ACA0
5531BD50
5539BD90
5559BF90
5641C7C0
5651C880
5661CA40
5C51D170
6049D5B0
6058D610
6051D640
70516880
7069E940
7071E970
7668F420
78318130
78398180
78498210
78498290
785182B0
785982C0
785982D0
785982F0
78718420
789184A0
78A184B0
8C4892C0
8C5092F0
8C8099F0
8C909C10
8E599FD0
9529AD90
9531ADE0
9539AE10
9541AF30
9559B070
9559B0A0
9571B1D0
9F41C020
9F69C0E0
A341C7D0
A469CA90
A741D290
A749D2D0
A749D2E0
A749D310
A751D380
A751D390
A751D3B0
A751D3F0
A751D410
A761D4A0
A761D4E0
A769D5A0
A769D5B0
A771D640
A779D690
A781D6C0
A781D6F0
A789D730
A789D760
A789D780
A789D7C0
A964DB10
AA41DBF0
AA41DC00
AA59DCE0
B559E560
B561E5F0
BB41EF50
BB41EF60
BB49EFD0
BB51EFF0
BB59F020
BB61F030
BB79F0A0
C369F8B0
C369F8D0
C371F8F0
C371F900
C389F9F0
C389FA00
C388FA80
C399FAD0
C3A1FAE0
C461FD50
C4718180
C47081A0
C4788230
C4808260
C48982A0
D36187C0
D3818880
D3A98930
