00003447
0000344A
0000356E
0000360E
0000364D
00003658
00003666
000036C3
000036DA
000036F9
000037C3
00003807
00003813
00003918
00003944
000039D0
000039D1
000039DF
00003AF0
00003B0A
00003B0E
00003B1A
00003B4E
00003B55
00003BBE
00003C00
00003CC7
00003CD8
00003CDA
00003D14
00003D50
00003DB2
00003E06
00003E0C
00003E84
00003EEC
00003F4F
00003FE0
00004056
000040AE
000040C5
000040CE
0000415F
00004339
00004383
00004396
000043DD
000043E1
000043F2
00004403
000044D6
000044DB
000044E8
000044EB
000044EC
000045D6
000045DB
000045EA
000045F4
00004723
00004759
000048BA
000048BC
000048D8
0000497D
00004983
00004C9F
00004CA0
00004CA2
00004D13
00004D14
00004D15
00004D16
00004D17
00004D18
00004D19
00004DAE
00004E00
00004E01
00004E02
00004E03
00004E04
00004E05
00004E06
00004E07
00004E08
00004E09
00004E0A
00004E0B
00004E0C
00004E0D
00004E0E
00004E0F
00004E10
00004E11
00004E12
00004E13
00004E14
00004E15
00004E16
00004E17
00004E18
00004E19
00004E1A
00004E1B
00004E1C
00004E1D
00004E1E
00004E1F
00004E20
00004E21
00004E22
00004E23
00004E24
00004E25
00004E26
00004E27
00004E28
00004E29
00004E2A
00004E2B
00004E2C
00004E2D
00004E2E
00004E2F
00004E30
00004E31
00004E32
00004E33
00004E34
00004E35
00004E36
00004E37
00004E38
00004E39
00004E3A
00004E3B
00004E3C
00004E3D
00004E3E
00004E3F
00004E40
00004E41
00004E42
00004E43
00004E44
00004E45
00004E46
00004E47
00004E48
00004E49
00004E4A
00004E4B
00004E4C
00004E4D
00004E4E
00004E4F
00004E50
00004E51
00004E52
00004E53
00004E54
00004E55
00004E56
00004E57
00004E58
00004E59
00004E5A
00004E5B
00004E5C
00004E5D
00004E5E
00004E5F
00004E60
00004E61
00004E62
00004E63
00004E64
00004E65
00004E66
00004E67
00004E68
00004E69
00004E6A
00004E6B
00004E6C
00004E6D
00004E6E
00004E6F
00004E70
00004E71
00004E72
00004E73
00004E74
00004E75
00004E76
00004E77
00004E78
00004E79
00004E7A
00004E7B
00004E7C
00004E7D
00004E7E
00004E7F
00004E80
00004E81
00004E82
00004E83
00004E84
00004E85
00004E86
00004E87
00004E88
00004E89
00004E8A
00004E8B
00004E8C
00004E8D
00004E8E
00004E8F
00004E90
00004E91
00004E92
00004E93
00004E94
00004E95
00004E96
00004E97
00004E98
00004E99
00004E9A
00004E9B
00004E9C
00004E9D
00004E9E
00004E9F
00004EA0
00004EA1
00004EA2
00004EA3
00004EA4
00004EA5
00004EA6
00004EA7
00004EA8
00004EA9
00004EAA
00004EAB
00004EAC
00004EAD
00004EAE
00004EAF
00004EB0
00004EB1
00004EB2
00004EB3
00004EB4
00004EB5
00004EB6
00004EB7
00004EB8
00004EB9
00004EBA
00004EBB
00004EBC
00004EBD
00004EBE
00004EBF
00004EC0
00004EC1
00004EC2
00004EC3
00004EC4
00004EC5
00004EC6
00004EC7
00004EC8
00004EC9
00004ECA
00004ECB
00004ECC
00004ECD
00004ECE
00004ECF
00004ED0
00004ED1
00004ED2
00004ED3
00004ED4
00004ED5
00004ED6
00004ED7
00004ED8
00004ED9
00004EDA
00004EDB
00004EDC
00004EDD
00004EDE
00004EDF
00004EE0
00004EE1
00004EE2
00004EE3
00004EE4
00004EE5
00004EE6
00004EE7
00004EE8
00004EE9
00004EEA
00004EEB
00004EEC
00004EED
00004EEE
00004EEF
00004EF0
00004EF1
00004EF2
00004EF3
00004EF4
00004EF5
00004EF6
00004EF7
00004EF8
00004EF9
00004EFA
00004EFB
00004EFC
00004EFD
00004EFE
00004EFF
00004F00
00004F01
00004F02
00004F03
00004F04
00004F05
00004F06
00004F07
00004F08
00004F09
00004F0A
00004F0B
00004F0C
00004F0D
00004F0E
00004F0F
00004F10
00004F11
00004F12
00004F13
00004F14
00004F15
00004F16
00004F17
00004F18
00004F19
00004F1A
00004F1B
00004F1C
00004F1D
00004F1E
00004F1F
00004F20
00004F21
00004F22
00004F23
00004F24
00004F25
00004F26
00004F27
00004F28
00004F29
00004F2A
00004F2B
00004F2C
00004F2D
00004F2E
00004F2F
00004F30
00004F31
00004F32
00004F33
00004F34
00004F35
00004F36
00004F37
00004F38
00004F39
00004F3A
00004F3B
00004F3C
00004F3D
00004F3E
00004F3F
00004F40
00004F41
00004F42
00004F43
00004F44
00004F45
00004F46
00004F47
00004F48
00004F49
00004F4A
00004F4B
00004F4C
00004F4D
00004F4E
00004F4F
00004F50
00004F51
00004F52
00004F53
00004F54
00004F55
00004F56
00004F57
00004F58
00004F59
00004F5A
00004F5B
00004F5C
00004F5D
00004F5E
00004F5F
00004F60
00004F61
00004F62
00004F63
00004F64
00004F65
00004F66
00004F67
00004F68
00004F69
00004F6A
00004F6B
00004F6C
00004F6D
00004F6E
00004F6F
00004F70
00004F71
00004F72
00004F73
00004F74
00004F75
00004F76
00004F77
00004F78
00004F79
00004F7A
00004F7B
00004F7C
00004F7D
00004F7E
00004F7F
00004F80
00004F81
00004F82
00004F83
00004F84
00004F85
00004F86
00004F87
00004F88
00004F89
00004F8A
00004F8B
00004F8C
00004F8D
00004F8E
00004F8F
00004F90
00004F91
00004F92
00004F93
00004F94
00004F95
00004F96
00004F97
00004F98
00004F99
00004F9A
00004F9B
00004F9C
00004F9D
00004F9E
00004F9F
00004FA0
00004FA1
00004FA2
00004FA3
00004FA4
00004FA5
00004FA6
00004FA7
00004FA8
00004FA9
00004FAA
00004FAB
00004FAC
00004FAD
00004FAE
00004FAF
00004FB0
00004FB1
00004FB2
00004FB3
00004FB4
00004FB5
00004FB6
00004FB7
00004FB8
00004FB9
00004FBA
00004FBB
00004FBC
00004FBD
00004FBE
00004FBF
00004FC0
00004FC1
00004FC2
00004FC3
00004FC4
00004FC5
00004FC6
00004FC7
00004FC8
00004FC9
00004FCA
00004FCB
00004FCC
00004FCD
00004FCE
00004FCF
00004FD0
00004FD1
00004FD2
00004FD3
00004FD4
00004FD5
00004FD6
00004FD7
00004FD8
00004FD9
00004FDA
00004FDB
00004FDC
00004FDD
00004FDE
00004FDF
00004FE0
00004FE1
00004FE2
00004FE3
00004FE4
00004FE5
00004FE6
00004FE7
00004FE8
00004FE9
00004FEA
00004FEB
00004FEC
00004FED
00004FEE
00004FEF
00004FF0
00004FF1
00004FF2
00004FF3
00004FF4
00004FF5
00004FF6
00004FF7
00004FF8
00004FF9
00004FFA
00004FFB
00004FFC
00004FFD
00004FFE
00004FFF
00005000
00005001
00005002
00005003
00005004
00005005
00005006
00005007
00005008
00005009
0000500A
0000500B
0000500C
0000500D
0000500E
0000500F
00005010
00005011
00005012
00005013
00005014
00005015
00005016
00005017
00005018
00005019
0000501A
0000501B
0000501C
0000501D
0000501E
0000501F
00005020
00005021
00005022
00005023
00005024
00005025
00005026
00005027
00005028
00005029
0000502A
0000502B
0000502C
0000502D
0000502E
0000502F
00005030
00005031
00005032
00005033
00005034
00005035
00005036
00005037
00005038
00005039
0000503A
0000503B
0000503C
0000503D
0000503E
0000503F
00005040
00005041
00005042
00005043
00005044
00005045
00005046
00005047
00005048
00005049
0000504A
0000504B
0000504C
0000504D
0000504E
0000504F
00005050
00005051
00005052
00005053
00005054
00005055
00005056
00005057
00005058
00005059
0000505A
0000505B
0000505C
0000505D
0000505E
0000505F
00005060
00005061
00005062
00005063
00005064
00005065
00005066
00005067
00005068
00005069
0000506A
0000506B
0000506C
0000506D
0000506E
0000506F
00005070
00005071
00005072
00005073
00005074
00005075
00005076
00005077
00005078
00005079
0000507A
0000507B
0000507C
0000507D
0000507E
0000507F
00005080
00005081
00005082
00005083
00005084
00005085
00005086
00005087
00005088
00005089
0000508A
0000508B
0000508C
0000508D
0000508E
0000508F
00005090
00005091
00005092
00005093
00005094
00005095
00005096
00005097
00005098
00005099
0000509A
0000509B
0000509C
0000509D
0000509E
0000509F
000050A0
000050A1
000050A2
000050A3
000050A4
000050A5
000050A6
000050A7
000050A8
000050A9
000050AA
000050AB
000050AC
000050AD
000050AE
000050AF
000050B0
000050B1
000050B2
000050B3
000050B4
000050B5
000050B6
000050B7
000050B8
000050B9
000050BA
000050BB
000050BC
000050BD
000050BE
000050BF
000050C0
000050C1
000050C2
000050C3
000050C4
000050C5
000050C6
000050C7
000050C8
000050C9
000050CA
000050CB
000050CC
000050CD
000050CE
000050CF
000050D0
000050D1
000050D2
000050D3
000050D4
000050D5
000050D6
000050D7
000050D8
000050D9
000050DA
000050DB
000050DC
000050DD
000050DE
000050DF
000050E0
000050E1
000050E2
000050E3
000050E4
000050E5
000050E6
000050E7
000050E8
000050E9
000050EA
000050EB
000050EC
000050ED
000050EE
000050EF
000050F0
000050F1
000050F2
000050F3
000050F4
000050F5
000050F6
000050F7
000050F8
000050F9
000050FA
000050FB
000050FC
000050FD
000050FE
000050FF
00005100
00005101
00005102
00005103
00005104
00005105
00005106
00005107
00005108
00005109
0000510A
0000510B
0000510C
0000510D
0000510E
0000510F
00005110
00005111
00005112
00005113
00005114
00005115
00005116
00005117
00005118
00005119
0000511A
0000511B
0000511C
0000511D
0000511E
0000511F
00005120
00005121
00005122
00005123
00005124
00005125
00005126
00005127
00005128
00005129
0000512A
0000512B
0000512C
0000512D
0000512E
0000512F
00005130
00005131
00005132
00005133
00005134
00005135
00005136
00005137
00005138
00005139
0000513A
0000513B
0000513C
0000513D
0000513E
0000513F
00005140
00005141
00005142
00005143
00005144
00005145
00005146
00005147
00005148
00005149
0000514A
0000514B
0000514C
0000514D
0000514E
0000514F
00005150
00005151
00005152
00005153
00005154
00005155
00005156
00005157
00005158
00005159
0000515A
0000515B
0000515C
0000515D
0000515E
0000515F
00005160
00005161
00005162
00005163
00005164
00005165
00005166
00005167
00005168
00005169
0000516A
0000516B
0000516C
0000516D
0000516E
0000516F
00005170
00005171
00005172
00005173
00005174
00005175
00005176
00005177
00005178
00005179
0000517A
0000517B
0000517C
0000517D
0000517E
0000517F
00005180
00005181
00005182
00005183
00005184
00005185
00005186
00005187
00005188
00005189
0000518A
0000518B
0000518C
0000518D
0000518E
0000518F
00005190
00005191
00005192
00005193
00005194
00005195
00005196
00005197
00005198
00005199
0000519A
0000519B
0000519C
0000519D
0000519E
0000519F
000051A0
000051A1
000051A2
000051A3
000051A4
000051A5
000051A6
000051A7
000051A8
000051A9
000051AA
000051AB
000051AC
000051AD
000051AE
000051AF
000051B0
000051B1
000051B2
000051B3
000051B4
000051B5
000051B6
000051B7
000051B8
000051B9
000051BA
000051BB
000051BC
000051BD
000051BE
000051BF
000051C0
000051C1
000051C2
000051C3
000051C4
000051C5
000051C6
000051C7
000051C8
000051C9
000051CA
000051CB
000051CC
000051CD
000051CE
000051CF
000051D0
000051D1
000051D2
000051D3
000051D4
000051D5
000051D6
000051D7
000051D8
000051D9
000051DA
000051DB
000051DC
000051DD
000051DE
000051DF
000051E0
000051E1
000051E2
000051E3
000051E4
000051E5
000051E6
000051E7
000051E8
000051E9
000051EA
000051EB
000051EC
000051ED
000051EE
000051EF
000051F0
000051F1
000051F2
000051F3
000051F4
000051F5
000051F6
000051F7
000051F8
000051F9
000051FA
000051FB
000051FC
000051FD
000051FE
000051FF
00005200
00005201
00005202
00005203
00005204
00005205
00005206
00005207
00005208
00005209
0000520A
0000520B
0000520C
0000520D
0000520E
0000520F
00005210
00005211
00005212
00005213
00005214
00005215
00005216
00005217
00005218
00005219
0000521A
0000521B
0000521C
0000521D
0000521E
0000521F
00005220
00005221
00005222
00005223
00005224
00005225
00005226
00005227
00005228
00005229
0000522A
0000522B
0000522C
0000522D
0000522E
0000522F
00005230
00005231
00005232
00005233
00005234
00005235
00005236
00005237
00005238
00005239
0000523A
0000523B
0000523C
0000523D
0000523E
0000523F
00005240
00005241
00005242
00005243
00005244
00005245
00005246
00005247
00005248
00005249
0000524A
0000524B
0000524C
0000524D
0000524E
0000524F
00005250
00005251
00005252
00005253
00005254
00005255
00005256
00005257
00005258
00005259
0000525A
0000525B
0000525C
0000525D
0000525E
0000525F
00005260
00005261
00005262
00005263
00005264
00005265
00005266
00005267
00005268
00005269
0000526A
0000526B
0000526C
0000526D
0000526E
0000526F
00005270
00005271
00005272
00005273
00005274
00005275
00005276
00005277
00005278
00005279
0000527A
0000527B
0000527C
0000527D
0000527E
0000527F
00005280
00005281
00005282
00005283
00005284
00005285
00005286
00005287
00005288
00005289
0000528A
0000528B
0000528C
0000528D
0000528E
0000528F
00005290
00005291
00005292
00005293
00005294
00005295
00005296
00005297
00005298
00005299
0000529A
0000529B
0000529C
0000529D
0000529E
0000529F
000052A0
000052A1
000052A2
000052A3
000052A4
000052A5
000052A6
000052A7
000052A8
000052A9
000052AA
000052AB
000052AC
000052AD
000052AE
000052AF
000052B0
000052B1
000052B2
000052B3
000052B4
000052B5
000052B6
000052B7
000052B8
000052B9
000052BA
000052BB
000052BC
000052BD
000052BE
000052BF
000052C0
000052C1
000052C2
000052C3
000052C4
000052C5
000052C6
000052C7
000052C8
000052C9
000052CA
000052CB
000052CC
000052CD
000052CE
000052CF
000052D0
000052D1
000052D2
000052D3
000052D4
000052D5
000052D6
000052D7
000052D8
000052D9
000052DA
000052DB
000052DC
000052DD
000052DE
000052DF
000052E0
000052E1
000052E2
000052E3
000052E4
000052E5
000052E6
000052E7
000052E8
000052E9
000052EA
000052EB
000052EC
000052ED
000052EE
000052EF
000052F0
000052F1
000052F2
000052F3
000052F4
000052F5
000052F6
000052F7
000052F8
000052F9
000052FA
000052FB
000052FC
000052FD
000052FE
000052FF
00005300
00005301
00005302
00005303
00005304
00005305
00005306
00005307
00005308
00005309
0000530A
0000530B
0000530C
0000530D
0000530E
0000530F
00005310
00005311
00005312
00005313
00005314
00005315
00005316
00005317
00005318
00005319
0000531A
0000531B
0000531C
0000531D
0000531E
0000531F
00005320
00005321
00005322
00005323
00005324
00005325
00005326
00005327
00005328
00005329
0000532A
0000532B
0000532C
0000532D
0000532E
0000532F
00005330
00005331
00005332
00005333
00005334
00005335
00005336
00005337
00005338
00005339
0000533A
0000533B
0000533C
0000533D
0000533E
0000533F
00005340
00005341
00005342
00005343
00005344
00005345
00005346
00005347
00005348
00005349
0000534A
0000534B
0000534C
0000534D
0000534E
0000534F
00005350
00005351
00005352
00005353
00005354
00005355
00005356
00005357
00005358
00005359
0000535A
0000535B
0000535C
0000535D
0000535E
0000535F
00005360
00005361
00005362
00005363
00005364
00005365
00005366
00005367
00005368
00005369
0000536A
0000536B
0000536C
0000536D
0000536E
0000536F
00005370
00005371
00005372
00005373
00005374
00005375
00005376
00005377
00005378
00005379
0000537A
0000537B
0000537C
0000537D
0000537E
0000537F
00005380
00005381
00005382
00005383
00005384
00005385
00005386
00005387
00005388
00005389
0000538A
0000538B
0000538C
0000538D
0000538E
0000538F
00005390
00005391
00005392
00005393
00005394
00005395
00005396
00005397
00005398
00005399
0000539A
0000539B
0000539C
0000539D
0000539E
0000539F
000053A0
000053A1
000053A2
000053A3
000053A4
000053A5
000053A6
000053A7
000053A8
000053A9
000053AA
000053AB
000053AC
000053AD
000053AE
000053AF
000053B0
000053B1
000053B2
000053B3
000053B4
000053B5
000053B6
000053B7
000053B8
000053B9
000053BA
000053BB
000053BC
000053BD
000053BE
000053BF
000053C0
000053C1
000053C2
000053C3
000053C4
000053C5
000053C6
000053C7
000053C8
000053C9
000053CA
000053CB
000053CC
000053CD
000053CE
000053CF
000053D0
000053D1
000053D2
000053D3
000053D4
000053D5
000053D6
000053D7
000053D8
000053D9
000053DA
000053DB
000053DC
000053DD
000053DE
000053DF
000053E0
000053E1
000053E2
000053E3
000053E4
000053E5
000053E6
000053E7
000053E8
000053E9
000053EA
000053EB
000053EC
000053ED
000053EE
000053EF
000053F0
000053F1
000053F2
000053F3
000053F4
000053F5
000053F6
000053F7
000053F8
000053F9
000053FA
000053FB
000053FC
000053FD
000053FE
000053FF
00005400
00005401
00005402
00005403
00005404
00005405
00005406
00005407
00005408
00005409
0000540A
0000540B
0000540C
0000540D
0000540E
0000540F
00005410
00005411
00005412
00005413
00005414
00005415
00005416
00005417
00005418
00005419
0000541A
0000541B
0000541C
0000541D
0000541E
0000541F
00005420
00005421
00005422
00005423
00005424
00005425
00005426
00005427
00005428
00005429
0000542A
0000542B
0000542C
0000542D
0000542E
0000542F
00005430
00005431
00005432
00005433
00005434
00005435
00005436
00005437
00005438
00005439
0000543A
0000543B
0000543C
0000543D
0000543E
0000543F
00005440
00005441
00005442
00005443
00005444
00005445
00005446
00005447
00005448
00005449
0000544A
0000544B
0000544C
0000544D
0000544E
0000544F
00005450
00005451
00005452
00005453
00005454
00005455
00005456
00005457
00005458
00005459
0000545A
0000545B
0000545C
0000545D
0000545E
0000545F
00005460
00005461
00005462
00005463
00005464
00005465
00005466
00005467
00005468
00005469
0000546A
0000546B
0000546C
0000546D
0000546E
0000546F
00005470
00005471
00005472
00005473
00005474
00005475
00005476
00005477
00005478
00005479
0000547A
0000547B
0000547C
0000547D
0000547E
0000547F
00005480
00005481
00005482
00005483
00005484
00005485
00005486
00005487
00005488
00005489
0000548A
0000548B
0000548C
0000548D
0000548E
0000548F
00005490
00005491
00005492
00005493
00005494
00005495
00005496
00005497
00005498
00005499
0000549A
0000549B
0000549C
0000549D
0000549E
0000549F
000054A0
000054A1
000054A2
000054A3
000054A4
000054A5
000054A6
000054A7
000054A8
000054A9
000054AA
000054AB
000054AC
000054AD
000054AE
000054AF
000054B0
000054B1
000054B2
000054B3
000054B4
000054B5
000054B6
000054B7
000054B8
000054B9
000054BA
000054BB
000054BC
000054BD
000054BE
000054BF
000054C0
000054C1
000054C2
000054C3
000054C4
000054C5
000054C6
000054C7
000054C8
000054C9
000054CA
000054CB
000054CC
000054CD
000054CE
000054CF
000054D0
000054D1
000054D2
000054D3
000054D4
000054D5
000054D6
000054D7
000054D8
000054D9
000054DA
000054DB
000054DC
000054DD
000054DE
000054DF
000054E0
000054E1
000054E2
000054E3
000054E4
000054E5
000054E6
000054E7
000054E8
000054E9
000054EA
000054EB
000054EC
000054ED
000054EE
000054EF
000054F0
000054F1
000054F2
000054F3
000054F4
000054F5
000054F6
000054F7
000054F8
000054F9
000054FA
000054FB
000054FC
000054FD
000054FE
000054FF
00005500
00005501
00005502
00005503
00005504
00005505
00005506
00005507
00005508
00005509
0000550A
0000550B
0000550C
0000550D
0000550E
0000550F
00005510
00005511
00005512
00005513
00005514
00005515
00005516
00005517
00005518
00005519
0000551A
0000551B
0000551C
0000551D
0000551E
0000551F
00005520
00005521
00005522
00005523
00005524
00005525
00005526
00005527
00005528
00005529
0000552A
0000552B
0000552C
0000552D
0000552E
0000552F
00005530
00005531
00005532
00005533
00005534
00005535
00005536
00005537
00005538
00005539
0000553A
0000553B
0000553C
0000553D
0000553E
0000553F
00005540
00005541
00005542
00005543
00005544
00005545
00005546
00005547
00005548
00005549
0000554A
0000554B
0000554C
0000554D
0000554E
0000554F
00005550
00005551
00005552
00005553
00005554
00005555
00005556
00005557
00005558
00005559
0000555A
0000555B
0000555C
0000555D
0000555E
0000555F
00005560
00005561
00005562
00005563
00005564
00005565
00005566
00005567
00005568
00005569
0000556A
0000556B
0000556C
0000556D
0000556E
0000556F
00005570
00005571
00005572
00005573
00005574
00005575
00005576
00005577
00005578
00005579
0000557A
0000557B
0000557C
0000557D
0000557E
0000557F
00005580
00005581
00005582
00005583
00005584
00005585
00005586
00005587
00005588
00005589
0000558A
0000558B
0000558C
0000558D
0000558E
0000558F
00005590
00005591
00005592
00005593
00005594
00005595
00005596
00005597
00005598
00005599
0000559A
0000559B
0000559C
0000559D
0000559E
0000559F
000055A0
000055A1
000055A2
000055A3
000055A4
000055A5
000055A6
000055A7
000055A8
000055A9
000055AA
000055AB
000055AC
000055AD
000055AE
000055AF
000055B0
000055B1
000055B2
000055B3
000055B4
000055B5
000055B6
000055B7
000055B8
000055B9
000055BA
000055BB
000055BC
000055BD
000055BE
000055BF
000055C0
000055C1
000055C2
000055C3
000055C4
000055C5
000055C6
000055C7
000055C8
000055C9
000055CA
000055CB
000055CC
000055CD
000055CE
000055CF
000055D0
000055D1
000055D2
000055D3
000055D4
000055D5
000055D6
000055D7
000055D8
000055D9
000055DA
000055DB
000055DC
000055DD
000055DE
000055DF
000055E0
000055E1
000055E2
000055E3
000055E4
000055E5
000055E6
000055E7
000055E8
000055E9
000055EA
000055EB
000055EC
000055ED
000055EE
000055EF
000055F0
000055F1
000055F2
000055F3
000055F4
000055F5
000055F6
000055F7
000055F8
000055F9
000055FA
000055FB
000055FC
000055FD
000055FE
000055FF
00005600
00005601
00005602
00005603
00005604
00005605
00005606
00005607
00005608
00005609
0000560A
0000560B
0000560C
0000560D
0000560E
0000560F
00005610
00005611
00005612
00005613
00005614
00005615
00005616
00005617
00005618
00005619
0000561A
0000561B
0000561C
0000561D
0000561E
0000561F
00005620
00005621
00005622
00005623
00005624
00005625
00005626
00005627
00005628
00005629
0000562A
0000562B
0000562C
0000562D
0000562E
0000562F
00005630
00005631
00005632
00005633
00005634
00005635
00005636
00005637
00005638
00005639
0000563A
0000563B
0000563C
0000563D
0000563E
0000563F
00005640
00005641
00005642
00005643
00005644
00005645
00005646
00005647
00005648
00005649
0000564A
0000564B
0000564C
0000564D
0000564E
0000564F
00005650
00005651
00005652
00005653
00005654
00005655
00005656
00005657
00005658
00005659
0000565A
0000565B
0000565C
0000565D
0000565E
0000565F
00005660
00005661
00005662
00005663
00005664
00005665
00005666
00005667
00005668
00005669
0000566A
0000566B
0000566C
0000566D
0000566E
0000566F
00005670
00005671
00005672
00005673
00005674
00005675
00005676
00005677
00005678
00005679
0000567A
0000567B
0000567C
0000567D
0000567E
0000567F
00005680
00005681
00005682
00005683
00005684
00005685
00005686
00005687
00005688
00005689
0000568A
0000568B
0000568C
0000568D
0000568E
0000568F
00005690
00005691
00005692
00005693
00005694
00005695
00005696
00005697
00005698
00005699
0000569A
0000569B
0000569C
0000569D
0000569E
0000569F
000056A0
000056A1
000056A2
000056A3
000056A4
000056A5
000056A6
000056A7
000056A8
000056A9
000056AA
000056AB
000056AC
000056AD
000056AE
000056AF
000056B0
000056B1
000056B2
000056B3
000056B4
000056B5
000056B6
000056B7
000056B8
000056B9
000056BA
000056BB
000056BC
000056BD
000056BE
000056BF
000056C0
000056C1
000056C2
000056C3
000056C4
000056C5
000056C6
000056C7
000056C8
000056C9
000056CA
000056CB
000056CC
000056CD
000056CE
000056CF
000056D0
000056D1
000056D2
000056D3
000056D4
000056D5
000056D6
000056D7
000056D8
000056D9
000056DA
000056DB
000056DC
000056DD
000056DE
000056DF
000056E0
000056E1
000056E2
000056E3
000056E4
000056E5
000056E6
000056E7
000056E8
000056E9
000056EA
000056EB
000056EC
000056ED
000056EE
000056EF
000056F0
000056F1
000056F2
000056F3
000056F4
000056F5
000056F6
000056F7
000056F8
000056F9
000056FA
000056FB
000056FC
000056FD
000056FE
000056FF
00005700
00005701
00005702
00005703
00005704
00005705
00005706
00005707
00005708
00005709
0000570A
0000570B
0000570C
0000570D
0000570E
0000570F
00005710
00005711
00005712
00005713
00005714
00005715
00005716
00005717
00005718
00005719
0000571A
0000571B
0000571C
0000571D
0000571E
0000571F
00005720
00005721
00005722
00005723
00005724
00005725
00005726
00005727
00005728
00005729
0000572A
0000572B
0000572C
0000572D
0000572E
0000572F
00005730
00005731
00005732
00005733
00005734
00005735
00005736
00005737
00005738
00005739
0000573A
0000573B
0000573C
0000573D
0000573E
0000573F
00005740
00005741
00005742
00005743
00005744
00005745
00005746
00005747
00005748
00005749
0000574A
0000574B
0000574C
0000574D
0000574E
0000574F
00005750
00005751
00005752
00005753
00005754
00005755
00005756
00005757
00005758
00005759
0000575A
0000575B
0000575C
0000575D
0000575E
0000575F
00005760
00005761
00005762
00005763
00005764
00005765
00005766
00005767
00005768
00005769
0000576A
0000576B
0000576C
0000576D
0000576E
0000576F
00005770
00005771
00005772
00005773
00005774
00005775
00005776
00005777
00005778
00005779
0000577A
0000577B
0000577C
0000577D
0000577E
0000577F
00005780
00005781
00005782
00005783
00005784
00005785
00005786
00005787
00005788
00005789
0000578A
0000578B
0000578C
0000578D
0000578E
0000578F
00005790
00005791
00005792
00005793
00005794
00005795
00005796
00005797
00005798
00005799
0000579A
0000579B
0000579C
0000579D
0000579E
0000579F
000057A0
000057A1
000057A2
000057A3
000057A4
000057A5
000057A6
000057A7
000057A8
000057A9
000057AA
000057AB
000057AC
000057AD
000057AE
000057AF
000057B0
000057B1
000057B2
000057B3
000057B4
000057B5
000057B6
000057B7
000057B8
000057B9
000057BA
000057BB
000057BC
000057BD
000057BE
000057BF
000057C0
000057C1
000057C2
000057C3
000057C4
000057C5
000057C6
000057C7
000057C8
000057C9
000057CA
000057CB
000057CC
000057CD
000057CE
000057CF
000057D0
000057D1
000057D2
000057D3
000057D4
000057D5
000057D6
000057D7
000057D8
000057D9
000057DA
000057DB
000057DC
000057DD
000057DE
000057DF
000057E0
000057E1
000057E2
000057E3
000057E4
000057E5
000057E6
000057E7
000057E8
000057E9
000057EA
000057EB
000057EC
000057ED
000057EE
000057EF
000057F0
000057F1
000057F2
000057F3
000057F4
000057F5
000057F6
000057F7
000057F8
000057F9
000057FA
000057FB
000057FC
000057FD
000057FE
000057FF
00005800
00005801
00005802
00005803
00005804
00005805
00005806
00005807
00005808
00005809
0000580A
0000580B
0000580C
0000580D
0000580E
0000580F
00005810
00005811
00005812
00005813
00005814
00005815
00005816
00005817
00005818
00005819
0000581A
0000581B
0000581C
0000581D
0000581E
0000581F
00005820
00005821
00005822
00005823
00005824
00005825
00005826
00005827
00005828
00005829
0000582A
0000582B
0000582C
0000582D
0000582E
0000582F
00005830
00005831
00005832
00005833
00005834
00005835
00005836
00005837
00005838
00005839
0000583A
0000583B
0000583C
0000583D
0000583E
0000583F
00005840
00005841
00005842
00005843
00005844
00005845
00005846
00005847
00005848
00005849
0000584A
0000584B
0000584C
0000584D
0000584E
0000584F
00005850
00005851
00005852
00005853
00005854
00005855
00005856
00005857
00005858
00005859
0000585A
0000585B
0000585C
0000585D
0000585E
0000585F
00005860
00005861
00005862
00005863
00005864
00005865
00005866
00005867
00005868
00005869
0000586A
0000586B
0000586C
0000586D
0000586E
0000586F
00005870
00005871
00005872
00005873
00005874
00005875
00005876
00005877
00005878
00005879
0000587A
0000587B
0000587C
0000587D
0000587E
0000587F
00005880
00005881
00005882
00005883
00005884
00005885
00005886
00005887
00005888
00005889
0000588A
0000588B
0000588C
0000588D
0000588E
0000588F
00005890
00005891
00005892
00005893
00005894
00005895
00005896
00005897
00005898
00005899
0000589A
0000589B
0000589C
0000589D
0000589E
0000589F
000058A0
000058A1
000058A2
000058A3
000058A4
000058A5
000058A6
000058A7
000058A8
000058A9
000058AA
000058AB
000058AC
000058AD
000058AE
000058AF
000058B0
000058B1
000058B2
000058B3
000058B4
000058B5
000058B6
000058B7
000058B8
000058B9
000058BA
000058BB
000058BC
000058BD
000058BE
000058BF
000058C0
000058C1
000058C2
000058C3
000058C4
000058C5
000058C6
000058C7
000058C8
000058C9
000058CA
000058CB
000058CC
000058CD
000058CE
000058CF
000058D0
000058D1
000058D2
000058D3
000058D4
000058D5
000058D6
000058D7
000058D8
000058D9
000058DA
000058DB
000058DC
000058DD
000058DE
000058DF
000058E0
000058E1
000058E2
000058E3
000058E4
000058E5
000058E6
000058E7
000058E8
000058E9
000058EA
000058EB
000058EC
000058ED
000058EE
000058EF
000058F0
000058F1
000058F2
000058F3
000058F4
000058F5
000058F6
000058F7
000058F8
000058F9
000058FA
000058FB
000058FC
000058FD
000058FE
000058FF
00005900
00005901
00005902
00005903
00005904
00005905
00005906
00005907
00005908
00005909
0000590A
0000590B
0000590C
0000590D
0000590E
0000590F
00005910
00005911
00005912
00005913
00005914
00005915
00005916
00005917
00005918
00005919
0000591A
0000591B
0000591C
0000591D
0000591E
0000591F
00005920
00005921
00005922
00005923
00005924
00005925
00005926
00005927
00005928
00005929
0000592A
0000592B
0000592C
0000592D
0000592E
0000592F
00005930
00005931
00005932
00005933
00005934
00005935
00005936
00005937
00005938
00005939
0000593A
0000593B
0000593C
0000593D
0000593E
0000593F
00005940
00005941
00005942
00005943
00005944
00005945
00005946
00005947
00005948
00005949
0000594A
0000594B
0000594C
0000594D
0000594E
0000594F
00005950
00005951
00005952
00005953
00005954
00005955
00005956
00005957
00005958
00005959
0000595A
0000595B
0000595C
0000595D
0000595E
0000595F
00005960
00005961
00005962
00005963
00005964
00005965
00005966
00005967
00005968
00005969
0000596A
0000596B
0000596C
0000596D
0000596E
0000596F
00005970
00005971
00005972
00005973
00005974
00005975
00005976
00005977
00005978
00005979
0000597A
0000597B
0000597C
0000597D
0000597E
0000597F
00005980
00005981
00005982
00005983
00005984
00005985
00005986
00005987
00005988
00005989
0000598A
0000598B
0000598C
0000598D
0000598E
0000598F
00005990
00005991
00005992
00005993
00005994
00005995
00005996
00005997
00005998
00005999
0000599A
0000599B
0000599C
0000599D
0000599E
0000599F
000059A0
000059A1
000059A2
000059A3
000059A4
000059A5
000059A6
000059A7
000059A8
000059A9
000059AA
000059AB
000059AC
000059AD
000059AE
000059AF
000059B0
000059B1
000059B2
000059B3
000059B4
000059B5
000059B6
000059B7
000059B8
000059B9
000059BA
000059BB
000059BC
000059BD
000059BE
000059BF
000059C0
000059C1
000059C2
000059C3
000059C4
000059C5
000059C6
000059C7
000059C8
000059C9
000059CA
000059CB
000059CC
000059CD
000059CE
000059CF
000059D0
000059D1
000059D2
000059D3
000059D4
000059D5
000059D6
000059D7
000059D8
000059D9
000059DA
000059DB
000059DC
000059DD
000059DE
000059DF
000059E0
000059E1
000059E2
000059E3
000059E4
000059E5
000059E6
000059E7
000059E8
000059E9
000059EA
000059EB
000059EC
000059ED
000059EE
000059EF
000059F0
000059F1
000059F2
000059F3
000059F4
000059F5
000059F6
000059F7
000059F8
000059F9
000059FA
000059FB
000059FC
000059FD
000059FE
000059FF
00005A00
00005A01
00005A02
00005A03
00005A04
00005A05
00005A06
00005A07
00005A08
00005A09
00005A0A
00005A0B
00005A0C
00005A0D
00005A0E
00005A0F
00005A10
00005A11
00005A12
00005A13
00005A14
00005A15
00005A16
00005A17
00005A18
00005A19
00005A1A
00005A1B
00005A1C
00005A1D
00005A1E
00005A1F
00005A20
00005A21
00005A22
00005A23
00005A24
00005A25
00005A26
00005A27
00005A28
00005A29
00005A2A
00005A2B
00005A2C
00005A2D
00005A2E
00005A2F
00005A30
00005A31
00005A32
00005A33
00005A34
00005A35
00005A36
00005A37
00005A38
00005A39
00005A3A
00005A3B
00005A3C
00005A3D
00005A3E
00005A3F
00005A40
00005A41
00005A42
00005A43
00005A44
00005A45
00005A46
00005A47
00005A48
00005A49
00005A4A
00005A4B
00005A4C
00005A4D
00005A4E
00005A4F
00005A50
00005A51
00005A52
00005A53
00005A54
00005A55
00005A56
00005A57
00005A58
00005A59
00005A5A
00005A5B
00005A5C
00005A5D
00005A5E
00005A5F
00005A60
00005A61
00005A62
00005A63
00005A64
00005A65
00005A66
00005A67
00005A68
00005A69
00005A6A
00005A6B
00005A6C
00005A6D
00005A6E
00005A6F
00005A70
00005A71
00005A72
00005A73
00005A74
00005A75
00005A76
00005A77
00005A78
00005A79
00005A7A
00005A7B
00005A7C
00005A7D
00005A7E
00005A7F
00005A80
00005A81
00005A82
00005A83
00005A84
00005A85
00005A86
00005A87
00005A88
00005A89
00005A8A
00005A8B
00005A8C
00005A8D
00005A8E
00005A8F
00005A90
00005A91
00005A92
00005A93
00005A94
00005A95
00005A96
00005A97
00005A98
00005A99
00005A9A
00005A9B
00005A9C
00005A9D
00005A9E
00005A9F
00005AA0
00005AA1
00005AA2
00005AA3
00005AA4
00005AA5
00005AA6
00005AA7
00005AA8
00005AA9
00005AAA
00005AAB
00005AAC
00005AAD
00005AAE
00005AAF
00005AB0
00005AB1
00005AB2
00005AB3
00005AB4
00005AB5
00005AB6
00005AB7
00005AB8
00005AB9
00005ABA
00005ABB
00005ABC
00005ABD
00005ABE
00005ABF
00005AC0
00005AC1
00005AC2
00005AC3
00005AC4
00005AC5
00005AC6
00005AC7
00005AC8
00005AC9
00005ACA
00005ACB
00005ACC
00005ACD
00005ACE
00005ACF
00005AD0
00005AD1
00005AD2
00005AD3
00005AD4
00005AD5
00005AD6
00005AD7
00005AD8
00005AD9
00005ADA
00005ADB
00005ADC
00005ADD
00005ADE
00005ADF
00005AE0
00005AE1
00005AE2
00005AE3
00005AE4
00005AE5
00005AE6
00005AE7
00005AE8
00005AE9
00005AEA
00005AEB
00005AEC
00005AED
00005AEE
00005AEF
00005AF0
00005AF1
00005AF2
00005AF3
00005AF4
00005AF5
00005AF6
00005AF7
00005AF8
00005AF9
00005AFA
00005AFB
00005AFC
00005AFD
00005AFE
00005AFF
00005B00
00005B01
00005B02
00005B03
00005B04
00005B05
00005B06
00005B07
00005B08
00005B09
00005B0A
00005B0B
00005B0C
00005B0D
00005B0E
00005B0F
00005B10
00005B11
00005B12
00005B13
00005B14
00005B15
00005B16
00005B17
00005B18
00005B19
00005B1A
00005B1B
00005B1C
00005B1D
00005B1E
00005B1F
00005B20
00005B21
00005B22
00005B23
00005B24
00005B25
00005B26
00005B27
00005B28
00005B29
00005B2A
00005B2B
00005B2C
00005B2D
00005B2E
00005B2F
00005B30
00005B31
00005B32
00005B33
00005B34
00005B35
00005B36
00005B37
00005B38
00005B39
00005B3A
00005B3B
00005B3C
00005B3D
00005B3E
00005B3F
00005B40
00005B41
00005B42
00005B43
00005B44
00005B45
00005B46
00005B47
00005B48
00005B49
00005B4A
00005B4B
00005B4C
00005B4D
00005B4E
00005B4F
00005B50
00005B51
00005B52
00005B53
00005B54
00005B55
00005B56
00005B57
00005B58
00005B59
00005B5A
00005B5B
00005B5C
00005B5D
00005B5E
00005B5F
00005B60
00005B61
00005B62
00005B63
00005B64
00005B65
00005B66
00005B67
00005B68
00005B69
00005B6A
00005B6B
00005B6C
00005B6D
00005B6E
00005B6F
00005B70
00005B71
00005B72
00005B73
00005B74
00005B75
00005B76
00005B77
00005B78
00005B79
00005B7A
00005B7B
00005B7C
00005B7D
00005B7E
00005B7F
00005B80
00005B81
00005B82
00005B83
00005B84
00005B85
00005B86
00005B87
00005B88
00005B89
00005B8A
00005B8B
00005B8C
00005B8D
00005B8E
00005B8F
00005B90
00005B91
00005B92
00005B93
00005B94
00005B95
00005B96
00005B97
00005B98
00005B99
00005B9A
00005B9B
00005B9C
00005B9D
00005B9E
00005B9F
00005BA0
00005BA1
00005BA2
00005BA3
00005BA4
00005BA5
00005BA6
00005BA7
00005BA8
00005BA9
00005BAA
00005BAB
00005BAC
00005BAD
00005BAE
00005BAF
00005BB0
00005BB1
00005BB2
00005BB3
00005BB4
00005BB5
00005BB6
00005BB7
00005BB8
00005BB9
00005BBA
00005BBB
00005BBC
00005BBD
00005BBE
00005BBF
00005BC0
00005BC1
00005BC2
00005BC3
00005BC4
00005BC5
00005BC6
00005BC7
00005BC8
00005BC9
00005BCA
00005BCB
00005BCC
00005BCD
00005BCE
00005BCF
00005BD0
00005BD1
00005BD2
00005BD3
00005BD4
00005BD5
00005BD6
00005BD7
00005BD8
00005BD9
00005BDA
00005BDB
00005BDC
00005BDD
00005BDE
00005BDF
00005BE0
00005BE1
00005BE2
00005BE3
00005BE4
00005BE5
00005BE6
00005BE7
00005BE8
00005BE9
00005BEA
00005BEB
00005BEC
00005BED
00005BEE
00005BEF
00005BF0
00005BF1
00005BF2
00005BF3
00005BF4
00005BF5
00005BF6
00005BF7
00005BF8
00005BF9
00005BFA
00005BFB
00005BFC
00005BFD
00005BFE
00005BFF
00005C00
00005C01
00005C02
00005C03
00005C04
00005C05
00005C06
00005C07
00005C08
00005C09
00005C0A
00005C0B
00005C0C
00005C0D
00005C0E
00005C0F
00005C10
00005C11
00005C12
00005C13
00005C14
00005C15
00005C16
00005C17
00005C18
00005C19
00005C1A
00005C1B
00005C1C
00005C1D
00005C1E
00005C1F
00005C20
00005C21
00005C22
00005C23
00005C24
00005C25
00005C26
00005C27
00005C28
00005C29
00005C2A
00005C2B
00005C2C
00005C2D
00005C2E
00005C2F
00005C30
00005C31
00005C32
00005C33
00005C34
00005C35
00005C36
00005C37
00005C38
00005C39
00005C3A
00005C3B
00005C3C
00005C3D
00005C3E
00005C3F
00005C40
00005C41
00005C42
00005C43
00005C44
00005C45
00005C46
00005C47
00005C48
00005C49
00005C4A
00005C4B
00005C4C
00005C4D
00005C4E
00005C4F
00005C50
00005C51
00005C52
00005C53
00005C54
00005C55
00005C56
00005C57
00005C58
00005C59
00005C5A
00005C5B
00005C5C
00005C5D
00005C5E
00005C5F
00005C60
00005C61
00005C62
00005C63
00005C64
00005C65
00005C66
00005C67
00005C68
00005C69
00005C6A
00005C6B
00005C6C
00005C6D
00005C6E
00005C6F
00005C70
00005C71
00005C72
00005C73
00005C74
00005C75
00005C76
00005C77
00005C78
00005C79
00005C7A
00005C7B
00005C7C
00005C7D
00005C7E
00005C7F
00005C80
00005C81
00005C82
00005C83
00005C84
00005C85
00005C86
00005C87
00005C88
00005C89
00005C8A
00005C8B
00005C8C
00005C8D
00005C8E
00005C8F
00005C90
00005C91
00005C92
00005C93
00005C94
00005C95
00005C96
00005C97
00005C98
00005C99
00005C9A
00005C9B
00005C9C
00005C9D
00005C9E
00005C9F
00005CA0
00005CA1
00005CA2
00005CA3
00005CA4
00005CA5
00005CA6
00005CA7
00005CA8
00005CA9
00005CAA
00005CAB
00005CAC
00005CAD
00005CAE
00005CAF
00005CB0
00005CB1
00005CB2
00005CB3
00005CB4
00005CB5
00005CB6
00005CB7
00005CB8
00005CB9
00005CBA
00005CBB
00005CBC
00005CBD
00005CBE
00005CBF
00005CC0
00005CC1
00005CC2
00005CC3
00005CC4
00005CC5
00005CC6
00005CC7
00005CC8
00005CC9
00005CCA
00005CCB
00005CCC
00005CCD
00005CCE
00005CCF
00005CD0
00005CD1
00005CD2
00005CD3
00005CD4
00005CD5
00005CD6
00005CD7
00005CD8
00005CD9
00005CDA
00005CDB
00005CDC
00005CDD
00005CDE
00005CDF
00005CE0
00005CE1
00005CE2
00005CE3
00005CE4
00005CE5
00005CE6
00005CE7
00005CE8
00005CE9
00005CEA
00005CEB
00005CEC
00005CED
00005CEE
00005CEF
00005CF0
00005CF1
00005CF2
00005CF3
00005CF4
00005CF5
00005CF6
00005CF7
00005CF8
00005CF9
00005CFA
00005CFB
00005CFC
00005CFD
00005CFE
00005CFF
00005D00
00005D01
00005D02
00005D03
00005D04
00005D05
00005D06
00005D07
00005D08
00005D09
00005D0A
00005D0B
00005D0C
00005D0D
00005D0E
00005D0F
00005D10
00005D11
00005D12
00005D13
00005D14
00005D15
00005D16
00005D17
00005D18
00005D19
00005D1A
00005D1B
00005D1C
00005D1D
00005D1E
00005D1F
00005D20
00005D21
00005D22
00005D23
00005D24
00005D25
00005D26
00005D27
00005D28
00005D29
00005D2A
00005D2B
00005D2C
00005D2D
00005D2E
00005D2F
00005D30
00005D31
00005D32
00005D33
00005D34
00005D35
00005D36
00005D37
00005D38
00005D39
00005D3A
00005D3B
00005D3C
00005D3D
00005D3E
00005D3F
00005D40
00005D41
00005D42
00005D43
00005D44
00005D45
00005D46
00005D47
00005D48
00005D49
00005D4A
00005D4B
00005D4C
00005D4D
00005D4E
00005D4F
00005D50
00005D51
00005D52
00005D53
00005D54
00005D55
00005D56
00005D57
00005D58
00005D59
00005D5A
00005D5B
00005D5C
00005D5D
00005D5E
00005D5F
00005D60
00005D61
00005D62
00005D63
00005D64
00005D65
00005D66
00005D67
00005D68
00005D69
00005D6A
00005D6B
00005D6C
00005D6D
00005D6E
00005D6F
00005D70
00005D71
00005D72
00005D73
00005D74
00005D75
00005D76
00005D77
00005D78
00005D79
00005D7A
00005D7B
00005D7C
00005D7D
00005D7E
00005D7F
00005D80
00005D81
00005D82
00005D83
00005D84
00005D85
00005D86
00005D87
00005D88
00005D89
00005D8A
00005D8B
00005D8C
00005D8D
00005D8E
00005D8F
00005D90
00005D91
00005D92
00005D93
00005D94
00005D95
00005D96
00005D97
00005D98
00005D99
00005D9A
00005D9B
00005D9C
00005D9D
00005D9E
00005D9F
00005DA0
00005DA1
00005DA2
00005DA3
00005DA4
00005DA5
00005DA6
00005DA7
00005DA8
00005DA9
00005DAA
00005DAB
00005DAC
00005DAD
00005DAE
00005DAF
00005DB0
00005DB1
00005DB2
00005DB3
00005DB4
00005DB5
00005DB6
00005DB7
00005DB8
00005DB9
00005DBA
00005DBB
00005DBC
00005DBD
00005DBE
00005DBF
00005DC0
00005DC1
00005DC2
00005DC3
00005DC4
00005DC5
00005DC6
00005DC7
00005DC8
00005DC9
00005DCA
00005DCB
00005DCC
00005DCD
00005DCE
00005DCF
00005DD0
00005DD1
00005DD2
00005DD3
00005DD4
00005DD5
00005DD6
00005DD7
00005DD8
00005DD9
00005DDA
00005DDB
00005DDC
00005DDD
00005DDE
00005DDF
00005DE0
00005DE1
00005DE2
00005DE3
00005DE4
00005DE5
00005DE6
00005DE7
00005DE8
00005DE9
00005DEA
00005DEB
00005DEC
00005DED
00005DEE
00005DEF
00005DF0
00005DF1
00005DF2
00005DF3
00005DF4
00005DF5
00005DF6
00005DF7
00005DF8
00005DF9
00005DFA
00005DFB
00005DFC
00005DFD
00005DFE
00005DFF
00005E00
00005E01
00005E02
00005E03
00005E04
00005E05
00005E06
00005E07
00005E08
00005E09
00005E0A
00005E0B
00005E0C
00005E0D
00005E0E
00005E0F
00005E10
00005E11
00005E12
00005E13
00005E14
00005E15
00005E16
00005E17
00005E18
00005E19
00005E1A
00005E1B
00005E1C
00005E1D
00005E1E
00005E1F
00005E20
00005E21
00005E22
00005E23
00005E24
00005E25
00005E26
00005E27
00005E28
00005E29
00005E2A
00005E2B
00005E2C
00005E2D
00005E2E
00005E2F
00005E30
00005E31
00005E32
00005E33
00005E34
00005E35
00005E36
00005E37
00005E38
00005E39
00005E3A
00005E3B
00005E3C
00005E3D
00005E3E
00005E3F
00005E40
00005E41
00005E42
00005E43
00005E44
00005E45
00005E46
00005E47
00005E48
00005E49
00005E4A
00005E4B
00005E4C
00005E4D
00005E4E
00005E4F
00005E50
00005E51
00005E52
00005E53
00005E54
00005E55
00005E56
00005E57
00005E58
00005E59
00005E5A
00005E5B
00005E5C
00005E5D
00005E5E
00005E5F
00005E60
00005E61
00005E62
00005E63
00005E64
00005E65
00005E66
00005E67
00005E68
00005E69
00005E6A
00005E6B
00005E6C
00005E6D
00005E6E
00005E6F
00005E70
00005E71
00005E72
00005E73
00005E74
00005E75
00005E76
00005E77
00005E78
00005E79
00005E7A
00005E7B
00005E7C
00005E7D
00005E7E
00005E7F
00005E80
00005E81
00005E82
00005E83
00005E84
00005E85
00005E86
00005E87
00005E88
00005E89
00005E8A
00005E8B
00005E8C
00005E8D
00005E8E
00005E8F
00005E90
00005E91
00005E92
00005E93
00005E94
00005E95
00005E96
00005E97
00005E98
00005E99
00005E9A
00005E9B
00005E9C
00005E9D
00005E9E
00005E9F
00005EA0
00005EA1
00005EA2
00005EA3
00005EA4
00005EA5
00005EA6
00005EA7
00005EA8
00005EA9
00005EAA
00005EAB
00005EAC
00005EAD
00005EAE
00005EAF
00005EB0
00005EB1
00005EB2
00005EB3
00005EB4
00005EB5
00005EB6
00005EB7
00005EB8
00005EB9
00005EBA
00005EBB
00005EBC
00005EBD
00005EBE
00005EBF
00005EC0
00005EC1
00005EC2
00005EC3
00005EC4
00005EC5
00005EC6
00005EC7
00005EC8
00005EC9
00005ECA
00005ECB
00005ECC
00005ECD
00005ECE
00005ECF
00005ED0
00005ED1
00005ED2
00005ED3
00005ED4
00005ED5
00005ED6
00005ED7
00005ED8
00005ED9
00005EDA
00005EDB
00005EDC
00005EDD
00005EDE
00005EDF
00005EE0
00005EE1
00005EE2
00005EE3
00005EE4
00005EE5
00005EE6
00005EE7
00005EE8
00005EE9
00005EEA
00005EEB
00005EEC
00005EED
00005EEE
00005EEF
00005EF0
00005EF1
00005EF2
00005EF3
00005EF4
00005EF5
00005EF6
00005EF7
00005EF8
00005EF9
00005EFA
00005EFB
00005EFC
00005EFD
00005EFE
00005EFF
00005F00
00005F01
00005F02
00005F03
00005F04
00005F05
00005F06
00005F07
00005F08
00005F09
00005F0A
00005F0B
00005F0C
00005F0D
00005F0E
00005F0F
00005F10
00005F11
00005F12
00005F13
00005F14
00005F15
00005F16
00005F17
00005F18
00005F19
00005F1A
00005F1B
00005F1C
00005F1D
00005F1E
00005F1F
00005F20
00005F21
00005F22
00005F23
00005F24
00005F25
00005F26
00005F27
00005F28
00005F29
00005F2A
00005F2B
00005F2C
00005F2D
00005F2E
00005F2F
00005F30
00005F31
00005F32
00005F33
00005F34
00005F35
00005F36
00005F37
00005F38
00005F39
00005F3A
00005F3B
00005F3C
00005F3D
00005F3E
00005F3F
00005F40
00005F41
00005F42
00005F43
00005F44
00005F45
00005F46
00005F47
00005F48
00005F49
00005F4A
00005F4B
00005F4C
00005F4D
00005F4E
00005F4F
00005F50
00005F51
00005F52
00005F53
00005F54
00005F55
00005F56
00005F57
00005F58
00005F59
00005F5A
00005F5B
00005F5C
00005F5D
00005F5E
00005F5F
00005F60
00005F61
00005F62
00005F63
00005F64
00005F65
00005F66
00005F67
00005F68
00005F69
00005F6A
00005F6B
00005F6C
00005F6D
00005F6E
00005F6F
00005F70
00005F71
00005F72
00005F73
00005F74
00005F75
00005F76
00005F77
00005F78
00005F79
00005F7A
00005F7B
00005F7C
00005F7D
00005F7E
00005F7F
00005F80
00005F81
00005F82
00005F83
00005F84
00005F85
00005F86
00005F87
00005F88
00005F89
00005F8A
00005F8B
00005F8C
00005F8D
00005F8E
00005F8F
00005F90
00005F91
00005F92
00005F93
00005F94
00005F95
00005F96
00005F97
00005F98
00005F99
00005F9A
00005F9B
00005F9C
00005F9D
00005F9E
00005F9F
00005FA0
00005FA1
00005FA2
00005FA3
00005FA4
00005FA5
00005FA6
00005FA7
00005FA8
00005FA9
00005FAA
00005FAB
00005FAC
00005FAD
00005FAE
00005FAF
00005FB0
00005FB1
00005FB2
00005FB3
00005FB4
00005FB5
00005FB6
00005FB7
00005FB8
00005FB9
00005FBA
00005FBB
00005FBC
00005FBD
00005FBE
00005FBF
00005FC0
00005FC1
00005FC2
00005FC3
00005FC4
00005FC5
00005FC6
00005FC7
00005FC8
00005FC9
00005FCA
00005FCB
00005FCC
00005FCD
00005FCE
00005FCF
00005FD0
00005FD1
00005FD2
00005FD3
00005FD4
00005FD5
00005FD6
00005FD7
00005FD8
00005FD9
00005FDA
00005FDB
00005FDC
00005FDD
00005FDE
00005FDF
00005FE0
00005FE1
00005FE2
00005FE3
00005FE4
00005FE5
00005FE6
00005FE7
00005FE8
00005FE9
00005FEA
00005FEB
00005FEC
00005FED
00005FEE
00005FEF
00005FF0
00005FF1
00005FF2
00005FF3
00005FF4
00005FF5
00005FF6
00005FF7
00005FF8
00005FF9
00005FFA
00005FFB
00005FFC
00005FFD
00005FFE
00005FFF
00006000
00006001
00006002
00006003
00006004
00006005
00006006
00006007
00006008
00006009
0000600A
0000600B
0000600C
0000600D
0000600E
0000600F
00006010
00006011
00006012
00006013
00006014
00006015
00006016
00006017
00006018
00006019
0000601A
0000601B
0000601C
0000601D
0000601E
0000601F
00006020
00006021
00006022
00006023
00006024
00006025
00006026
00006027
00006028
00006029
0000602A
0000602B
0000602C
0000602D
0000602E
0000602F
00006030
00006031
00006032
00006033
00006034
00006035
00006036
00006037
00006038
00006039
0000603A
0000603B
0000603C
0000603D
0000603E
0000603F
00006040
00006041
00006042
00006043
00006044
00006045
00006046
00006047
00006048
00006049
0000604A
0000604B
0000604C
0000604D
0000604E
0000604F
00006050
00006051
00006052
00006053
00006054
00006055
00006056
00006057
00006058
00006059
0000605A
0000605B
0000605C
0000605D
0000605E
0000605F
00006060
00006061
00006062
00006063
00006064
00006065
00006066
00006067
00006068
00006069
0000606A
0000606B
0000606C
0000606D
0000606E
0000606F
00006070
00006071
00006072
00006073
00006074
00006075
00006076
00006077
00006078
00006079
0000607A
0000607B
0000607C
0000607D
0000607E
0000607F
00006080
00006081
00006082
00006083
00006084
00006085
00006086
00006087
00006088
00006089
0000608A
0000608B
0000608C
0000608D
0000608E
0000608F
00006090
00006091
00006092
00006093
00006094
00006095
00006096
00006097
00006098
00006099
0000609A
0000609B
0000609C
0000609D
0000609E
0000609F
000060A0
000060A1
000060A2
000060A3
000060A4
000060A5
000060A6
000060A7
000060A8
000060A9
000060AA
000060AB
000060AC
000060AD
000060AE
000060AF
000060B0
000060B1
000060B2
000060B3
000060B4
000060B5
000060B6
000060B7
000060B8
000060B9
000060BA
000060BB
000060BC
000060BD
000060BE
000060BF
000060C0
000060C1
000060C2
000060C3
000060C4
000060C5
000060C6
000060C7
000060C8
000060C9
000060CA
000060CB
000060CC
000060CD
000060CE
000060CF
000060D0
000060D1
000060D2
000060D3
000060D4
000060D5
000060D6
000060D7
000060D8
000060D9
000060DA
000060DB
000060DC
000060DD
000060DE
000060DF
000060E0
000060E1
000060E2
000060E3
000060E4
000060E5
000060E6
000060E7
000060E8
000060E9
000060EA
000060EB
000060EC
000060ED
000060EE
000060EF
000060F0
000060F1
000060F2
000060F3
000060F4
000060F5
000060F6
000060F7
000060F8
000060F9
000060FA
000060FB
000060FC
000060FD
000060FE
000060FF
00006100
00006101
00006102
00006103
00006104
00006105
00006106
00006107
00006108
00006109
0000610A
0000610B
0000610C
0000610D
0000610E
0000610F
00006110
00006111
00006112
00006113
00006114
00006115
00006116
00006117
00006118
00006119
0000611A
0000611B
0000611C
0000611D
0000611E
0000611F
00006120
00006121
00006122
00006123
00006124
00006125
00006126
00006127
00006128
00006129
0000612A
0000612B
0000612C
0000612D
0000612E
0000612F
00006130
00006131
00006132
00006133
00006134
00006135
00006136
00006137
00006138
00006139
0000613A
0000613B
0000613C
0000613D
0000613E
0000613F
00006140
00006141
00006142
00006143
00006144
00006145
00006146
00006147
00006148
00006149
0000614A
0000614B
0000614C
0000614D
0000614E
0000614F
00006150
00006151
00006152
00006153
00006154
00006155
00006156
00006157
00006158
00006159
0000615A
0000615B
0000615C
0000615D
0000615E
0000615F
00006160
00006161
00006162
00006163
00006164
00006165
00006166
00006167
00006168
00006169
0000616A
0000616B
0000616C
0000616D
0000616E
0000616F
00006170
00006171
00006172
00006173
00006174
00006175
00006176
00006177
00006178
00006179
0000617A
0000617B
0000617C
0000617D
0000617E
0000617F
00006180
00006181
00006182
00006183
00006184
00006185
00006186
00006187
00006188
00006189
0000618A
0000618B
0000618C
0000618D
0000618E
0000618F
00006190
00006191
00006192
00006193
00006194
00006195
00006196
00006197
00006198
00006199
0000619A
0000619B
0000619C
0000619D
0000619E
0000619F
000061A0
000061A1
000061A2
000061A3
000061A4
000061A5
000061A6
000061A7
000061A8
000061A9
000061AA
000061AB
000061AC
000061AD
000061AE
000061AF
000061B0
000061B1
000061B2
000061B3
000061B4
000061B5
000061B6
000061B7
000061B8
000061B9
000061BA
000061BB
000061BC
000061BD
000061BE
000061BF
000061C0
000061C1
000061C2
000061C3
000061C4
000061C5
000061C6
000061C7
000061C8
000061C9
000061CA
000061CB
000061CC
000061CD
000061CE
000061CF
000061D0
000061D1
000061D2
000061D3
000061D4
000061D5
000061D6
000061D7
000061D8
000061D9
000061DA
000061DB
000061DC
000061DD
000061DE
000061DF
000061E0
000061E1
000061E2
000061E3
000061E4
000061E5
000061E6
000061E7
000061E8
000061E9
000061EA
000061EB
000061EC
000061ED
000061EE
000061EF
000061F0
000061F1
000061F2
000061F3
000061F4
000061F5
000061F6
000061F7
000061F8
000061F9
000061FA
000061FB
000061FC
000061FD
000061FE
000061FF
00006200
00006201
00006202
00006203
00006204
00006205
00006206
00006207
00006208
00006209
0000620A
0000620B
0000620C
0000620D
0000620E
0000620F
00006210
00006211
00006212
00006213
00006214
00006215
00006216
00006217
00006218
00006219
0000621A
0000621B
0000621C
0000621D
0000621E
0000621F
00006220
00006221
00006222
00006223
00006224
00006225
00006226
00006227
00006228
00006229
0000622A
0000622B
0000622C
0000622D
0000622E
0000622F
00006230
00006231
00006232
00006233
00006234
00006235
00006236
00006237
00006238
00006239
0000623A
0000623B
0000623C
0000623D
0000623E
0000623F
00006240
00006241
00006242
00006243
00006244
00006245
00006246
00006247
00006248
00006249
0000624A
0000624B
0000624C
0000624D
0000624E
0000624F
00006250
00006251
00006252
00006253
00006254
00006255
00006256
00006257
00006258
00006259
0000625A
0000625B
0000625C
0000625D
0000625E
0000625F
00006260
00006261
00006262
00006263
00006264
00006265
00006266
00006267
00006268
00006269
0000626A
0000626B
0000626C
0000626D
0000626E
0000626F
00006270
00006271
00006272
00006273
00006274
00006275
00006276
00006277
00006278
00006279
0000627A
0000627B
0000627C
0000627D
0000627E
0000627F
00006280
00006281
00006282
00006283
00006284
00006285
00006286
00006287
00006288
00006289
0000628A
0000628B
0000628C
0000628D
0000628E
0000628F
00006290
00006291
00006292
00006293
00006294
00006295
00006296
00006297
00006298
00006299
0000629A
0000629B
0000629C
0000629D
0000629E
0000629F
000062A0
000062A1
000062A2
000062A3
000062A4
000062A5
000062A6
000062A7
000062A8
000062A9
000062AA
000062AB
000062AC
000062AD
000062AE
000062AF
000062B0
000062B1
000062B2
000062B3
000062B4
000062B5
000062B6
000062B7
000062B8
000062B9
000062BA
000062BB
000062BC
000062BD
000062BE
000062BF
000062C0
000062C1
000062C2
000062C3
000062C4
000062C5
000062C6
000062C7
000062C8
000062C9
000062CA
000062CB
000062CC
000062CD
000062CE
000062CF
000062D0
000062D1
000062D2
000062D3
000062D4
000062D5
000062D6
000062D7
000062D8
000062D9
000062DA
000062DB
000062DC
000062DD
000062DE
000062DF
000062E0
000062E1
000062E2
000062E3
000062E4
000062E5
000062E6
000062E7
000062E8
000062E9
000062EA
000062EB
000062EC
000062ED
000062EE
000062EF
000062F0
000062F1
000062F2
000062F3
000062F4
000062F5
000062F6
000062F7
000062F8
000062F9
000062FA
000062FB
000062FC
000062FD
000062FE
000062FF
00006300
00006301
00006302
00006303
00006304
00006305
00006306
00006307
00006308
00006309
0000630A
0000630B
0000630C
0000630D
0000630E
0000630F
00006310
00006311
00006312
00006313
00006314
00006315
00006316
00006317
00006318
00006319
0000631A
0000631B
0000631C
0000631D
0000631E
0000631F
00006320
00006321
00006322
00006323
00006324
00006325
00006326
00006327
00006328
00006329
0000632A
0000632B
0000632C
0000632D
0000632E
0000632F
00006330
00006331
00006332
00006333
00006334
00006335
00006336
00006337
00006338
00006339
0000633A
0000633B
0000633C
0000633D
0000633E
0000633F
00006340
00006341
00006342
00006343
00006344
00006345
00006346
00006347
00006348
00006349
0000634A
0000634B
0000634C
0000634D
0000634E
0000634F
00006350
00006351
00006352
00006353
00006354
00006355
00006356
00006357
00006358
00006359
0000635A
0000635B
0000635C
0000635D
0000635E
0000635F
00006360
00006361
00006362
00006363
00006364
00006365
00006366
00006367
00006368
00006369
0000636A
0000636B
0000636C
0000636D
0000636E
0000636F
00006370
00006371
00006372
00006373
00006374
00006375
00006376
00006377
00006378
00006379
0000637A
0000637B
0000637C
0000637D
0000637E
0000637F
00006380
00006381
00006382
00006383
00006384
00006385
00006386
00006387
00006388
00006389
0000638A
0000638B
0000638C
0000638D
0000638E
0000638F
00006390
00006391
00006392
00006393
00006394
00006395
00006396
00006397
00006398
00006399
0000639A
0000639B
0000639C
0000639D
0000639E
0000639F
000063A0
000063A1
000063A2
000063A3
000063A4
000063A5
000063A6
000063A7
000063A8
000063A9
000063AA
000063AB
000063AC
000063AD
000063AE
000063AF
000063B0
000063B1
000063B2
000063B3
000063B4
000063B5
000063B6
000063B7
000063B8
000063B9
000063BA
000063BB
000063BC
000063BD
000063BE
000063BF
000063C0
000063C1
000063C2
000063C3
000063C4
000063C5
000063C6
000063C7
000063C8
000063C9
000063CA
000063CB
000063CC
000063CD
000063CE
000063CF
000063D0
000063D1
000063D2
000063D3
000063D4
000063D5
000063D6
000063D7
000063D8
000063D9
000063DA
000063DB
000063DC
000063DD
000063DE
000063DF
000063E0
000063E1
000063E2
000063E3
000063E4
000063E5
000063E6
000063E7
000063E8
000063E9
000063EA
000063EB
000063EC
000063ED
000063EE
000063EF
000063F0
000063F1
000063F2
000063F3
000063F4
000063F5
000063F6
000063F7
000063F8
000063F9
000063FA
000063FB
000063FC
000063FD
000063FE
000063FF
00006400
00006401
00006402
00006403
00006404
00006405
00006406
00006407
00006408
00006409
0000640A
0000640B
0000640C
0000640D
0000640E
0000640F
00006410
00006411
00006412
00006413
00006414
00006415
00006416
00006417
00006418
00006419
0000641A
0000641B
0000641C
0000641D
0000641E
0000641F
00006420
00006421
00006422
00006423
00006424
00006425
00006426
00006427
00006428
00006429
0000642A
0000642B
0000642C
0000642D
0000642E
0000642F
00006430
00006431
00006432
00006433
00006434
00006435
00006436
00006437
00006438
00006439
0000643A
0000643B
0000643C
0000643D
0000643E
0000643F
00006440
00006441
00006442
00006443
00006444
00006445
00006446
00006447
00006448
00006449
0000644A
0000644B
0000644C
0000644D
0000644E
0000644F
00006450
00006451
00006452
00006453
00006454
00006455
00006456
00006457
00006458
00006459
0000645A
0000645B
0000645C
0000645D
0000645E
0000645F
00006460
00006461
00006462
00006463
00006464
00006465
00006466
00006467
00006468
00006469
0000646A
0000646B
0000646C
0000646D
0000646E
0000646F
00006470
00006471
00006472
00006473
00006474
00006475
00006476
00006477
00006478
00006479
0000647A
0000647B
0000647C
0000647D
0000647E
0000647F
00006480
00006481
00006482
00006483
00006484
00006485
00006486
00006487
00006488
00006489
0000648A
0000648B
0000648C
0000648D
0000648E
0000648F
00006490
00006491
00006492
00006493
00006494
00006495
00006496
00006497
00006498
00006499
0000649A
0000649B
0000649C
0000649D
0000649E
0000649F
000064A0
000064A1
000064A2
000064A3
000064A4
000064A5
000064A6
000064A7
000064A8
000064A9
000064AA
000064AB
000064AC
000064AD
000064AE
000064AF
000064B0
000064B1
000064B2
000064B3
000064B4
000064B5
000064B6
000064B7
000064B8
000064B9
000064BA
000064BB
000064BC
000064BD
000064BE
000064BF
000064C0
000064C1
000064C2
000064C3
000064C4
000064C5
000064C6
000064C7
000064C8
000064C9
000064CA
000064CB
000064CC
000064CD
000064CE
000064CF
000064D0
000064D1
000064D2
000064D3
000064D4
000064D5
000064D6
000064D7
000064D8
000064D9
000064DA
000064DB
000064DC
000064DD
000064DE
000064DF
000064E0
000064E1
000064E2
000064E3
000064E4
000064E5
000064E6
000064E7
000064E8
000064E9
000064EA
000064EB
000064EC
000064ED
000064EE
000064EF
000064F0
000064F1
000064F2
000064F3
000064F4
000064F5
000064F6
000064F7
000064F8
000064F9
000064FA
000064FB
000064FC
000064FD
000064FE
000064FF
00006500
00006501
00006502
00006503
00006504
00006505
00006506
00006507
00006508
00006509
0000650A
0000650B
0000650C
0000650D
0000650E
0000650F
00006510
00006511
00006512
00006513
00006514
00006515
00006516
00006517
00006518
00006519
0000651A
0000651B
0000651C
0000651D
0000651E
0000651F
00006520
00006521
00006522
00006523
00006524
00006525
00006526
00006527
00006528
00006529
0000652A
0000652B
0000652C
0000652D
0000652E
0000652F
00006530
00006531
00006532
00006533
00006534
00006535
00006536
00006537
00006538
00006539
0000653A
0000653B
0000653C
0000653D
0000653E
0000653F
00006540
00006541
00006542
00006543
00006544
00006545
00006546
00006547
00006548
00006549
0000654A
0000654B
0000654C
0000654D
0000654E
0000654F
00006550
00006551
00006552
00006553
00006554
00006555
00006556
00006557
00006558
00006559
0000655A
0000655B
0000655C
0000655D
0000655E
0000655F
00006560
00006561
00006562
00006563
00006564
00006565
00006566
00006567
00006568
00006569
0000656A
0000656B
0000656C
0000656D
0000656E
0000656F
00006570
00006571
00006572
00006573
00006574
00006575
00006576
00006577
00006578
00006579
0000657A
0000657B
0000657C
0000657D
0000657E
0000657F
00006580
00006581
00006582
00006583
00006584
00006585
00006586
00006587
00006588
00006589
0000658A
0000658B
0000658C
0000658D
0000658E
0000658F
00006590
00006591
00006592
00006593
00006594
00006595
00006596
00006597
00006598
00006599
0000659A
0000659B
0000659C
0000659D
0000659E
0000659F
000065A0
000065A1
000065A2
000065A3
000065A4
000065A5
000065A6
000065A7
000065A8
000065A9
000065AA
000065AB
000065AC
000065AD
000065AE
000065AF
000065B0
000065B1
000065B2
000065B3
000065B4
000065B5
000065B6
000065B7
000065B8
000065B9
000065BA
000065BB
000065BC
000065BD
000065BE
000065BF
000065C0
000065C1
000065C2
000065C3
000065C4
000065C5
000065C6
000065C7
000065C8
000065C9
000065CA
000065CB
000065CC
000065CD
000065CE
000065CF
000065D0
000065D1
000065D2
000065D3
000065D4
000065D5
000065D6
000065D7
000065D8
000065D9
000065DA
000065DB
000065DC
000065DD
000065DE
000065DF
000065E0
000065E1
000065E2
000065E3
000065E4
000065E5
000065E6
000065E7
000065E8
000065E9
000065EA
000065EB
000065EC
000065ED
000065EE
000065EF
000065F0
000065F1
000065F2
000065F3
000065F4
000065F5
000065F6
000065F7
000065F8
000065F9
000065FA
000065FB
000065FC
000065FD
000065FE
000065FF
00006600
00006601
00006602
00006603
00006604
00006605
00006606
00006607
00006608
00006609
0000660A
0000660B
0000660C
0000660D
0000660E
0000660F
00006610
00006611
00006612
00006613
00006614
00006615
00006616
00006617
00006618
00006619
0000661A
0000661B
0000661C
0000661D
0000661E
0000661F
00006620
00006621
00006622
00006623
00006624
00006625
00006626
00006627
00006628
00006629
0000662A
0000662B
0000662C
0000662D
0000662E
0000662F
00006630
00006631
00006632
00006633
00006634
00006635
00006636
00006637
00006638
00006639
0000663A
0000663B
0000663C
0000663D
0000663E
0000663F
00006640
00006641
00006642
00006643
00006644
00006645
00006646
00006647
00006648
00006649
0000664A
0000664B
0000664C
0000664D
0000664E
0000664F
00006650
00006651
00006652
00006653
00006654
00006655
00006656
00006657
00006658
00006659
0000665A
0000665B
0000665C
0000665D
0000665E
0000665F
00006660
00006661
00006662
00006663
00006664
00006665
00006666
00006667
00006668
00006669
0000666A
0000666B
0000666C
0000666D
0000666E
0000666F
00006670
00006671
00006672
00006673
00006674
00006675
00006676
00006677
00006678
00006679
0000667A
0000667B
0000667C
0000667D
0000667E
0000667F
00006680
00006681
00006682
00006683
00006684
00006685
00006686
00006687
00006688
00006689
0000668A
0000668B
0000668C
0000668D
0000668E
0000668F
00006690
00006691
00006692
00006693
00006694
00006695
00006696
00006697
00006698
00006699
0000669A
0000669B
0000669C
0000669D
0000669E
0000669F
000066A0
000066A1
000066A2
000066A3
000066A4
000066A5
000066A6
000066A7
000066A8
000066A9
000066AA
000066AB
000066AC
000066AD
000066AE
000066AF
000066B0
000066B1
000066B2
000066B3
000066B4
000066B5
000066B6
000066B7
000066B8
000066B9
000066BA
000066BB
000066BC
000066BD
000066BE
000066BF
000066C0
000066C1
000066C2
000066C3
000066C4
000066C5
000066C6
000066C7
000066C8
000066C9
000066CA
000066CB
000066CC
000066CD
000066CE
000066CF
000066D0
000066D1
000066D2
000066D3
000066D4
000066D5
000066D6
000066D7
000066D8
000066D9
000066DA
000066DB
000066DC
000066DD
000066DE
000066DF
000066E0
000066E1
000066E2
000066E3
000066E4
000066E5
000066E6
000066E7
000066E8
000066E9
000066EA
000066EB
000066EC
000066ED
000066EE
000066EF
000066F0
000066F1
000066F2
000066F3
000066F4
000066F5
000066F6
000066F7
000066F8
000066F9
000066FA
000066FB
000066FC
000066FD
000066FE
000066FF
00006700
00006701
00006702
00006703
00006704
00006705
00006706
00006707
00006708
00006709
0000670A
0000670B
0000670C
0000670D
0000670E
0000670F
00006710
00006711
00006712
00006713
00006714
00006715
00006716
00006717
00006718
00006719
0000671A
0000671B
0000671C
0000671D
0000671E
0000671F
00006720
00006721
00006722
00006723
00006724
00006725
00006726
00006727
00006728
00006729
0000672A
0000672B
0000672C
0000672D
0000672E
0000672F
00006730
00006731
00006732
00006733
00006734
00006735
00006736
00006737
00006738
00006739
0000673A
0000673B
0000673C
0000673D
0000673E
0000673F
00006740
00006741
00006742
00006743
00006744
00006745
00006746
00006747
00006748
00006749
0000674A
0000674B
0000674C
0000674D
0000674E
0000674F
00006750
00006751
00006752
00006753
00006754
00006755
00006756
00006757
00006758
00006759
0000675A
0000675B
0000675C
0000675D
0000675E
0000675F
00006760
00006761
00006762
00006763
00006764
00006765
00006766
00006767
00006768
00006769
0000676A
0000676B
0000676C
0000676D
0000676E
0000676F
00006770
00006771
00006772
00006773
00006774
00006775
00006776
00006777
00006778
00006779
0000677A
0000677B
0000677C
0000677D
0000677E
0000677F
00006780
00006781
00006782
00006783
00006784
00006785
00006786
00006787
00006788
00006789
0000678A
0000678B
0000678C
0000678D
0000678E
0000678F
00006790
00006791
00006792
00006793
00006794
00006795
00006796
00006797
00006798
00006799
0000679A
0000679B
0000679C
0000679D
0000679E
0000679F
000067A0
000067A1
000067A2
000067A3
000067A4
000067A5
000067A6
000067A7
000067A8
000067A9
000067AA
000067AB
000067AC
000067AD
000067AE
000067AF
000067B0
000067B1
000067B2
000067B3
000067B4
000067B5
000067B6
000067B7
000067B8
000067B9
000067BA
000067BB
000067BC
000067BD
000067BE
000067BF
000067C0
000067C1
000067C2
000067C3
000067C4
000067C5
000067C6
000067C7
000067C8
000067C9
000067CA
000067CB
000067CC
000067CD
000067CE
000067CF
000067D0
000067D1
000067D2
000067D3
000067D4
000067D5
000067D6
000067D7
000067D8
000067D9
000067DA
000067DB
000067DC
000067DD
000067DE
000067DF
000067E0
000067E1
000067E2
000067E3
000067E4
000067E5
000067E6
000067E7
000067E8
000067E9
000067EA
000067EB
000067EC
000067ED
000067EE
000067EF
000067F0
000067F1
000067F2
000067F3
000067F4
000067F5
000067F6
000067F7
000067F8
000067F9
000067FA
000067FB
000067FC
000067FD
000067FE
000067FF
00006800
00006801
00006802
00006803
00006804
00006805
00006806
00006807
00006808
00006809
0000680A
0000680B
0000680C
0000680D
0000680E
0000680F
00006810
00006811
00006812
00006813
00006814
00006815
00006816
00006817
00006818
00006819
0000681A
0000681B
0000681C
0000681D
0000681E
0000681F
00006820
00006821
00006822
00006823
00006824
00006825
00006826
00006827
00006828
00006829
0000682A
0000682B
0000682C
0000682D
0000682E
0000682F
00006830
00006831
00006832
00006833
00006834
00006835
00006836
00006837
00006838
00006839
0000683A
0000683B
0000683C
0000683D
0000683E
0000683F
00006840
00006841
00006842
00006843
00006844
00006845
00006846
00006847
00006848
00006849
0000684A
0000684B
0000684C
0000684D
0000684E
0000684F
00006850
00006851
00006852
00006853
00006854
00006855
00006856
00006857
00006858
00006859
0000685A
0000685B
0000685C
0000685D
0000685E
0000685F
00006860
00006861
00006862
00006863
00006864
00006865
00006866
00006867
00006868
00006869
0000686A
0000686B
0000686C
0000686D
0000686E
0000686F
00006870
00006871
00006872
00006873
00006874
00006875
00006876
00006877
00006878
00006879
0000687A
0000687B
0000687C
0000687D
0000687E
0000687F
00006880
00006881
00006882
00006883
00006884
00006885
00006886
00006887
00006888
00006889
0000688A
0000688B
0000688C
0000688D
0000688E
0000688F
00006890
00006891
00006892
00006893
00006894
00006895
00006896
00006897
00006898
00006899
0000689A
0000689B
0000689C
0000689D
0000689E
0000689F
000068A0
000068A1
000068A2
000068A3
000068A4
000068A5
000068A6
000068A7
000068A8
000068A9
000068AA
000068AB
000068AC
000068AD
000068AE
000068AF
000068B0
000068B1
000068B2
000068B3
000068B4
000068B5
000068B6
000068B7
000068B8
000068B9
000068BA
000068BB
000068BC
000068BD
000068BE
000068BF
000068C0
000068C1
000068C2
000068C3
000068C4
000068C5
000068C6
000068C7
000068C8
000068C9
000068CA
000068CB
000068CC
000068CD
000068CE
000068CF
000068D0
000068D1
000068D2
000068D3
000068D4
000068D5
000068D6
000068D7
000068D8
000068D9
000068DA
000068DB
000068DC
000068DD
000068DE
000068DF
000068E0
000068E1
000068E2
000068E3
000068E4
000068E5
000068E6
000068E7
000068E8
000068E9
000068EA
000068EB
000068EC
000068ED
000068EE
000068EF
000068F0
000068F1
000068F2
000068F3
000068F4
000068F5
000068F6
000068F7
000068F8
000068F9
000068FA
000068FB
000068FC
000068FD
000068FE
000068FF
00006900
00006901
00006902
00006903
00006904
00006905
00006906
00006907
00006908
00006909
0000690A
0000690B
0000690C
0000690D
0000690E
0000690F
00006910
00006911
00006912
00006913
00006914
00006915
00006916
00006917
00006918
00006919
0000691A
0000691B
0000691C
0000691D
0000691E
0000691F
00006920
00006921
00006922
00006923
00006924
00006925
00006926
00006927
00006928
00006929
0000692A
0000692B
0000692C
0000692D
0000692E
0000692F
00006930
00006931
00006932
00006933
00006934
00006935
00006936
00006937
00006938
00006939
0000693A
0000693B
0000693C
0000693D
0000693E
0000693F
00006940
00006941
00006942
00006943
00006944
00006945
00006946
00006947
00006948
00006949
0000694A
0000694B
0000694C
0000694D
0000694E
0000694F
00006950
00006951
00006952
00006953
00006954
00006955
00006956
00006957
00006958
00006959
0000695A
0000695B
0000695C
0000695D
0000695E
0000695F
00006960
00006961
00006962
00006963
00006964
00006965
00006966
00006967
00006968
00006969
0000696A
0000696B
0000696C
0000696D
0000696E
0000696F
00006970
00006971
00006972
00006973
00006974
00006975
00006976
00006977
00006978
00006979
0000697A
0000697B
0000697C
0000697D
0000697E
0000697F
00006980
00006981
00006982
00006983
00006984
00006985
00006986
00006987
00006988
00006989
0000698A
0000698B
0000698C
0000698D
0000698E
0000698F
00006990
00006991
00006992
00006993
00006994
00006995
00006996
00006997
00006998
00006999
0000699A
0000699B
0000699C
0000699D
0000699E
0000699F
000069A0
000069A1
000069A2
000069A3
000069A4
000069A5
000069A6
000069A7
000069A8
000069A9
000069AA
000069AB
000069AC
000069AD
000069AE
000069AF
000069B0
000069B1
000069B2
000069B3
000069B4
000069B5
000069B6
000069B7
000069B8
000069B9
000069BA
000069BB
000069BC
000069BD
000069BE
000069BF
000069C0
000069C1
000069C2
000069C3
000069C4
000069C5
000069C6
000069C7
000069C8
000069C9
000069CA
000069CB
000069CC
000069CD
000069CE
000069CF
000069D0
000069D1
000069D2
000069D3
000069D4
000069D5
000069D6
000069D7
000069D8
000069D9
000069DA
000069DB
000069DC
000069DD
000069DE
000069DF
000069E0
000069E1
000069E2
000069E3
000069E4
000069E5
000069E6
000069E7
000069E8
000069E9
000069EA
000069EB
000069EC
000069ED
000069EE
000069EF
000069F0
000069F1
000069F2
000069F3
000069F4
000069F5
000069F6
000069F7
000069F8
000069F9
000069FA
000069FB
000069FC
000069FD
000069FE
000069FF
00006A00
00006A01
00006A02
00006A03
00006A04
00006A05
00006A06
00006A07
00006A08
00006A09
00006A0A
00006A0B
00006A0C
00006A0D
00006A0E
00006A0F
00006A10
00006A11
00006A12
00006A13
00006A14
00006A15
00006A16
00006A17
00006A18
00006A19
00006A1A
00006A1B
00006A1C
00006A1D
00006A1E
00006A1F
00006A20
00006A21
00006A22
00006A23
00006A24
00006A25
00006A26
00006A27
00006A28
00006A29
00006A2A
00006A2B
00006A2C
00006A2D
00006A2E
00006A2F
00006A30
00006A31
00006A32
00006A33
00006A34
00006A35
00006A36
00006A37
00006A38
00006A39
00006A3A
00006A3B
00006A3C
00006A3D
00006A3E
00006A3F
00006A40
00006A41
00006A42
00006A43
00006A44
00006A45
00006A46
00006A47
00006A48
00006A49
00006A4A
00006A4B
00006A4C
00006A4D
00006A4E
00006A4F
00006A50
00006A51
00006A52
00006A53
00006A54
00006A55
00006A56
00006A57
00006A58
00006A59
00006A5A
00006A5B
00006A5C
00006A5D
00006A5E
00006A5F
00006A60
00006A61
00006A62
00006A63
00006A64
00006A65
00006A66
00006A67
00006A68
00006A69
00006A6A
00006A6B
00006A6C
00006A6D
00006A6E
00006A6F
00006A70
00006A71
00006A72
00006A73
00006A74
00006A75
00006A76
00006A77
00006A78
00006A79
00006A7A
00006A7B
00006A7C
00006A7D
00006A7E
00006A7F
00006A80
00006A81
00006A82
00006A83
00006A84
00006A85
00006A86
00006A87
00006A88
00006A89
00006A8A
00006A8B
00006A8C
00006A8D
00006A8E
00006A8F
00006A90
00006A91
00006A92
00006A93
00006A94
00006A95
00006A96
00006A97
00006A98
00006A99
00006A9A
00006A9B
00006A9C
00006A9D
00006A9E
00006A9F
00006AA0
00006AA1
00006AA2
00006AA3
00006AA4
00006AA5
00006AA6
00006AA7
00006AA8
00006AA9
00006AAA
00006AAB
00006AAC
00006AAD
00006AAE
00006AAF
00006AB0
00006AB1
00006AB2
00006AB3
00006AB4
00006AB5
00006AB6
00006AB7
00006AB8
00006AB9
00006ABA
00006ABB
00006ABC
00006ABD
00006ABE
00006ABF
00006AC0
00006AC1
00006AC2
00006AC3
00006AC4
00006AC5
00006AC6
00006AC7
00006AC8
00006AC9
00006ACA
00006ACB
00006ACC
00006ACD
00006ACE
00006ACF
00006AD0
00006AD1
00006AD2
00006AD3
00006AD4
00006AD5
00006AD6
00006AD7
00006AD8
00006AD9
00006ADA
00006ADB
00006ADC
00006ADD
00006ADE
00006ADF
00006AE0
00006AE1
00006AE2
00006AE3
00006AE4
00006AE5
00006AE6
00006AE7
00006AE8
00006AE9
00006AEA
00006AEB
00006AEC
00006AED
00006AEE
00006AEF
00006AF0
00006AF1
00006AF2
00006AF3
00006AF4
00006AF5
00006AF6
00006AF7
00006AF8
00006AF9
00006AFA
00006AFB
00006AFC
00006AFD
00006AFE
00006AFF
00006B00
00006B01
00006B02
00006B03
00006B04
00006B05
00006B06
00006B07
00006B08
00006B09
00006B0A
00006B0B
00006B0C
00006B0D
00006B0E
00006B0F
00006B10
00006B11
00006B12
00006B13
00006B14
00006B15
00006B16
00006B17
00006B18
00006B19
00006B1A
00006B1B
00006B1C
00006B1D
00006B1E
00006B1F
00006B20
00006B21
00006B22
00006B23
00006B24
00006B25
00006B26
00006B27
00006B28
00006B29
00006B2A
00006B2B
00006B2C
00006B2D
00006B2E
00006B2F
00006B30
00006B31
00006B32
00006B33
00006B34
00006B35
00006B36
00006B37
00006B38
00006B39
00006B3A
00006B3B
00006B3C
00006B3D
00006B3E
00006B3F
00006B40
00006B41
00006B42
00006B43
00006B44
00006B45
00006B46
00006B47
00006B48
00006B49
00006B4A
00006B4B
00006B4C
00006B4D
00006B4E
00006B4F
00006B50
00006B51
00006B52
00006B53
00006B54
00006B55
00006B56
00006B57
00006B58
00006B59
00006B5A
00006B5B
00006B5C
00006B5D
00006B5E
00006B5F
00006B60
00006B61
00006B62
00006B63
00006B64
00006B65
00006B66
00006B67
00006B68
00006B69
00006B6A
00006B6B
00006B6C
00006B6D
00006B6E
00006B6F
00006B70
00006B71
00006B72
00006B73
00006B74
00006B75
00006B76
00006B77
00006B78
00006B79
00006B7A
00006B7B
00006B7C
00006B7D
00006B7E
00006B7F
00006B80
00006B81
00006B82
00006B83
00006B84
00006B85
00006B86
00006B87
00006B88
00006B89
00006B8A
00006B8B
00006B8C
00006B8D
00006B8E
00006B8F
00006B90
00006B91
00006B92
00006B93
00006B94
00006B95
00006B96
00006B97
00006B98
00006B99
00006B9A
00006B9B
00006B9C
00006B9D
00006B9E
00006B9F
00006BA0
00006BA1
00006BA2
00006BA3
00006BA4
00006BA5
00006BA6
00006BA7
00006BA8
00006BA9
00006BAA
00006BAB
00006BAC
00006BAD
00006BAE
00006BAF
00006BB0
00006BB1
00006BB2
00006BB3
00006BB4
00006BB5
00006BB6
00006BB7
00006BB8
00006BB9
00006BBA
00006BBB
00006BBC
00006BBD
00006BBE
00006BBF
00006BC0
00006BC1
00006BC2
00006BC3
00006BC4
00006BC5
00006BC6
00006BC7
00006BC8
00006BC9
00006BCA
00006BCB
00006BCC
00006BCD
00006BCE
00006BCF
00006BD0
00006BD1
00006BD2
00006BD3
00006BD4
00006BD5
00006BD6
00006BD7
00006BD8
00006BD9
00006BDA
00006BDB
00006BDC
00006BDD
00006BDE
00006BDF
00006BE0
00006BE1
00006BE2
00006BE3
00006BE4
00006BE5
00006BE6
00006BE7
00006BE8
00006BE9
00006BEA
00006BEB
00006BEC
00006BED
00006BEE
00006BEF
00006BF0
00006BF1
00006BF2
00006BF3
00006BF4
00006BF5
00006BF6
00006BF7
00006BF8
00006BF9
00006BFA
00006BFB
00006BFC
00006BFD
00006BFE
00006BFF
00006C00
00006C01
00006C02
00006C03
00006C04
00006C05
00006C06
00006C07
00006C08
00006C09
00006C0A
00006C0B
00006C0C
00006C0D
00006C0E
00006C0F
00006C10
00006C11
00006C12
00006C13
00006C14
00006C15
00006C16
00006C17
00006C18
00006C19
00006C1A
00006C1B
00006C1C
00006C1D
00006C1E
00006C1F
00006C20
00006C21
00006C22
00006C23
00006C24
00006C25
00006C26
00006C27
00006C28
00006C29
00006C2A
00006C2B
00006C2C
00006C2D
00006C2E
00006C2F
00006C30
00006C31
00006C32
00006C33
00006C34
00006C35
00006C36
00006C37
00006C38
00006C39
00006C3A
00006C3B
00006C3C
00006C3D
00006C3E
00006C3F
00006C40
00006C41
00006C42
00006C43
00006C44
00006C45
00006C46
00006C47
00006C48
00006C49
00006C4A
00006C4B
00006C4C
00006C4D
00006C4E
00006C4F
00006C50
00006C51
00006C52
00006C53
00006C54
00006C55
00006C56
00006C57
00006C58
00006C59
00006C5A
00006C5B
00006C5C
00006C5D
00006C5E
00006C5F
00006C60
00006C61
00006C62
00006C63
00006C64
00006C65
00006C66
00006C67
00006C68
00006C69
00006C6A
00006C6B
00006C6C
00006C6D
00006C6E
00006C6F
00006C70
00006C71
00006C72
00006C73
00006C74
00006C75
00006C76
00006C77
00006C78
00006C79
00006C7A
00006C7B
00006C7C
00006C7D
00006C7E
00006C7F
00006C80
00006C81
00006C82
00006C83
00006C84
00006C85
00006C86
00006C87
00006C88
00006C89
00006C8A
00006C8B
00006C8C
00006C8D
00006C8E
00006C8F
00006C90
00006C91
00006C92
00006C93
00006C94
00006C95
00006C96
00006C97
00006C98
00006C99
00006C9A
00006C9B
00006C9C
00006C9D
00006C9E
00006C9F
00006CA0
00006CA1
00006CA2
00006CA3
00006CA4
00006CA5
00006CA6
00006CA7
00006CA8
00006CA9
00006CAA
00006CAB
00006CAC
00006CAD
00006CAE
00006CAF
00006CB0
00006CB1
00006CB2
00006CB3
00006CB4
00006CB5
00006CB6
00006CB7
00006CB8
00006CB9
00006CBA
00006CBB
00006CBC
00006CBD
00006CBE
00006CBF
00006CC0
00006CC1
00006CC2
00006CC3
00006CC4
00006CC5
00006CC6
00006CC7
00006CC8
00006CC9
00006CCA
00006CCB
00006CCC
00006CCD
00006CCE
00006CCF
00006CD0
00006CD1
00006CD2
00006CD3
00006CD4
00006CD5
00006CD6
00006CD7
00006CD8
00006CD9
00006CDA
00006CDB
00006CDC
00006CDD
00006CDE
00006CDF
00006CE0
00006CE1
00006CE2
00006CE3
00006CE4
00006CE5
00006CE6
00006CE7
00006CE8
00006CE9
00006CEA
00006CEB
00006CEC
00006CED
00006CEE
00006CEF
00006CF0
00006CF1
00006CF2
00006CF3
00006CF4
00006CF5
00006CF6
00006CF7
00006CF8
00006CF9
00006CFA
00006CFB
00006CFC
00006CFD
00006CFE
00006CFF
00006D00
00006D01
00006D02
00006D03
00006D04
00006D05
00006D06
00006D07
00006D08
00006D09
00006D0A
00006D0B
00006D0C
00006D0D
00006D0E
00006D0F
00006D10
00006D11
00006D12
00006D13
00006D14
00006D15
00006D16
00006D17
00006D18
00006D19
00006D1A
00006D1B
00006D1C
00006D1D
00006D1E
00006D1F
00006D20
00006D21
00006D22
00006D23
00006D24
00006D25
00006D26
00006D27
00006D28
00006D29
00006D2A
00006D2B
00006D2C
00006D2D
00006D2E
00006D2F
00006D30
00006D31
00006D32
00006D33
00006D34
00006D35
00006D36
00006D37
00006D38
00006D39
00006D3A
00006D3B
00006D3C
00006D3D
00006D3E
00006D3F
00006D40
00006D41
00006D42
00006D43
00006D44
00006D45
00006D46
00006D47
00006D48
00006D49
00006D4A
00006D4B
00006D4C
00006D4D
00006D4E
00006D4F
00006D50
00006D51
00006D52
00006D53
00006D54
00006D55
00006D56
00006D57
00006D58
00006D59
00006D5A
00006D5B
00006D5C
00006D5D
00006D5E
00006D5F
00006D60
00006D61
00006D62
00006D63
00006D64
00006D65
00006D66
00006D67
00006D68
00006D69
00006D6A
00006D6B
00006D6C
00006D6D
00006D6E
00006D6F
00006D70
00006D71
00006D72
00006D73
00006D74
00006D75
00006D76
00006D77
00006D78
00006D79
00006D7A
00006D7B
00006D7C
00006D7D
00006D7E
00006D7F
00006D80
00006D81
00006D82
00006D83
00006D84
00006D85
00006D86
00006D87
00006D88
00006D89
00006D8A
00006D8B
00006D8C
00006D8D
00006D8E
00006D8F
00006D90
00006D91
00006D92
00006D93
00006D94
00006D95
00006D96
00006D97
00006D98
00006D99
00006D9A
00006D9B
00006D9C
00006D9D
00006D9E
00006D9F
00006DA0
00006DA1
00006DA2
00006DA3
00006DA4
00006DA5
00006DA6
00006DA7
00006DA8
00006DA9
00006DAA
00006DAB
00006DAC
00006DAD
00006DAE
00006DAF
00006DB0
00006DB1
00006DB2
00006DB3
00006DB4
00006DB5
00006DB6
00006DB7
00006DB8
00006DB9
00006DBA
00006DBB
00006DBC
00006DBD
00006DBE
00006DBF
00006DC0
00006DC1
00006DC2
00006DC3
00006DC4
00006DC5
00006DC6
00006DC7
00006DC8
00006DC9
00006DCA
00006DCB
00006DCC
00006DCD
00006DCE
00006DCF
00006DD0
00006DD1
00006DD2
00006DD3
00006DD4
00006DD5
00006DD6
00006DD7
00006DD8
00006DD9
00006DDA
00006DDB
00006DDC
00006DDD
00006DDE
00006DDF
00006DE0
00006DE1
00006DE2
00006DE3
00006DE4
00006DE5
00006DE6
00006DE7
00006DE8
00006DE9
00006DEA
00006DEB
00006DEC
00006DED
00006DEE
00006DEF
00006DF0
00006DF1
00006DF2
00006DF3
00006DF4
00006DF5
00006DF6
00006DF7
00006DF8
00006DF9
00006DFA
00006DFB
00006DFC
00006DFD
00006DFE
00006DFF
00006E00
00006E01
00006E02
00006E03
00006E04
00006E05
00006E06
00006E07
00006E08
00006E09
00006E0A
00006E0B
00006E0C
00006E0D
00006E0E
00006E0F
00006E10
00006E11
00006E12
00006E13
00006E14
00006E15
00006E16
00006E17
00006E18
00006E19
00006E1A
00006E1B
00006E1C
00006E1D
00006E1E
00006E1F
00006E20
00006E21
00006E22
00006E23
00006E24
00006E25
00006E26
00006E27
00006E28
00006E29
00006E2A
00006E2B
00006E2C
00006E2D
00006E2E
00006E2F
00006E30
00006E31
00006E32
00006E33
00006E34
00006E35
00006E36
00006E37
00006E38
00006E39
00006E3A
00006E3B
00006E3C
00006E3D
00006E3E
00006E3F
00006E40
00006E41
00006E42
00006E43
00006E44
00006E45
00006E46
00006E47
00006E48
00006E49
00006E4A
00006E4B
00006E4C
00006E4D
00006E4E
00006E4F
00006E50
00006E51
00006E52
00006E53
00006E54
00006E55
00006E56
00006E57
00006E58
00006E59
00006E5A
00006E5B
00006E5C
00006E5D
00006E5E
00006E5F
00006E60
00006E61
00006E62
00006E63
00006E64
00006E65
00006E66
00006E67
00006E68
00006E69
00006E6A
00006E6B
00006E6C
00006E6D
00006E6E
00006E6F
00006E70
00006E71
00006E72
00006E73
00006E74
00006E75
00006E76
00006E77
00006E78
00006E79
00006E7A
00006E7B
00006E7C
00006E7D
00006E7E
00006E7F
00006E80
00006E81
00006E82
00006E83
00006E84
00006E85
00006E86
00006E87
00006E88
00006E89
00006E8A
00006E8B
00006E8C
00006E8D
00006E8E
00006E8F
00006E90
00006E91
00006E92
00006E93
00006E94
00006E95
00006E96
00006E97
00006E98
00006E99
00006E9A
00006E9B
00006E9C
00006E9D
00006E9E
00006E9F
00006EA0
00006EA1
00006EA2
00006EA3
00006EA4
00006EA5
00006EA6
00006EA7
00006EA8
00006EA9
00006EAA
00006EAB
00006EAC
00006EAD
00006EAE
00006EAF
00006EB0
00006EB1
00006EB2
00006EB3
00006EB4
00006EB5
00006EB6
00006EB7
00006EB8
00006EB9
00006EBA
00006EBB
00006EBC
00006EBD
00006EBE
00006EBF
00006EC0
00006EC1
00006EC2
00006EC3
00006EC4
00006EC5
00006EC6
00006EC7
00006EC8
00006EC9
00006ECA
00006ECB
00006ECC
00006ECD
00006ECE
00006ECF
00006ED0
00006ED1
00006ED2
00006ED3
00006ED4
00006ED5
00006ED6
00006ED7
00006ED8
00006ED9
00006EDA
00006EDB
00006EDC
00006EDD
00006EDE
00006EDF
00006EE0
00006EE1
00006EE2
00006EE3
00006EE4
00006EE5
00006EE6
00006EE7
00006EE8
00006EE9
00006EEA
00006EEB
00006EEC
00006EED
00006EEE
00006EEF
00006EF0
00006EF1
00006EF2
00006EF3
00006EF4
00006EF5
00006EF6
00006EF7
00006EF8
00006EF9
00006EFA
00006EFB
00006EFC
00006EFD
00006EFE
00006EFF
00006F00
00006F01
00006F02
00006F03
00006F04
00006F05
00006F06
00006F07
00006F08
00006F09
00006F0A
00006F0B
00006F0C
00006F0D
00006F0E
00006F0F
00006F10
00006F11
00006F12
00006F13
00006F14
00006F15
00006F16
00006F17
00006F18
00006F19
00006F1A
00006F1B
00006F1C
00006F1D
00006F1E
00006F1F
00006F20
00006F21
00006F22
00006F23
00006F24
00006F25
00006F26
00006F27
00006F28
00006F29
00006F2A
00006F2B
00006F2C
00006F2D
00006F2E
00006F2F
00006F30
00006F31
00006F32
00006F33
00006F34
00006F35
00006F36
00006F37
00006F38
00006F39
00006F3A
00006F3B
00006F3C
00006F3D
00006F3E
00006F3F
00006F40
00006F41
00006F42
00006F43
00006F44
00006F45
00006F46
00006F47
00006F48
00006F49
00006F4A
00006F4B
00006F4C
00006F4D
00006F4E
00006F4F
00006F50
00006F51
00006F52
00006F53
00006F54
00006F55
00006F56
00006F57
00006F58
00006F59
00006F5A
00006F5B
00006F5C
00006F5D
00006F5E
00006F5F
00006F60
00006F61
00006F62
00006F63
00006F64
00006F65
00006F66
00006F67
00006F68
00006F69
00006F6A
00006F6B
00006F6C
00006F6D
00006F6E
00006F6F
00006F70
00006F71
00006F72
00006F73
00006F74
00006F75
00006F76
00006F77
00006F78
00006F79
00006F7A
00006F7B
00006F7C
00006F7D
00006F7E
00006F7F
00006F80
00006F81
00006F82
00006F83
00006F84
00006F85
00006F86
00006F87
00006F88
00006F89
00006F8A
00006F8B
00006F8C
00006F8D
00006F8E
00006F8F
00006F90
00006F91
00006F92
00006F93
00006F94
00006F95
00006F96
00006F97
00006F98
00006F99
00006F9A
00006F9B
00006F9C
00006F9D
00006F9E
00006F9F
00006FA0
00006FA1
00006FA2
00006FA3
00006FA4
00006FA5
00006FA6
00006FA7
00006FA8
00006FA9
00006FAA
00006FAB
00006FAC
00006FAD
00006FAE
00006FAF
00006FB0
00006FB1
00006FB2
00006FB3
00006FB4
00006FB5
00006FB6
00006FB7
00006FB8
00006FB9
00006FBA
00006FBB
00006FBC
00006FBD
00006FBE
00006FBF
00006FC0
00006FC1
00006FC2
00006FC3
00006FC4
00006FC5
00006FC6
00006FC7
00006FC8
00006FC9
00006FCA
00006FCB
00006FCC
00006FCD
00006FCE
00006FCF
00006FD0
00006FD1
00006FD2
00006FD3
00006FD4
00006FD5
00006FD6
00006FD7
00006FD8
00006FD9
00006FDA
00006FDB
00006FDC
00006FDD
00006FDE
00006FDF
00006FE0
00006FE1
00006FE2
00006FE3
00006FE4
00006FE5
00006FE6
00006FE7
00006FE8
00006FE9
00006FEA
00006FEB
00006FEC
00006FED
00006FEE
00006FEF
00006FF0
00006FF1
00006FF2
00006FF3
00006FF4
00006FF5
00006FF6
00006FF7
00006FF8
00006FF9
00006FFA
00006FFB
00006FFC
00006FFD
00006FFE
00006FFF
00007000
00007001
00007002
00007003
00007004
00007005
00007006
00007007
00007008
00007009
0000700A
0000700B
0000700C
0000700D
0000700E
0000700F
00007010
00007011
00007012
00007013
00007014
00007015
00007016
00007017
00007018
00007019
0000701A
0000701B
0000701C
0000701D
0000701E
0000701F
00007020
00007021
00007022
00007023
00007024
00007025
00007026
00007027
00007028
00007029
0000702A
0000702B
0000702C
0000702D
0000702E
0000702F
00007030
00007031
00007032
00007033
00007034
00007035
00007036
00007037
00007038
00007039
0000703A
0000703B
0000703C
0000703D
0000703E
0000703F
00007040
00007041
00007042
00007043
00007044
00007045
00007046
00007047
00007048
00007049
0000704A
0000704B
0000704C
0000704D
0000704E
0000704F
00007050
00007051
00007052
00007053
00007054
00007055
00007056
00007057
00007058
00007059
0000705A
0000705B
0000705C
0000705D
0000705E
0000705F
00007060
00007061
00007062
00007063
00007064
00007065
00007066
00007067
00007068
00007069
0000706A
0000706B
0000706C
0000706D
0000706E
0000706F
00007070
00007071
00007072
00007073
00007074
00007075
00007076
00007077
00007078
00007079
0000707A
0000707B
0000707C
0000707D
0000707E
0000707F
00007080
00007081
00007082
00007083
00007084
00007085
00007086
00007087
00007088
00007089
0000708A
0000708B
0000708C
0000708D
0000708E
0000708F
00007090
00007091
00007092
00007093
00007094
00007095
00007096
00007097
00007098
00007099
0000709A
0000709B
0000709C
0000709D
0000709E
0000709F
000070A0
000070A1
000070A2
000070A3
000070A4
000070A5
000070A6
000070A7
000070A8
000070A9
000070AA
000070AB
000070AC
000070AD
000070AE
000070AF
000070B0
000070B1
000070B2
000070B3
000070B4
000070B5
000070B6
000070B7
000070B8
000070B9
000070BA
000070BB
000070BC
000070BD
000070BE
000070BF
000070C0
000070C1
000070C2
000070C3
000070C4
000070C5
000070C6
000070C7
000070C8
000070C9
000070CA
000070CB
000070CC
000070CD
000070CE
000070CF
000070D0
000070D1
000070D2
000070D3
000070D4
000070D5
000070D6
000070D7
000070D8
000070D9
000070DA
000070DB
000070DC
000070DD
000070DE
000070DF
000070E0
000070E1
000070E2
000070E3
000070E4
000070E5
000070E6
000070E7
000070E8
000070E9
000070EA
000070EB
000070EC
000070ED
000070EE
000070EF
000070F0
000070F1
000070F2
000070F3
000070F4
000070F5
000070F6
000070F7
000070F8
000070F9
000070FA
000070FB
000070FC
000070FD
000070FE
000070FF
00007100
00007101
00007102
00007103
00007104
00007105
00007106
00007107
00007108
00007109
0000710A
0000710B
0000710C
0000710D
0000710E
0000710F
00007110
00007111
00007112
00007113
00007114
00007115
00007116
00007117
00007118
00007119
0000711A
0000711B
0000711C
0000711D
0000711E
0000711F
00007120
00007121
00007122
00007123
00007124
00007125
00007126
00007127
00007128
00007129
0000712A
0000712B
0000712C
0000712D
0000712E
0000712F
00007130
00007131
00007132
00007133
00007134
00007135
00007136
00007137
00007138
00007139
0000713A
0000713B
0000713C
0000713D
0000713E
0000713F
00007140
00007141
00007142
00007143
00007144
00007145
00007146
00007147
00007148
00007149
0000714A
0000714B
0000714C
0000714D
0000714E
0000714F
00007150
00007151
00007152
00007153
00007154
00007155
00007156
00007157
00007158
00007159
0000715A
0000715B
0000715C
0000715D
0000715E
0000715F
00007160
00007161
00007162
00007163
00007164
00007165
00007166
00007167
00007168
00007169
0000716A
0000716B
0000716C
0000716D
0000716E
0000716F
00007170
00007171
00007172
00007173
00007174
00007175
00007176
00007177
00007178
00007179
0000717A
0000717B
0000717C
0000717D
0000717E
0000717F
00007180
00007181
00007182
00007183
00007184
00007185
00007186
00007187
00007188
00007189
0000718A
0000718B
0000718C
0000718D
0000718E
0000718F
00007190
00007191
00007192
00007193
00007194
00007195
00007196
00007197
00007198
00007199
0000719A
0000719B
0000719C
0000719D
0000719E
0000719F
000071A0
000071A1
000071A2
000071A3
000071A4
000071A5
000071A6
000071A7
000071A8
000071A9
000071AA
000071AB
000071AC
000071AD
000071AE
000071AF
000071B0
000071B1
000071B2
000071B3
000071B4
000071B5
000071B6
000071B7
000071B8
000071B9
000071BA
000071BB
000071BC
000071BD
000071BE
000071BF
000071C0
000071C1
000071C2
000071C3
000071C4
000071C5
000071C6
000071C7
000071C8
000071C9
000071CA
000071CB
000071CC
000071CD
000071CE
000071CF
000071D0
000071D1
000071D2
000071D3
000071D4
000071D5
000071D6
000071D7
000071D8
000071D9
000071DA
000071DB
000071DC
000071DD
000071DE
000071DF
000071E0
000071E1
000071E2
000071E3
000071E4
000071E5
000071E6
000071E7
000071E8
000071E9
000071EA
000071EB
000071EC
000071ED
000071EE
000071EF
000071F0
000071F1
000071F2
000071F3
000071F4
000071F5
000071F6
000071F7
000071F8
000071F9
000071FA
000071FB
000071FC
000071FD
000071FE
000071FF
00007200
00007201
00007202
00007203
00007204
00007205
00007206
00007207
00007208
00007209
0000720A
0000720B
0000720C
0000720D
0000720E
0000720F
00007210
00007211
00007212
00007213
00007214
00007215
00007216
00007217
00007218
00007219
0000721A
0000721B
0000721C
0000721D
0000721E
0000721F
00007220
00007221
00007222
00007223
00007224
00007225
00007226
00007227
00007228
00007229
0000722A
0000722B
0000722C
0000722D
0000722E
0000722F
00007230
00007231
00007232
00007233
00007234
00007235
00007236
00007237
00007238
00007239
0000723A
0000723B
0000723C
0000723D
0000723E
0000723F
00007240
00007241
00007242
00007243
00007244
00007245
00007246
00007247
00007248
00007249
0000724A
0000724B
0000724C
0000724D
0000724E
0000724F
00007250
00007251
00007252
00007253
00007254
00007255
00007256
00007257
00007258
00007259
0000725A
0000725B
0000725C
0000725D
0000725E
0000725F
00007260
00007261
00007262
00007263
00007264
00007265
00007266
00007267
00007268
00007269
0000726A
0000726B
0000726C
0000726D
0000726E
0000726F
00007270
00007271
00007272
00007273
00007274
00007275
00007276
00007277
00007278
00007279
0000727A
0000727B
0000727C
0000727D
0000727E
0000727F
00007280
00007281
00007282
00007283
00007284
00007285
00007286
00007287
00007288
00007289
0000728A
0000728B
0000728C
0000728D
0000728E
0000728F
00007290
00007291
00007292
00007293
00007294
00007295
00007296
00007297
00007298
00007299
0000729A
0000729B
0000729C
0000729D
0000729E
0000729F
000072A0
000072A1
000072A2
000072A3
000072A4
000072A5
000072A6
000072A7
000072A8
000072A9
000072AA
000072AB
000072AC
000072AD
000072AE
000072AF
000072B0
000072B1
000072B2
000072B3
000072B4
000072B5
000072B6
000072B7
000072B8
000072B9
000072BA
000072BB
000072BC
000072BD
000072BE
000072BF
000072C0
000072C1
000072C2
000072C3
000072C4
000072C5
000072C6
000072C7
000072C8
000072C9
000072CA
000072CB
000072CC
000072CD
000072CE
000072CF
000072D0
000072D1
000072D2
000072D3
000072D4
000072D5
000072D6
000072D7
000072D8
000072D9
000072DA
000072DB
000072DC
000072DD
000072DE
000072DF
000072E0
000072E1
000072E2
000072E3
000072E4
000072E5
000072E6
000072E7
000072E8
000072E9
000072EA
000072EB
000072EC
000072ED
000072EE
000072EF
000072F0
000072F1
000072F2
000072F3
000072F4
000072F5
000072F6
000072F7
000072F8
000072F9
000072FA
000072FB
000072FC
000072FD
000072FE
000072FF
00007300
00007301
00007302
00007303
00007304
00007305
00007306
00007307
00007308
00007309
0000730A
0000730B
0000730C
0000730D
0000730E
0000730F
00007310
00007311
00007312
00007313
00007314
00007315
00007316
00007317
00007318
00007319
0000731A
0000731B
0000731C
0000731D
0000731E
0000731F
00007320
00007321
00007322
00007323
00007324
00007325
00007326
00007327
00007328
00007329
0000732A
0000732B
0000732C
0000732D
0000732E
0000732F
00007330
00007331
00007332
00007333
00007334
00007335
00007336
00007337
00007338
00007339
0000733A
0000733B
0000733C
0000733D
0000733E
0000733F
00007340
00007341
00007342
00007343
00007344
00007345
00007346
00007347
00007348
00007349
0000734A
0000734B
0000734C
0000734D
0000734E
0000734F
00007350
00007351
00007352
00007353
00007354
00007355
00007356
00007357
00007358
00007359
0000735A
0000735B
0000735C
0000735D
0000735E
0000735F
00007360
00007361
00007362
00007363
00007364
00007365
00007366
00007367
00007368
00007369
0000736A
0000736B
0000736C
0000736D
0000736E
0000736F
00007370
00007371
00007372
00007373
00007374
00007375
00007376
00007377
00007378
00007379
0000737A
0000737B
0000737C
0000737D
0000737E
0000737F
00007380
00007381
00007382
00007383
00007384
00007385
00007386
00007387
00007388
00007389
0000738A
0000738B
0000738C
0000738D
0000738E
0000738F
00007390
00007391
00007392
00007393
00007394
00007395
00007396
00007397
00007398
00007399
0000739A
0000739B
0000739C
0000739D
0000739E
0000739F
000073A0
000073A1
000073A2
000073A3
000073A4
000073A5
000073A6
000073A7
000073A8
000073A9
000073AA
000073AB
000073AC
000073AD
000073AE
000073AF
000073B0
000073B1
000073B2
000073B3
000073B4
000073B5
000073B6
000073B7
000073B8
000073B9
000073BA
000073BB
000073BC
000073BD
000073BE
000073BF
000073C0
000073C1
000073C2
000073C3
000073C4
000073C5
000073C6
000073C7
000073C8
000073C9
000073CA
000073CB
000073CC
000073CD
000073CE
000073CF
000073D0
000073D1
000073D2
000073D3
000073D4
000073D5
000073D6
000073D7
000073D8
000073D9
000073DA
000073DB
000073DC
000073DD
000073DE
000073DF
000073E0
000073E1
000073E2
000073E3
000073E4
000073E5
000073E6
000073E7
000073E8
000073E9
000073EA
000073EB
000073EC
000073ED
000073EE
000073EF
000073F0
000073F1
000073F2
000073F3
000073F4
000073F5
000073F6
000073F7
000073F8
000073F9
000073FA
000073FB
000073FC
000073FD
000073FE
000073FF
00007400
00007401
00007402
00007403
00007404
00007405
00007406
00007407
00007408
00007409
0000740A
0000740B
0000740C
0000740D
0000740E
0000740F
00007410
00007411
00007412
00007413
00007414
00007415
00007416
00007417
00007418
00007419
0000741A
0000741B
0000741C
0000741D
0000741E
0000741F
00007420
00007421
00007422
00007423
00007424
00007425
00007426
00007427
00007428
00007429
0000742A
0000742B
0000742C
0000742D
0000742E
0000742F
00007430
00007431
00007432
00007433
00007434
00007435
00007436
00007437
00007438
00007439
0000743A
0000743B
0000743C
0000743D
0000743E
0000743F
00007440
00007441
00007442
00007443
00007444
00007445
00007446
00007447
00007448
00007449
0000744A
0000744B
0000744C
0000744D
0000744E
0000744F
00007450
00007451
00007452
00007453
00007454
00007455
00007456
00007457
00007458
00007459
0000745A
0000745B
0000745C
0000745D
0000745E
0000745F
00007460
00007461
00007462
00007463
00007464
00007465
00007466
00007467
00007468
00007469
0000746A
0000746B
0000746C
0000746D
0000746E
0000746F
00007470
00007471
00007472
00007473
00007474
00007475
00007476
00007477
00007478
00007479
0000747A
0000747B
0000747C
0000747D
0000747E
0000747F
00007480
00007481
00007482
00007483
00007484
00007485
00007486
00007487
00007488
00007489
0000748A
0000748B
0000748C
0000748D
0000748E
0000748F
00007490
00007491
00007492
00007493
00007494
00007495
00007496
00007497
00007498
00007499
0000749A
0000749B
0000749C
0000749D
0000749E
0000749F
000074A0
000074A1
000074A2
000074A3
000074A4
000074A5
000074A6
000074A7
000074A8
000074A9
000074AA
000074AB
000074AC
000074AD
000074AE
000074AF
000074B0
000074B1
000074B2
000074B3
000074B4
000074B5
000074B6
000074B7
000074B8
000074B9
000074BA
000074BB
000074BC
000074BD
000074BE
000074BF
000074C0
000074C1
000074C2
000074C3
000074C4
000074C5
000074C6
000074C7
000074C8
000074C9
000074CA
000074CB
000074CC
000074CD
000074CE
000074CF
000074D0
000074D1
000074D2
000074D3
000074D4
000074D5
000074D6
000074D7
000074D8
000074D9
000074DA
000074DB
000074DC
000074DD
000074DE
000074DF
000074E0
000074E1
000074E2
000074E3
000074E4
000074E5
000074E6
000074E7
000074E8
000074E9
000074EA
000074EB
000074EC
000074ED
000074EE
000074EF
000074F0
000074F1
000074F2
000074F3
000074F4
000074F5
000074F6
000074F7
000074F8
000074F9
000074FA
000074FB
000074FC
000074FD
000074FE
000074FF
00007500
00007501
00007502
00007503
00007504
00007505
00007506
00007507
00007508
00007509
0000750A
0000750B
0000750C
0000750D
0000750E
0000750F
00007510
00007511
00007512
00007513
00007514
00007515
00007516
00007517
00007518
00007519
0000751A
0000751B
0000751C
0000751D
0000751E
0000751F
00007520
00007521
00007522
00007523
00007524
00007525
00007526
00007527
00007528
00007529
0000752A
0000752B
0000752C
0000752D
0000752E
0000752F
00007530
00007531
00007532
00007533
00007534
00007535
00007536
00007537
00007538
00007539
0000753A
0000753B
0000753C
0000753D
0000753E
0000753F
00007540
00007541
00007542
00007543
00007544
00007545
00007546
00007547
00007548
00007549
0000754A
0000754B
0000754C
0000754D
0000754E
0000754F
00007550
00007551
00007552
00007553
00007554
00007555
00007556
00007557
00007558
00007559
0000755A
0000755B
0000755C
0000755D
0000755E
0000755F
00007560
00007561
00007562
00007563
00007564
00007565
00007566
00007567
00007568
00007569
0000756A
0000756B
0000756C
0000756D
0000756E
0000756F
00007570
00007571
00007572
00007573
00007574
00007575
00007576
00007577
00007578
00007579
0000757A
0000757B
0000757C
0000757D
0000757E
0000757F
00007580
00007581
00007582
00007583
00007584
00007585
00007586
00007587
00007588
00007589
0000758A
0000758B
0000758C
0000758D
0000758E
0000758F
00007590
00007591
00007592
00007593
00007594
00007595
00007596
00007597
00007598
00007599
0000759A
0000759B
0000759C
0000759D
0000759E
0000759F
000075A0
000075A1
000075A2
000075A3
000075A4
000075A5
000075A6
000075A7
000075A8
000075A9
000075AA
000075AB
000075AC
000075AD
000075AE
000075AF
000075B0
000075B1
000075B2
000075B3
000075B4
000075B5
000075B6
000075B7
000075B8
000075B9
000075BA
000075BB
000075BC
000075BD
000075BE
000075BF
000075C0
000075C1
000075C2
000075C3
000075C4
000075C5
000075C6
000075C7
000075C8
000075C9
000075CA
000075CB
000075CC
000075CD
000075CE
000075CF
000075D0
000075D1
000075D2
000075D3
000075D4
000075D5
000075D6
000075D7
000075D8
000075D9
000075DA
000075DB
000075DC
000075DD
000075DE
000075DF
000075E0
000075E1
000075E2
000075E3
000075E4
000075E5
000075E6
000075E7
000075E8
000075E9
000075EA
000075EB
000075EC
000075ED
000075EE
000075EF
000075F0
000075F1
000075F2
000075F3
000075F4
000075F5
000075F6
000075F7
000075F8
000075F9
000075FA
000075FB
000075FC
000075FD
000075FE
000075FF
00007600
00007601
00007602
00007603
00007604
00007605
00007606
00007607
00007608
00007609
0000760A
0000760B
0000760C
0000760D
0000760E
0000760F
00007610
00007611
00007612
00007613
00007614
00007615
00007616
00007617
00007618
00007619
0000761A
0000761B
0000761C
0000761D
0000761E
0000761F
00007620
00007621
00007622
00007623
00007624
00007625
00007626
00007627
00007628
00007629
0000762A
0000762B
0000762C
0000762D
0000762E
0000762F
00007630
00007631
00007632
00007633
00007634
00007635
00007636
00007637
00007638
00007639
0000763A
0000763B
0000763C
0000763D
0000763E
0000763F
00007640
00007641
00007642
00007643
00007644
00007645
00007646
00007647
00007648
00007649
0000764A
0000764B
0000764C
0000764D
0000764E
0000764F
00007650
00007651
00007652
00007653
00007654
00007655
00007656
00007657
00007658
00007659
0000765A
0000765B
0000765C
0000765D
0000765E
0000765F
00007660
00007661
00007662
00007663
00007664
00007665
00007666
00007667
00007668
00007669
0000766A
0000766B
0000766C
0000766D
0000766E
0000766F
00007670
00007671
00007672
00007673
00007674
00007675
00007676
00007677
00007678
00007679
0000767A
0000767B
0000767C
0000767D
0000767E
0000767F
00007680
00007681
00007682
00007683
00007684
00007685
00007686
00007687
00007688
00007689
0000768A
0000768B
0000768C
0000768D
0000768E
0000768F
00007690
00007691
00007692
00007693
00007694
00007695
00007696
00007697
00007698
00007699
0000769A
0000769B
0000769C
0000769D
0000769E
0000769F
000076A0
000076A1
000076A2
000076A3
000076A4
000076A5
000076A6
000076A7
000076A8
000076A9
000076AA
000076AB
000076AC
000076AD
000076AE
000076AF
000076B0
000076B1
000076B2
000076B3
000076B4
000076B5
000076B6
000076B7
000076B8
000076B9
000076BA
000076BB
000076BC
000076BD
000076BE
000076BF
000076C0
000076C1
000076C2
000076C3
000076C4
000076C5
000076C6
000076C7
000076C8
000076C9
000076CA
000076CB
000076CC
000076CD
000076CE
000076CF
000076D0
000076D1
000076D2
000076D3
000076D4
000076D5
000076D6
000076D7
000076D8
000076D9
000076DA
000076DB
000076DC
000076DD
000076DE
000076DF
000076E0
000076E1
000076E2
000076E3
000076E4
000076E5
000076E6
000076E7
000076E8
000076E9
000076EA
000076EB
000076EC
000076ED
000076EE
000076EF
000076F0
000076F1
000076F2
000076F3
000076F4
000076F5
000076F6
000076F7
000076F8
000076F9
000076FA
000076FB
000076FC
000076FD
000076FE
000076FF
00007700
00007701
00007702
00007703
00007704
00007705
00007706
00007707
00007708
00007709
0000770A
0000770B
0000770C
0000770D
0000770E
0000770F
00007710
00007711
00007712
00007713
00007714
00007715
00007716
00007717
00007718
00007719
0000771A
0000771B
0000771C
0000771D
0000771E
0000771F
00007720
00007721
00007722
00007723
00007724
00007725
00007726
00007727
00007728
00007729
0000772A
0000772B
0000772C
0000772D
0000772E
0000772F
00007730
00007731
00007732
00007733
00007734
00007735
00007736
00007737
00007738
00007739
0000773A
0000773B
0000773C
0000773D
0000773E
0000773F
00007740
00007741
00007742
00007743
00007744
00007745
00007746
00007747
00007748
00007749
0000774A
0000774B
0000774C
0000774D
0000774E
0000774F
00007750
00007751
00007752
00007753
00007754
00007755
00007756
00007757
00007758
00007759
0000775A
0000775B
0000775C
0000775D
0000775E
0000775F
00007760
00007761
00007762
00007763
00007764
00007765
00007766
00007767
00007768
00007769
0000776A
0000776B
0000776C
0000776D
0000776E
0000776F
00007770
00007771
00007772
00007773
00007774
00007775
00007776
00007777
00007778
00007779
0000777A
0000777B
0000777C
0000777D
0000777E
0000777F
00007780
00007781
00007782
00007783
00007784
00007785
00007786
00007787
00007788
00007789
0000778A
0000778B
0000778C
0000778D
0000778E
0000778F
00007790
00007791
00007792
00007793
00007794
00007795
00007796
00007797
00007798
00007799
0000779A
0000779B
0000779C
0000779D
0000779E
0000779F
000077A0
000077A1
000077A2
000077A3
000077A4
000077A5
000077A6
000077A7
000077A8
000077A9
000077AA
000077AB
000077AC
000077AD
000077AE
000077AF
000077B0
000077B1
000077B2
000077B3
000077B4
000077B5
000077B6
000077B7
000077B8
000077B9
000077BA
000077BB
000077BC
000077BD
000077BE
000077BF
000077C0
000077C1
000077C2
000077C3
000077C4
000077C5
000077C6
000077C7
000077C8
000077C9
000077CA
000077CB
000077CC
000077CD
000077CE
000077CF
000077D0
000077D1
000077D2
000077D3
000077D4
000077D5
000077D6
000077D7
000077D8
000077D9
000077DA
000077DB
000077DC
000077DD
000077DE
000077DF
000077E0
000077E1
000077E2
000077E3
000077E4
000077E5
000077E6
000077E7
000077E8
000077E9
000077EA
000077EB
000077EC
000077ED
000077EE
000077EF
000077F0
000077F1
000077F2
000077F3
000077F4
000077F5
000077F6
000077F7
000077F8
000077F9
000077FA
000077FB
000077FC
000077FD
000077FE
000077FF
00007800
00007801
00007802
00007803
00007804
00007805
00007806
00007807
00007808
00007809
0000780A
0000780B
0000780C
0000780D
0000780E
0000780F
00007810
00007811
00007812
00007813
00007814
00007815
00007816
00007817
00007818
00007819
0000781A
0000781B
0000781C
0000781D
0000781E
0000781F
00007820
00007821
00007822
00007823
00007824
00007825
00007826
00007827
00007828
00007829
0000782A
0000782B
0000782C
0000782D
0000782E
0000782F
00007830
00007831
00007832
00007833
00007834
00007835
00007836
00007837
00007838
00007839
0000783A
0000783B
0000783C
0000783D
0000783E
0000783F
00007840
00007841
00007842
00007843
00007844
00007845
00007846
00007847
00007848
00007849
0000784A
0000784B
0000784C
0000784D
0000784E
0000784F
00007850
00007851
00007852
00007853
00007854
00007855
00007856
00007857
00007858
00007859
0000785A
0000785B
0000785C
0000785D
0000785E
0000785F
00007860
00007861
00007862
00007863
00007864
00007865
00007866
00007867
00007868
00007869
0000786A
0000786B
0000786C
0000786D
0000786E
0000786F
00007870
00007871
00007872
00007873
00007874
00007875
00007876
00007877
00007878
00007879
0000787A
0000787B
0000787C
0000787D
0000787E
0000787F
00007880
00007881
00007882
00007883
00007884
00007885
00007886
00007887
00007888
00007889
0000788A
0000788B
0000788C
0000788D
0000788E
0000788F
00007890
00007891
00007892
00007893
00007894
00007895
00007896
00007897
00007898
00007899
0000789A
0000789B
0000789C
0000789D
0000789E
0000789F
000078A0
000078A1
000078A2
000078A3
000078A4
000078A5
000078A6
000078A7
000078A8
000078A9
000078AA
000078AB
000078AC
000078AD
000078AE
000078AF
000078B0
000078B1
000078B2
000078B3
000078B4
000078B5
000078B6
000078B7
000078B8
000078B9
000078BA
000078BB
000078BC
000078BD
000078BE
000078BF
000078C0
000078C1
000078C2
000078C3
000078C4
000078C5
000078C6
000078C7
000078C8
000078C9
000078CA
000078CB
000078CC
000078CD
000078CE
000078CF
000078D0
000078D1
000078D2
000078D3
000078D4
000078D5
000078D6
000078D7
000078D8
000078D9
000078DA
000078DB
000078DC
000078DD
000078DE
000078DF
000078E0
000078E1
000078E2
000078E3
000078E4
000078E5
000078E6
000078E7
000078E8
000078E9
000078EA
000078EB
000078EC
000078ED
000078EE
000078EF
000078F0
000078F1
000078F2
000078F3
000078F4
000078F5
000078F6
000078F7
000078F8
000078F9
000078FA
000078FB
000078FC
000078FD
000078FE
000078FF
00007900
00007901
00007902
00007903
00007904
00007905
00007906
00007907
00007908
00007909
0000790A
0000790B
0000790C
0000790D
0000790E
0000790F
00007910
00007911
00007912
00007913
00007914
00007915
00007916
00007917
00007918
00007919
0000791A
0000791B
0000791C
0000791D
0000791E
0000791F
00007920
00007921
00007922
00007923
00007924
00007925
00007926
00007927
00007928
00007929
0000792A
0000792B
0000792C
0000792D
0000792E
0000792F
00007930
00007931
00007932
00007933
00007934
00007935
00007936
00007937
00007938
00007939
0000793A
0000793B
0000793C
0000793D
0000793E
0000793F
00007940
00007941
00007942
00007943
00007944
00007945
00007946
00007947
00007948
00007949
0000794A
0000794B
0000794C
0000794D
0000794E
0000794F
00007950
00007951
00007952
00007953
00007954
00007955
00007956
00007957
00007958
00007959
0000795A
0000795B
0000795C
0000795D
0000795E
0000795F
00007960
00007961
00007962
00007963
00007964
00007965
00007966
00007967
00007968
00007969
0000796A
0000796B
0000796C
0000796D
0000796E
0000796F
00007970
00007971
00007972
00007973
00007974
00007975
00007976
00007977
00007978
00007979
0000797A
0000797B
0000797C
0000797D
0000797E
0000797F
00007980
00007981
00007982
00007983
00007984
00007985
00007986
00007987
00007988
00007989
0000798A
0000798B
0000798C
0000798D
0000798E
0000798F
00007990
00007991
00007992
00007993
00007994
00007995
00007996
00007997
00007998
00007999
0000799A
0000799B
0000799C
0000799D
0000799E
0000799F
000079A0
000079A1
000079A2
000079A3
000079A4
000079A5
000079A6
000079A7
000079A8
000079A9
000079AA
000079AB
000079AC
000079AD
000079AE
000079AF
000079B0
000079B1
000079B2
000079B3
000079B4
000079B5
000079B6
000079B7
000079B8
000079B9
000079BA
000079BB
000079BC
000079BD
000079BE
000079BF
000079C0
000079C1
000079C2
000079C3
000079C4
000079C5
000079C6
000079C7
000079C8
000079C9
000079CA
000079CB
000079CC
000079CD
000079CE
000079CF
000079D0
000079D1
000079D2
000079D3
000079D4
000079D5
000079D6
000079D7
000079D8
000079D9
000079DA
000079DB
000079DC
000079DD
000079DE
000079DF
000079E0
000079E1
000079E2
000079E3
000079E4
000079E5
000079E6
000079E7
000079E8
000079E9
000079EA
000079EB
000079EC
000079ED
000079EE
000079EF
000079F0
000079F1
000079F2
000079F3
000079F4
000079F5
000079F6
000079F7
000079F8
000079F9
000079FA
000079FB
000079FC
000079FD
000079FE
000079FF
00007A00
00007A01
00007A02
00007A03
00007A04
00007A05
00007A06
00007A07
00007A08
00007A09
00007A0A
00007A0B
00007A0C
00007A0D
00007A0E
00007A0F
00007A10
00007A11
00007A12
00007A13
00007A14
00007A15
00007A16
00007A17
00007A18
00007A19
00007A1A
00007A1B
00007A1C
00007A1D
00007A1E
00007A1F
00007A20
00007A21
00007A22
00007A23
00007A24
00007A25
00007A26
00007A27
00007A28
00007A29
00007A2A
00007A2B
00007A2C
00007A2D
00007A2E
00007A2F
00007A30
00007A31
00007A32
00007A33
00007A34
00007A35
00007A36
00007A37
00007A38
00007A39
00007A3A
00007A3B
00007A3C
00007A3D
00007A3E
00007A3F
00007A40
00007A41
00007A42
00007A43
00007A44
00007A45
00007A46
00007A47
00007A48
00007A49
00007A4A
00007A4B
00007A4C
00007A4D
00007A4E
00007A4F
00007A50
00007A51
00007A52
00007A53
00007A54
00007A55
00007A56
00007A57
00007A58
00007A59
00007A5A
00007A5B
00007A5C
00007A5D
00007A5E
00007A5F
00007A60
00007A61
00007A62
00007A63
00007A64
00007A65
00007A66
00007A67
00007A68
00007A69
00007A6A
00007A6B
00007A6C
00007A6D
00007A6E
00007A6F
00007A70
00007A71
00007A72
00007A73
00007A74
00007A75
00007A76
00007A77
00007A78
00007A79
00007A7A
00007A7B
00007A7C
00007A7D
00007A7E
00007A7F
00007A80
00007A81
00007A82
00007A83
00007A84
00007A85
00007A86
00007A87
00007A88
00007A89
00007A8A
00007A8B
00007A8C
00007A8D
00007A8E
00007A8F
00007A90
00007A91
00007A92
00007A93
00007A94
00007A95
00007A96
00007A97
00007A98
00007A99
00007A9A
00007A9B
00007A9C
00007A9D
00007A9E
00007A9F
00007AA0
00007AA1
00007AA2
00007AA3
00007AA4
00007AA5
00007AA6
00007AA7
00007AA8
00007AA9
00007AAA
00007AAB
00007AAC
00007AAD
00007AAE
00007AAF
00007AB0
00007AB1
00007AB2
00007AB3
00007AB4
00007AB5
00007AB6
00007AB7
00007AB8
00007AB9
00007ABA
00007ABB
00007ABC
00007ABD
00007ABE
00007ABF
00007AC0
00007AC1
00007AC2
00007AC3
00007AC4
00007AC5
00007AC6
00007AC7
00007AC8
00007AC9
00007ACA
00007ACB
00007ACC
00007ACD
00007ACE
00007ACF
00007AD0
00007AD1
00007AD2
00007AD3
00007AD4
00007AD5
00007AD6
00007AD7
00007AD8
00007AD9
00007ADA
00007ADB
00007ADC
00007ADD
00007ADE
00007ADF
00007AE0
00007AE1
00007AE2
00007AE3
00007AE4
00007AE5
00007AE6
00007AE7
00007AE8
00007AE9
00007AEA
00007AEB
00007AEC
00007AED
00007AEE
00007AEF
00007AF0
00007AF1
00007AF2
00007AF3
00007AF4
00007AF5
00007AF6
00007AF7
00007AF8
00007AF9
00007AFA
00007AFB
00007AFC
00007AFD
00007AFE
00007AFF
00007B00
00007B01
00007B02
00007B03
00007B04
00007B05
00007B06
00007B07
00007B08
00007B09
00007B0A
00007B0B
00007B0C
00007B0D
00007B0E
00007B0F
00007B10
00007B11
00007B12
00007B13
00007B14
00007B15
00007B16
00007B17
00007B18
00007B19
00007B1A
00007B1B
00007B1C
00007B1D
00007B1E
00007B1F
00007B20
00007B21
00007B22
00007B23
00007B24
00007B25
00007B26
00007B27
00007B28
00007B29
00007B2A
00007B2B
00007B2C
00007B2D
00007B2E
00007B2F
00007B30
00007B31
00007B32
00007B33
00007B34
00007B35
00007B36
00007B37
00007B38
00007B39
00007B3A
00007B3B
00007B3C
00007B3D
00007B3E
00007B3F
00007B40
00007B41
00007B42
00007B43
00007B44
00007B45
00007B46
00007B47
00007B48
00007B49
00007B4A
00007B4B
00007B4C
00007B4D
00007B4E
00007B4F
00007B50
00007B51
00007B52
00007B53
00007B54
00007B55
00007B56
00007B57
00007B58
00007B59
00007B5A
00007B5B
00007B5C
00007B5D
00007B5E
00007B5F
00007B60
00007B61
00007B62
00007B63
00007B64
00007B65
00007B66
00007B67
00007B68
00007B69
00007B6A
00007B6B
00007B6C
00007B6D
00007B6E
00007B6F
00007B70
00007B71
00007B72
00007B73
00007B74
00007B75
00007B76
00007B77
00007B78
00007B79
00007B7A
00007B7B
00007B7C
00007B7D
00007B7E
00007B7F
00007B80
00007B81
00007B82
00007B83
00007B84
00007B85
00007B86
00007B87
00007B88
00007B89
00007B8A
00007B8B
00007B8C
00007B8D
00007B8E
00007B8F
00007B90
00007B91
00007B92
00007B93
00007B94
00007B95
00007B96
00007B97
00007B98
00007B99
00007B9A
00007B9B
00007B9C
00007B9D
00007B9E
00007B9F
00007BA0
00007BA1
00007BA2
00007BA3
00007BA4
00007BA5
00007BA6
00007BA7
00007BA8
00007BA9
00007BAA
00007BAB
00007BAC
00007BAD
00007BAE
00007BAF
00007BB0
00007BB1
00007BB2
00007BB3
00007BB4
00007BB5
00007BB6
00007BB7
00007BB8
00007BB9
00007BBA
00007BBB
00007BBC
00007BBD
00007BBE
00007BBF
00007BC0
00007BC1
00007BC2
00007BC3
00007BC4
00007BC5
00007BC6
00007BC7
00007BC8
00007BC9
00007BCA
00007BCB
00007BCC
00007BCD
00007BCE
00007BCF
00007BD0
00007BD1
00007BD2
00007BD3
00007BD4
00007BD5
00007BD6
00007BD7
00007BD8
00007BD9
00007BDA
00007BDB
00007BDC
00007BDD
00007BDE
00007BDF
00007BE0
00007BE1
00007BE2
00007BE3
00007BE4
00007BE5
00007BE6
00007BE7
00007BE8
00007BE9
00007BEA
00007BEB
00007BEC
00007BED
00007BEE
00007BEF
00007BF0
00007BF1
00007BF2
00007BF3
00007BF4
00007BF5
00007BF6
00007BF7
00007BF8
00007BF9
00007BFA
00007BFB
00007BFC
00007BFD
00007BFE
00007BFF
00007C00
00007C01
00007C02
00007C03
00007C04
00007C05
00007C06
00007C07
00007C08
00007C09
00007C0A
00007C0B
00007C0C
00007C0D
00007C0E
00007C0F
00007C10
00007C11
00007C12
00007C13
00007C14
00007C15
00007C16
00007C17
00007C18
00007C19
00007C1A
00007C1B
00007C1C
00007C1D
00007C1E
00007C1F
00007C20
00007C21
00007C22
00007C23
00007C24
00007C25
00007C26
00007C27
00007C28
00007C29
00007C2A
00007C2B
00007C2C
00007C2D
00007C2E
00007C2F
00007C30
00007C31
00007C32
00007C33
00007C34
00007C35
00007C36
00007C37
00007C38
00007C39
00007C3A
00007C3B
00007C3C
00007C3D
00007C3E
00007C3F
00007C40
00007C41
00007C42
00007C43
00007C44
00007C45
00007C46
00007C47
00007C48
00007C49
00007C4A
00007C4B
00007C4C
00007C4D
00007C4E
00007C4F
00007C50
00007C51
00007C52
00007C53
00007C54
00007C55
00007C56
00007C57
00007C58
00007C59
00007C5A
00007C5B
00007C5C
00007C5D
00007C5E
00007C5F
00007C60
00007C61
00007C62
00007C63
00007C64
00007C65
00007C66
00007C67
00007C68
00007C69
00007C6A
00007C6B
00007C6C
00007C6D
00007C6E
00007C6F
00007C70
00007C71
00007C72
00007C73
00007C74
00007C75
00007C76
00007C77
00007C78
00007C79
00007C7A
00007C7B
00007C7C
00007C7D
00007C7E
00007C7F
00007C80
00007C81
00007C82
00007C83
00007C84
00007C85
00007C86
00007C87
00007C88
00007C89
00007C8A
00007C8B
00007C8C
00007C8D
00007C8E
00007C8F
00007C90
00007C91
00007C92
00007C93
00007C94
00007C95
00007C96
00007C97
00007C98
00007C99
00007C9A
00007C9B
00007C9C
00007C9D
00007C9E
00007C9F
00007CA0
00007CA1
00007CA2
00007CA3
00007CA4
00007CA5
00007CA6
00007CA7
00007CA8
00007CA9
00007CAA
00007CAB
00007CAC
00007CAD
00007CAE
00007CAF
00007CB0
00007CB1
00007CB2
00007CB3
00007CB4
00007CB5
00007CB6
00007CB7
00007CB8
00007CB9
00007CBA
00007CBB
00007CBC
00007CBD
00007CBE
00007CBF
00007CC0
00007CC1
00007CC2
00007CC3
00007CC4
00007CC5
00007CC6
00007CC7
00007CC8
00007CC9
00007CCA
00007CCB
00007CCC
00007CCD
00007CCE
00007CCF
00007CD0
00007CD1
00007CD2
00007CD3
00007CD4
00007CD5
00007CD6
00007CD7
00007CD8
00007CD9
00007CDA
00007CDB
00007CDC
00007CDD
00007CDE
00007CDF
00007CE0
00007CE1
00007CE2
00007CE3
00007CE4
00007CE5
00007CE6
00007CE7
00007CE8
00007CE9
00007CEA
00007CEB
00007CEC
00007CED
00007CEE
00007CEF
00007CF0
00007CF1
00007CF2
00007CF3
00007CF4
00007CF5
00007CF6
00007CF7
00007CF8
00007CF9
00007CFA
00007CFB
00007CFC
00007CFD
00007CFE
00007CFF
00007D00
00007D01
00007D02
00007D03
00007D04
00007D05
00007D06
00007D07
00007D08
00007D09
00007D0A
00007D0B
00007D0C
00007D0D
00007D0E
00007D0F
00007D10
00007D11
00007D12
00007D13
00007D14
00007D15
00007D16
00007D17
00007D18
00007D19
00007D1A
00007D1B
00007D1C
00007D1D
00007D1E
00007D1F
00007D20
00007D21
00007D22
00007D23
00007D24
00007D25
00007D26
00007D27
00007D28
00007D29
00007D2A
00007D2B
00007D2C
00007D2D
00007D2E
00007D2F
00007D30
00007D31
00007D32
00007D33
00007D34
00007D35
00007D36
00007D37
00007D38
00007D39
00007D3A
00007D3B
00007D3C
00007D3D
00007D3E
00007D3F
00007D40
00007D41
00007D42
00007D43
00007D44
00007D45
00007D46
00007D47
00007D48
00007D49
00007D4A
00007D4B
00007D4C
00007D4D
00007D4E
00007D4F
00007D50
00007D51
00007D52
00007D53
00007D54
00007D55
00007D56
00007D57
00007D58
00007D59
00007D5A
00007D5B
00007D5C
00007D5D
00007D5E
00007D5F
00007D60
00007D61
00007D62
00007D63
00007D64
00007D65
00007D66
00007D67
00007D68
00007D69
00007D6A
00007D6B
00007D6C
00007D6D
00007D6E
00007D6F
00007D70
00007D71
00007D72
00007D73
00007D74
00007D75
00007D76
00007D77
00007D78
00007D79
00007D7A
00007D7B
00007D7C
00007D7D
00007D7E
00007D7F
00007D80
00007D81
00007D82
00007D83
00007D84
00007D85
00007D86
00007D87
00007D88
00007D89
00007D8A
00007D8B
00007D8C
00007D8D
00007D8E
00007D8F
00007D90
00007D91
00007D92
00007D93
00007D94
00007D95
00007D96
00007D97
00007D98
00007D99
00007D9A
00007D9B
00007D9C
00007D9D
00007D9E
00007D9F
00007DA0
00007DA1
00007DA2
00007DA3
00007DA4
00007DA5
00007DA6
00007DA7
00007DA8
00007DA9
00007DAA
00007DAB
00007DAC
00007DAD
00007DAE
00007DAF
00007DB0
00007DB1
00007DB2
00007DB3
00007DB4
00007DB5
00007DB6
00007DB7
00007DB8
00007DB9
00007DBA
00007DBB
00007DBC
00007DBD
00007DBE
00007DBF
00007DC0
00007DC1
00007DC2
00007DC3
00007DC4
00007DC5
00007DC6
00007DC7
00007DC8
00007DC9
00007DCA
00007DCB
00007DCC
00007DCD
00007DCE
00007DCF
00007DD0
00007DD1
00007DD2
00007DD3
00007DD4
00007DD5
00007DD6
00007DD7
00007DD8
00007DD9
00007DDA
00007DDB
00007DDC
00007DDD
00007DDE
00007DDF
00007DE0
00007DE1
00007DE2
00007DE3
00007DE4
00007DE5
00007DE6
00007DE7
00007DE8
00007DE9
00007DEA
00007DEB
00007DEC
00007DED
00007DEE
00007DEF
00007DF0
00007DF1
00007DF2
00007DF3
00007DF4
00007DF5
00007DF6
00007DF7
00007DF8
00007DF9
00007DFA
00007DFB
00007DFC
00007DFD
00007DFE
00007DFF
00007E00
00007E01
00007E02
00007E03
00007E04
00007E05
00007E06
00007E07
00007E08
00007E09
00007E0A
00007E0B
00007E0C
00007E0D
00007E0E
00007E0F
00007E10
00007E11
00007E12
00007E13
00007E14
00007E15
00007E16
00007E17
00007E18
00007E19
00007E1A
00007E1B
00007E1C
00007E1D
00007E1E
00007E1F
00007E20
00007E21
00007E22
00007E23
00007E24
00007E25
00007E26
00007E27
00007E28
00007E29
00007E2A
00007E2B
00007E2C
00007E2D
00007E2E
00007E2F
00007E30
00007E31
00007E32
00007E33
00007E34
00007E35
00007E36
00007E37
00007E38
00007E39
00007E3A
00007E3B
00007E3C
00007E3D
00007E3E
00007E3F
00007E40
00007E41
00007E42
00007E43
00007E44
00007E45
00007E46
00007E47
00007E48
00007E49
00007E4A
00007E4B
00007E4C
00007E4D
00007E4E
00007E4F
00007E50
00007E51
00007E52
00007E53
00007E54
00007E55
00007E56
00007E57
00007E58
00007E59
00007E5A
00007E5B
00007E5C
00007E5D
00007E5E
00007E5F
00007E60
00007E61
00007E62
00007E63
00007E64
00007E65
00007E66
00007E67
00007E68
00007E69
00007E6A
00007E6B
00007E6C
00007E6D
00007E6E
00007E6F
00007E70
00007E71
00007E72
00007E73
00007E74
00007E75
00007E76
00007E77
00007E78
00007E79
00007E7A
00007E7B
00007E7C
00007E7D
00007E7E
00007E7F
00007E80
00007E81
00007E82
00007E83
00007E84
00007E85
00007E86
00007E87
00007E88
00007E89
00007E8A
00007E8B
00007E8C
00007E8D
00007E8E
00007E8F
00007E90
00007E91
00007E92
00007E93
00007E94
00007E95
00007E96
00007E97
00007E98
00007E99
00007E9A
00007E9B
00007E9C
00007E9D
00007E9E
00007E9F
00007EA0
00007EA1
00007EA2
00007EA3
00007EA4
00007EA5
00007EA6
00007EA7
00007EA8
00007EA9
00007EAA
00007EAB
00007EAC
00007EAD
00007EAE
00007EAF
00007EB0
00007EB1
00007EB2
00007EB3
00007EB4
00007EB5
00007EB6
00007EB7
00007EB8
00007EB9
00007EBA
00007EBB
00007EBC
00007EBD
00007EBE
00007EBF
00007EC0
00007EC1
00007EC2
00007EC3
00007EC4
00007EC5
00007EC6
00007EC7
00007EC8
00007EC9
00007ECA
00007ECB
00007ECC
00007ECD
00007ECE
00007ECF
00007ED0
00007ED1
00007ED2
00007ED3
00007ED4
00007ED5
00007ED6
00007ED7
00007ED8
00007ED9
00007EDA
00007EDB
00007EDC
00007EDD
00007EDE
00007EDF
00007EE0
00007EE1
00007EE2
00007EE3
00007EE4
00007EE5
00007EE6
00007EE7
00007EE8
00007EE9
00007EEA
00007EEB
00007EEC
00007EED
00007EEE
00007EEF
00007EF0
00007EF1
00007EF2
00007EF3
00007EF4
00007EF5
00007EF6
00007EF7
00007EF8
00007EF9
00007EFA
00007EFB
00007EFC
00007EFD
00007EFE
00007EFF
00007F00
00007F01
00007F02
00007F03
00007F04
00007F05
00007F06
00007F07
00007F08
00007F09
00007F0A
00007F0B
00007F0C
00007F0D
00007F0E
00007F0F
00007F10
00007F11
00007F12
00007F13
00007F14
00007F15
00007F16
00007F17
00007F18
00007F19
00007F1A
00007F1B
00007F1C
00007F1D
00007F1E
00007F1F
00007F20
00007F21
00007F22
00007F23
00007F24
00007F25
00007F26
00007F27
00007F28
00007F29
00007F2A
00007F2B
00007F2C
00007F2D
00007F2E
00007F2F
00007F30
00007F31
00007F32
00007F33
00007F34
00007F35
00007F36
00007F37
00007F38
00007F39
00007F3A
00007F3B
00007F3C
00007F3D
00007F3E
00007F3F
00007F40
00007F41
00007F42
00007F43
00007F44
00007F45
00007F46
00007F47
00007F48
00007F49
00007F4A
00007F4B
00007F4C
00007F4D
00007F4E
00007F4F
00007F50
00007F51
00007F52
00007F53
00007F54
00007F55
00007F56
00007F57
00007F58
00007F59
00007F5A
00007F5B
00007F5C
00007F5D
00007F5E
00007F5F
00007F60
00007F61
00007F62
00007F63
00007F64
00007F65
00007F66
00007F67
00007F68
00007F69
00007F6A
00007F6B
00007F6C
00007F6D
00007F6E
00007F6F
00007F70
00007F71
00007F72
00007F73
00007F74
00007F75
00007F76
00007F77
00007F78
00007F79
00007F7A
00007F7B
00007F7C
00007F7D
00007F7E
00007F7F
00007F80
00007F81
00007F82
00007F83
00007F84
00007F85
00007F86
00007F87
00007F88
00007F89
00007F8A
00007F8B
00007F8C
00007F8D
00007F8E
00007F8F
00007F90
00007F91
00007F92
00007F93
00007F94
00007F95
00007F96
00007F97
00007F98
00007F99
00007F9A
00007F9B
00007F9C
00007F9D
00007F9E
00007F9F
00007FA0
00007FA1
00007FA2
00007FA3
00007FA4
00007FA5
00007FA6
00007FA7
00007FA8
00007FA9
00007FAA
00007FAB
00007FAC
00007FAD
00007FAE
00007FAF
00007FB0
00007FB1
00007FB2
00007FB3
00007FB4
00007FB5
00007FB6
00007FB7
00007FB8
00007FB9
00007FBA
00007FBB
00007FBC
00007FBD
00007FBE
00007FBF
00007FC0
00007FC1
00007FC2
00007FC3
00007FC4
00007FC5
00007FC6
00007FC7
00007FC8
00007FC9
00007FCA
00007FCB
00007FCC
00007FCD
00007FCE
00007FCF
00007FD0
00007FD1
00007FD2
00007FD3
00007FD4
00007FD5
00007FD6
00007FD7
00007FD8
00007FD9
00007FDA
00007FDB
00007FDC
00007FDD
00007FDE
00007FDF
00007FE0
00007FE1
00007FE2
00007FE3
00007FE4
00007FE5
00007FE6
00007FE7
00007FE8
00007FE9
00007FEA
00007FEB
00007FEC
00007FED
00007FEE
00007FEF
00007FF0
00007FF1
00007FF2
00007FF3
00007FF4
00007FF5
00007FF6
00007FF7
00007FF8
00007FF9
00007FFA
00007FFB
00007FFC
00007FFD
00007FFE
00007FFF
00008000
00008001
00008002
00008003
00008004
00008005
00008006
00008007
00008008
00008009
0000800A
0000800B
0000800C
0000800D
0000800E
0000800F
00008010
00008011
00008012
00008013
00008014
00008015
00008016
00008017
00008018
00008019
0000801A
0000801B
0000801C
0000801D
0000801E
0000801F
00008020
00008021
00008022
00008023
00008024
00008025
00008026
00008027
00008028
00008029
0000802A
0000802B
0000802C
0000802D
0000802E
0000802F
00008030
00008031
00008032
00008033
00008034
00008035
00008036
00008037
00008038
00008039
0000803A
0000803B
0000803C
0000803D
0000803E
0000803F
00008040
00008041
00008042
00008043
00008044
00008045
00008046
00008047
00008048
00008049
0000804A
0000804B
0000804C
0000804D
0000804E
0000804F
00008050
00008051
00008052
00008053
00008054
00008055
00008056
00008057
00008058
00008059
0000805A
0000805B
0000805C
0000805D
0000805E
0000805F
00008060
00008061
00008062
00008063
00008064
00008065
00008066
00008067
00008068
00008069
0000806A
0000806B
0000806C
0000806D
0000806E
0000806F
00008070
00008071
00008072
00008073
00008074
00008075
00008076
00008077
00008078
00008079
0000807A
0000807B
0000807C
0000807D
0000807E
0000807F
00008080
00008081
00008082
00008083
00008084
00008085
00008086
00008087
00008088
00008089
0000808A
0000808B
0000808C
0000808D
0000808E
0000808F
00008090
00008091
00008092
00008093
00008094
00008095
00008096
00008097
00008098
00008099
0000809A
0000809B
0000809C
0000809D
0000809E
0000809F
000080A0
000080A1
000080A2
000080A3
000080A4
000080A5
000080A6
000080A7
000080A8
000080A9
000080AA
000080AB
000080AC
000080AD
000080AE
000080AF
000080B0
000080B1
000080B2
000080B3
000080B4
000080B5
000080B6
000080B7
000080B8
000080B9
000080BA
000080BB
000080BC
000080BD
000080BE
000080BF
000080C0
000080C1
000080C2
000080C3
000080C4
000080C5
000080C6
000080C7
000080C8
000080C9
000080CA
000080CB
000080CC
000080CD
000080CE
000080CF
000080D0
000080D1
000080D2
000080D3
000080D4
000080D5
000080D6
000080D7
000080D8
000080D9
000080DA
000080DB
000080DC
000080DD
000080DE
000080DF
000080E0
000080E1
000080E2
000080E3
000080E4
000080E5
000080E6
000080E7
000080E8
000080E9
000080EA
000080EB
000080EC
000080ED
000080EE
000080EF
000080F0
000080F1
000080F2
000080F3
000080F4
000080F5
000080F6
000080F7
000080F8
000080F9
000080FA
000080FB
000080FC
000080FD
000080FE
000080FF
00008100
00008101
00008102
00008103
00008104
00008105
00008106
00008107
00008108
00008109
0000810A
0000810B
0000810C
0000810D
0000810E
0000810F
00008110
00008111
00008112
00008113
00008114
00008115
00008116
00008117
00008118
00008119
0000811A
0000811B
0000811C
0000811D
0000811E
0000811F
00008120
00008121
00008122
00008123
00008124
00008125
00008126
00008127
00008128
00008129
0000812A
0000812B
0000812C
0000812D
0000812E
0000812F
00008130
00008131
00008132
00008133
00008134
00008135
00008136
00008137
00008138
00008139
0000813A
0000813B
0000813C
0000813D
0000813E
0000813F
00008140
00008141
00008142
00008143
00008144
00008145
00008146
00008147
00008148
00008149
0000814A
0000814B
0000814C
0000814D
0000814E
0000814F
00008150
00008151
00008152
00008153
00008154
00008155
00008156
00008157
00008158
00008159
0000815A
0000815B
0000815C
0000815D
0000815E
0000815F
00008160
00008161
00008162
00008163
00008164
00008165
00008166
00008167
00008168
00008169
0000816A
0000816B
0000816C
0000816D
0000816E
0000816F
00008170
00008171
00008172
00008173
00008174
00008175
00008176
00008177
00008178
00008179
0000817A
0000817B
0000817C
0000817D
0000817E
0000817F
00008180
00008181
00008182
00008183
00008184
00008185
00008186
00008187
00008188
00008189
0000818A
0000818B
0000818C
0000818D
0000818E
0000818F
00008190
00008191
00008192
00008193
00008194
00008195
00008196
00008197
00008198
00008199
0000819A
0000819B
0000819C
0000819D
0000819E
0000819F
000081A0
000081A1
000081A2
000081A3
000081A4
000081A5
000081A6
000081A7
000081A8
000081A9
000081AA
000081AB
000081AC
000081AD
000081AE
000081AF
000081B0
000081B1
000081B2
000081B3
000081B4
000081B5
000081B6
000081B7
000081B8
000081B9
000081BA
000081BB
000081BC
000081BD
000081BE
000081BF
000081C0
000081C1
000081C2
000081C3
000081C4
000081C5
000081C6
000081C7
000081C8
000081C9
000081CA
000081CB
000081CC
000081CD
000081CE
000081CF
000081D0
000081D1
000081D2
000081D3
000081D4
000081D5
000081D6
000081D7
000081D8
000081D9
000081DA
000081DB
000081DC
000081DD
000081DE
000081DF
000081E0
000081E1
000081E2
000081E3
000081E4
000081E5
000081E6
000081E7
000081E8
000081E9
000081EA
000081EB
000081EC
000081ED
000081EE
000081EF
000081F0
000081F1
000081F2
000081F3
000081F4
000081F5
000081F6
000081F7
000081F8
000081F9
000081FA
000081FB
000081FC
000081FD
000081FE
000081FF
00008200
00008201
00008202
00008203
00008204
00008205
00008206
00008207
00008208
00008209
0000820A
0000820B
0000820C
0000820D
0000820E
0000820F
00008210
00008211
00008212
00008213
00008214
00008215
00008216
00008217
00008218
00008219
0000821A
0000821B
0000821C
0000821D
0000821E
0000821F
00008220
00008221
00008222
00008223
00008224
00008225
00008226
00008227
00008228
00008229
0000822A
0000822B
0000822C
0000822D
0000822E
0000822F
00008230
00008231
00008232
00008233
00008234
00008235
00008236
00008237
00008238
00008239
0000823A
0000823B
0000823C
0000823D
0000823E
0000823F
00008240
00008241
00008242
00008243
00008244
00008245
00008246
00008247
00008248
00008249
0000824A
0000824B
0000824C
0000824D
0000824E
0000824F
00008250
00008251
00008252
00008253
00008254
00008255
00008256
00008257
00008258
00008259
0000825A
0000825B
0000825C
0000825D
0000825E
0000825F
00008260
00008261
00008262
00008263
00008264
00008265
00008266
00008267
00008268
00008269
0000826A
0000826B
0000826C
0000826D
0000826E
0000826F
00008270
00008271
00008272
00008273
00008274
00008275
00008276
00008277
00008278
00008279
0000827A
0000827B
0000827C
0000827D
0000827E
0000827F
00008280
00008281
00008282
00008283
00008284
00008285
00008286
00008287
00008288
00008289
0000828A
0000828B
0000828C
0000828D
0000828E
0000828F
00008290
00008291
00008292
00008293
00008294
00008295
00008296
00008297
00008298
00008299
0000829A
0000829B
0000829C
0000829D
0000829E
0000829F
000082A0
000082A1
000082A2
000082A3
000082A4
000082A5
000082A6
000082A7
000082A8
000082A9
000082AA
000082AB
000082AC
000082AD
000082AE
000082AF
000082B0
000082B1
000082B2
000082B3
000082B4
000082B5
000082B6
000082B7
000082B8
000082B9
000082BA
000082BB
000082BC
000082BD
000082BE
000082BF
000082C0
000082C1
000082C2
000082C3
000082C4
000082C5
000082C6
000082C7
000082C8
000082C9
000082CA
000082CB
000082CC
000082CD
000082CE
000082CF
000082D0
000082D1
000082D2
000082D3
000082D4
000082D5
000082D6
000082D7
000082D8
000082D9
000082DA
000082DB
000082DC
000082DD
000082DE
000082DF
000082E0
000082E1
000082E2
000082E3
000082E4
000082E5
000082E6
000082E7
000082E8
000082E9
000082EA
000082EB
000082EC
000082ED
000082EE
000082EF
000082F0
000082F1
000082F2
000082F3
000082F4
000082F5
000082F6
000082F7
000082F8
000082F9
000082FA
000082FB
000082FC
000082FD
000082FE
000082FF
00008300
00008301
00008302
00008303
00008304
00008305
00008306
00008307
00008308
00008309
0000830A
0000830B
0000830C
0000830D
0000830E
0000830F
00008310
00008311
00008312
00008313
00008314
00008315
00008316
00008317
00008318
00008319
0000831A
0000831B
0000831C
0000831D
0000831E
0000831F
00008320
00008321
00008322
00008323
00008324
00008325
00008326
00008327
00008328
00008329
0000832A
0000832B
0000832C
0000832D
0000832E
0000832F
00008330
00008331
00008332
00008333
00008334
00008335
00008336
00008337
00008338
00008339
0000833A
0000833B
0000833C
0000833D
0000833E
0000833F
00008340
00008341
00008342
00008343
00008344
00008345
00008346
00008347
00008348
00008349
0000834A
0000834B
0000834C
0000834D
0000834E
0000834F
00008350
00008351
00008352
00008353
00008354
00008355
00008356
00008357
00008358
00008359
0000835A
0000835B
0000835C
0000835D
0000835E
0000835F
00008360
00008361
00008362
00008363
00008364
00008365
00008366
00008367
00008368
00008369
0000836A
0000836B
0000836C
0000836D
0000836E
0000836F
00008370
00008371
00008372
00008373
00008374
00008375
00008376
00008377
00008378
00008379
0000837A
0000837B
0000837C
0000837D
0000837E
0000837F
00008380
00008381
00008382
00008383
00008384
00008385
00008386
00008387
00008388
00008389
0000838A
0000838B
0000838C
0000838D
0000838E
0000838F
00008390
00008391
00008392
00008393
00008394
00008395
00008396
00008397
00008398
00008399
0000839A
0000839B
0000839C
0000839D
0000839E
0000839F
000083A0
000083A1
000083A2
000083A3
000083A4
000083A5
000083A6
000083A7
000083A8
000083A9
000083AA
000083AB
000083AC
000083AD
000083AE
000083AF
000083B0
000083B1
000083B2
000083B3
000083B4
000083B5
000083B6
000083B7
000083B8
000083B9
000083BA
000083BB
000083BC
000083BD
000083BE
000083BF
000083C0
000083C1
000083C2
000083C3
000083C4
000083C5
000083C6
000083C7
000083C8
000083C9
000083CA
000083CB
000083CC
000083CD
000083CE
000083CF
000083D0
000083D1
000083D2
000083D3
000083D4
000083D5
000083D6
000083D7
000083D8
000083D9
000083DA
000083DB
000083DC
000083DD
000083DE
000083DF
000083E0
000083E1
000083E2
000083E3
000083E4
000083E5
000083E6
000083E7
000083E8
000083E9
000083EA
000083EB
000083EC
000083ED
000083EE
000083EF
000083F0
000083F1
000083F2
000083F3
000083F4
000083F5
000083F6
000083F7
000083F8
000083F9
000083FA
000083FB
000083FC
000083FD
000083FE
000083FF
00008400
00008401
00008402
00008403
00008404
00008405
00008406
00008407
00008408
00008409
0000840A
0000840B
0000840C
0000840D
0000840E
0000840F
00008410
00008411
00008412
00008413
00008414
00008415
00008416
00008417
00008418
00008419
0000841A
0000841B
0000841C
0000841D
0000841E
0000841F
00008420
00008421
00008422
00008423
00008424
00008425
00008426
00008427
00008428
00008429
0000842A
0000842B
0000842C
0000842D
0000842E
0000842F
00008430
00008431
00008432
00008433
00008434
00008435
00008436
00008437
00008438
00008439
0000843A
0000843B
0000843C
0000843D
0000843E
0000843F
00008440
00008441
00008442
00008443
00008444
00008445
00008446
00008447
00008448
00008449
0000844A
0000844B
0000844C
0000844D
0000844E
0000844F
00008450
00008451
00008452
00008453
00008454
00008455
00008456
00008457
00008458
00008459
0000845A
0000845B
0000845C
0000845D
0000845E
0000845F
00008460
00008461
00008462
00008463
00008464
00008465
00008466
00008467
00008468
00008469
0000846A
0000846B
0000846C
0000846D
0000846E
0000846F
00008470
00008471
00008472
00008473
00008474
00008475
00008476
00008477
00008478
00008479
0000847A
0000847B
0000847C
0000847D
0000847E
0000847F
00008480
00008481
00008482
00008483
00008484
00008485
00008486
00008487
00008488
00008489
0000848A
0000848B
0000848C
0000848D
0000848E
0000848F
00008490
00008491
00008492
00008493
00008494
00008495
00008496
00008497
00008498
00008499
0000849A
0000849B
0000849C
0000849D
0000849E
0000849F
000084A0
000084A1
000084A2
000084A3
000084A4
000084A5
000084A6
000084A7
000084A8
000084A9
000084AA
000084AB
000084AC
000084AD
000084AE
000084AF
000084B0
000084B1
000084B2
000084B3
000084B4
000084B5
000084B6
000084B7
000084B8
000084B9
000084BA
000084BB
000084BC
000084BD
000084BE
000084BF
000084C0
000084C1
000084C2
000084C3
000084C4
000084C5
000084C6
000084C7
000084C8
000084C9
000084CA
000084CB
000084CC
000084CD
000084CE
000084CF
000084D0
000084D1
000084D2
000084D3
000084D4
000084D5
000084D6
000084D7
000084D8
000084D9
000084DA
000084DB
000084DC
000084DD
000084DE
000084DF
000084E0
000084E1
000084E2
000084E3
000084E4
000084E5
000084E6
000084E7
000084E8
000084E9
000084EA
000084EB
000084EC
000084ED
000084EE
000084EF
000084F0
000084F1
000084F2
000084F3
000084F4
000084F5
000084F6
000084F7
000084F8
000084F9
000084FA
000084FB
000084FC
000084FD
000084FE
000084FF
00008500
00008501
00008502
00008503
00008504
00008505
00008506
00008507
00008508
00008509
0000850A
0000850B
0000850C
0000850D
0000850E
0000850F
00008510
00008511
00008512
00008513
00008514
00008515
00008516
00008517
00008518
00008519
0000851A
0000851B
0000851C
0000851D
0000851E
0000851F
00008520
00008521
00008522
00008523
00008524
00008525
00008526
00008527
00008528
00008529
0000852A
0000852B
0000852C
0000852D
0000852E
0000852F
00008530
00008531
00008532
00008533
00008534
00008535
00008536
00008537
00008538
00008539
0000853A
0000853B
0000853C
0000853D
0000853E
0000853F
00008540
00008541
00008542
00008543
00008544
00008545
00008546
00008547
00008548
00008549
0000854A
0000854B
0000854C
0000854D
0000854E
0000854F
00008550
00008551
00008552
00008553
00008554
00008555
00008556
00008557
00008558
00008559
0000855A
0000855B
0000855C
0000855D
0000855E
0000855F
00008560
00008561
00008562
00008563
00008564
00008565
00008566
00008567
00008568
00008569
0000856A
0000856B
0000856C
0000856D
0000856E
0000856F
00008570
00008571
00008572
00008573
00008574
00008575
00008576
00008577
00008578
00008579
0000857A
0000857B
0000857C
0000857D
0000857E
0000857F
00008580
00008581
00008582
00008583
00008584
00008585
00008586
00008587
00008588
00008589
0000858A
0000858B
0000858C
0000858D
0000858E
0000858F
00008590
00008591
00008592
00008593
00008594
00008595
00008596
00008597
00008598
00008599
0000859A
0000859B
0000859C
0000859D
0000859E
0000859F
000085A0
000085A1
000085A2
000085A3
000085A4
000085A5
000085A6
000085A7
000085A8
000085A9
000085AA
000085AB
000085AC
000085AD
000085AE
000085AF
000085B0
000085B1
000085B2
000085B3
000085B4
000085B5
000085B6
000085B7
000085B8
000085B9
000085BA
000085BB
000085BC
000085BD
000085BE
000085BF
000085C0
000085C1
000085C2
000085C3
000085C4
000085C5
000085C6
000085C7
000085C8
000085C9
000085CA
000085CB
000085CC
000085CD
000085CE
000085CF
000085D0
000085D1
000085D2
000085D3
000085D4
000085D5
000085D6
000085D7
000085D8
000085D9
000085DA
000085DB
000085DC
000085DD
000085DE
000085DF
000085E0
000085E1
000085E2
000085E3
000085E4
000085E5
000085E6
000085E7
000085E8
000085E9
000085EA
000085EB
000085EC
000085ED
000085EE
000085EF
000085F0
000085F1
000085F2
000085F3
000085F4
000085F5
000085F6
000085F7
000085F8
000085F9
000085FA
000085FB
000085FC
000085FD
000085FE
000085FF
00008600
00008601
00008602
00008603
00008604
00008605
00008606
00008607
00008608
00008609
0000860A
0000860B
0000860C
0000860D
0000860E
0000860F
00008610
00008611
00008612
00008613
00008614
00008615
00008616
00008617
00008618
00008619
0000861A
0000861B
0000861C
0000861D
0000861E
0000861F
00008620
00008621
00008622
00008623
00008624
00008625
00008626
00008627
00008628
00008629
0000862A
0000862B
0000862C
0000862D
0000862E
0000862F
00008630
00008631
00008632
00008633
00008634
00008635
00008636
00008637
00008638
00008639
0000863A
0000863B
0000863C
0000863D
0000863E
0000863F
00008640
00008641
00008642
00008643
00008644
00008645
00008646
00008647
00008648
00008649
0000864A
0000864B
0000864C
0000864D
0000864E
0000864F
00008650
00008651
00008652
00008653
00008654
00008655
00008656
00008657
00008658
00008659
0000865A
0000865B
0000865C
0000865D
0000865E
0000865F
00008660
00008661
00008662
00008663
00008664
00008665
00008666
00008667
00008668
00008669
0000866A
0000866B
0000866C
0000866D
0000866E
0000866F
00008670
00008671
00008672
00008673
00008674
00008675
00008676
00008677
00008678
00008679
0000867A
0000867B
0000867C
0000867D
0000867E
0000867F
00008680
00008681
00008682
00008683
00008684
00008685
00008686
00008687
00008688
00008689
0000868A
0000868B
0000868C
0000868D
0000868E
0000868F
00008690
00008691
00008692
00008693
00008694
00008695
00008696
00008697
00008698
00008699
0000869A
0000869B
0000869C
0000869D
0000869E
0000869F
000086A0
000086A1
000086A2
000086A3
000086A4
000086A5
000086A6
000086A7
000086A8
000086A9
000086AA
000086AB
000086AC
000086AD
000086AE
000086AF
000086B0
000086B1
000086B2
000086B3
000086B4
000086B5
000086B6
000086B7
000086B8
000086B9
000086BA
000086BB
000086BC
000086BD
000086BE
000086BF
000086C0
000086C1
000086C2
000086C3
000086C4
000086C5
000086C6
000086C7
000086C8
000086C9
000086CA
000086CB
000086CC
000086CD
000086CE
000086CF
000086D0
000086D1
000086D2
000086D3
000086D4
000086D5
000086D6
000086D7
000086D8
000086D9
000086DA
000086DB
000086DC
000086DD
000086DE
000086DF
000086E0
000086E1
000086E2
000086E3
000086E4
000086E5
000086E6
000086E7
000086E8
000086E9
000086EA
000086EB
000086EC
000086ED
000086EE
000086EF
000086F0
000086F1
000086F2
000086F3
000086F4
000086F5
000086F6
000086F7
000086F8
000086F9
000086FA
000086FB
000086FC
000086FD
000086FE
000086FF
00008700
00008701
00008702
00008703
00008704
00008705
00008706
00008707
00008708
00008709
0000870A
0000870B
0000870C
0000870D
0000870E
0000870F
00008710
00008711
00008712
00008713
00008714
00008715
00008716
00008717
00008718
00008719
0000871A
0000871B
0000871C
0000871D
0000871E
0000871F
00008720
00008721
00008722
00008723
00008724
00008725
00008726
00008727
00008728
00008729
0000872A
0000872B
0000872C
0000872D
0000872E
0000872F
00008730
00008731
00008732
00008733
00008734
00008735
00008736
00008737
00008738
00008739
0000873A
0000873B
0000873C
0000873D
0000873E
0000873F
00008740
00008741
00008742
00008743
00008744
00008745
00008746
00008747
00008748
00008749
0000874A
0000874B
0000874C
0000874D
0000874E
0000874F
00008750
00008751
00008752
00008753
00008754
00008755
00008756
00008757
00008758
00008759
0000875A
0000875B
0000875C
0000875D
0000875E
0000875F
00008760
00008761
00008762
00008763
00008764
00008765
00008766
00008767
00008768
00008769
0000876A
0000876B
0000876C
0000876D
0000876E
0000876F
00008770
00008771
00008772
00008773
00008774
00008775
00008776
00008777
00008778
00008779
0000877A
0000877B
0000877C
0000877D
0000877E
0000877F
00008780
00008781
00008782
00008783
00008784
00008785
00008786
00008787
00008788
00008789
0000878A
0000878B
0000878C
0000878D
0000878E
0000878F
00008790
00008791
00008792
00008793
00008794
00008795
00008796
00008797
00008798
00008799
0000879A
0000879B
0000879C
0000879D
0000879E
0000879F
000087A0
000087A1
000087A2
000087A3
000087A4
000087A5
000087A6
000087A7
000087A8
000087A9
000087AA
000087AB
000087AC
000087AD
000087AE
000087AF
000087B0
000087B1
000087B2
000087B3
000087B4
000087B5
000087B6
000087B7
000087B8
000087B9
000087BA
000087BB
000087BC
000087BD
000087BE
000087BF
000087C0
000087C1
000087C2
000087C3
000087C4
000087C5
000087C6
000087C7
000087C8
000087C9
000087CA
000087CB
000087CC
000087CD
000087CE
000087CF
000087D0
000087D1
000087D2
000087D3
000087D4
000087D5
000087D6
000087D7
000087D8
000087D9
000087DA
000087DB
000087DC
000087DD
000087DE
000087DF
000087E0
000087E1
000087E2
000087E3
000087E4
000087E5
000087E6
000087E7
000087E8
000087E9
000087EA
000087EB
000087EC
000087ED
000087EE
000087EF
000087F0
000087F1
000087F2
000087F3
000087F4
000087F5
000087F6
000087F7
000087F8
000087F9
000087FA
000087FB
000087FC
000087FD
000087FE
000087FF
00008800
00008801
00008802
00008803
00008804
00008805
00008806
00008807
00008808
00008809
0000880A
0000880B
0000880C
0000880D
0000880E
0000880F
00008810
00008811
00008812
00008813
00008814
00008815
00008816
00008817
00008818
00008819
0000881A
0000881B
0000881C
0000881D
0000881E
0000881F
00008820
00008821
00008822
00008823
00008824
00008825
00008826
00008827
00008828
00008829
0000882A
0000882B
0000882C
0000882D
0000882E
0000882F
00008830
00008831
00008832
00008833
00008834
00008835
00008836
00008837
00008838
00008839
0000883A
0000883B
0000883C
0000883D
0000883E
0000883F
00008840
00008841
00008842
00008843
00008844
00008845
00008846
00008847
00008848
00008849
0000884A
0000884B
0000884C
0000884D
0000884E
0000884F
00008850
00008851
00008852
00008853
00008854
00008855
00008856
00008857
00008858
00008859
0000885A
0000885B
0000885C
0000885D
0000885E
0000885F
00008860
00008861
00008862
00008863
00008864
00008865
00008866
00008867
00008868
00008869
0000886A
0000886B
0000886C
0000886D
0000886E
0000886F
00008870
00008871
00008872
00008873
00008874
00008875
00008876
00008877
00008878
00008879
0000887A
0000887B
0000887C
0000887D
0000887E
0000887F
00008880
00008881
00008882
00008883
00008884
00008885
00008886
00008887
00008888
00008889
0000888A
0000888B
0000888C
0000888D
0000888E
0000888F
00008890
00008891
00008892
00008893
00008894
00008895
00008896
00008897
00008898
00008899
0000889A
0000889B
0000889C
0000889D
0000889E
0000889F
000088A0
000088A1
000088A2
000088A3
000088A4
000088A5
000088A6
000088A7
000088A8
000088A9
000088AA
000088AB
000088AC
000088AD
000088AE
000088AF
000088B0
000088B1
000088B2
000088B3
000088B4
000088B5
000088B6
000088B7
000088B8
000088B9
000088BA
000088BB
000088BC
000088BD
000088BE
000088BF
000088C0
000088C1
000088C2
000088C3
000088C4
000088C5
000088C6
000088C7
000088C8
000088C9
000088CA
000088CB
000088CC
000088CD
000088CE
000088CF
000088D0
000088D1
000088D2
000088D3
000088D4
000088D5
000088D6
000088D7
000088D8
000088D9
000088DA
000088DB
000088DC
000088DD
000088DE
000088DF
000088E0
000088E1
000088E2
000088E3
000088E4
000088E5
000088E6
000088E7
000088E8
000088E9
000088EA
000088EB
000088EC
000088ED
000088EE
000088EF
000088F0
000088F1
000088F2
000088F3
000088F4
000088F5
000088F6
000088F7
000088F8
000088F9
000088FA
000088FB
000088FC
000088FD
000088FE
000088FF
00008900
00008901
00008902
00008903
00008904
00008905
00008906
00008907
00008908
00008909
0000890A
0000890B
0000890C
0000890D
0000890E
0000890F
00008910
00008911
00008912
00008913
00008914
00008915
00008916
00008917
00008918
00008919
0000891A
0000891B
0000891C
0000891D
0000891E
0000891F
00008920
00008921
00008922
00008923
00008924
00008925
00008926
00008927
00008928
00008929
0000892A
0000892B
0000892C
0000892D
0000892E
0000892F
00008930
00008931
00008932
00008933
00008934
00008935
00008936
00008937
00008938
00008939
0000893A
0000893B
0000893C
0000893D
0000893E
0000893F
00008940
00008941
00008942
00008943
00008944
00008945
00008946
00008947
00008948
00008949
0000894A
0000894B
0000894C
0000894D
0000894E
0000894F
00008950
00008951
00008952
00008953
00008954
00008955
00008956
00008957
00008958
00008959
0000895A
0000895B
0000895C
0000895D
0000895E
0000895F
00008960
00008961
00008962
00008963
00008964
00008965
00008966
00008967
00008968
00008969
0000896A
0000896B
0000896C
0000896D
0000896E
0000896F
00008970
00008971
00008972
00008973
00008974
00008975
00008976
00008977
00008978
00008979
0000897A
0000897B
0000897C
0000897D
0000897E
0000897F
00008980
00008981
00008982
00008983
00008984
00008985
00008986
00008987
00008988
00008989
0000898A
0000898B
0000898C
0000898D
0000898E
0000898F
00008990
00008991
00008992
00008993
00008994
00008995
00008996
00008997
00008998
00008999
0000899A
0000899B
0000899C
0000899D
0000899E
0000899F
000089A0
000089A1
000089A2
000089A3
000089A4
000089A5
000089A6
000089A7
000089A8
000089A9
000089AA
000089AB
000089AC
000089AD
000089AE
000089AF
000089B0
000089B1
000089B2
000089B3
000089B4
000089B5
000089B6
000089B7
000089B8
000089B9
000089BA
000089BB
000089BC
000089BD
000089BE
000089BF
000089C0
000089C1
000089C2
000089C3
000089C4
000089C5
000089C6
000089C7
000089C8
000089C9
000089CA
000089CB
000089CC
000089CD
000089CE
000089CF
000089D0
000089D1
000089D2
000089D3
000089D4
000089D5
000089D6
000089D7
000089D8
000089D9
000089DA
000089DB
000089DC
000089DD
000089DE
000089DF
000089E0
000089E1
000089E2
000089E3
000089E4
000089E5
000089E6
000089E7
000089E8
000089E9
000089EA
000089EB
000089EC
000089ED
000089EE
000089EF
000089F0
000089F1
000089F2
000089F3
000089F4
000089F5
000089F6
000089F7
000089F8
000089F9
000089FA
000089FB
000089FC
000089FD
000089FE
000089FF
00008A00
00008A01
00008A02
00008A03
00008A04
00008A05
00008A06
00008A07
00008A08
00008A09
00008A0A
00008A0B
00008A0C
00008A0D
00008A0E
00008A0F
00008A10
00008A11
00008A12
00008A13
00008A14
00008A15
00008A16
00008A17
00008A18
00008A19
00008A1A
00008A1B
00008A1C
00008A1D
00008A1E
00008A1F
00008A20
00008A21
00008A22
00008A23
00008A24
00008A25
00008A26
00008A27
00008A28
00008A29
00008A2A
00008A2B
00008A2C
00008A2D
00008A2E
00008A2F
00008A30
00008A31
00008A32
00008A33
00008A34
00008A35
00008A36
00008A37
00008A38
00008A39
00008A3A
00008A3B
00008A3C
00008A3D
00008A3E
00008A3F
00008A40
00008A41
00008A42
00008A43
00008A44
00008A45
00008A46
00008A47
00008A48
00008A49
00008A4A
00008A4B
00008A4C
00008A4D
00008A4E
00008A4F
00008A50
00008A51
00008A52
00008A53
00008A54
00008A55
00008A56
00008A57
00008A58
00008A59
00008A5A
00008A5B
00008A5C
00008A5D
00008A5E
00008A5F
00008A60
00008A61
00008A62
00008A63
00008A64
00008A65
00008A66
00008A67
00008A68
00008A69
00008A6A
00008A6B
00008A6C
00008A6D
00008A6E
00008A6F
00008A70
00008A71
00008A72
00008A73
00008A74
00008A75
00008A76
00008A77
00008A78
00008A79
00008A7A
00008A7B
00008A7C
00008A7D
00008A7E
00008A7F
00008A80
00008A81
00008A82
00008A83
00008A84
00008A85
00008A86
00008A87
00008A88
00008A89
00008A8A
00008A8B
00008A8C
00008A8D
00008A8E
00008A8F
00008A90
00008A91
00008A92
00008A93
00008A94
00008A95
00008A96
00008A97
00008A98
00008A99
00008A9A
00008A9B
00008A9C
00008A9D
00008A9E
00008A9F
00008AA0
00008AA1
00008AA2
00008AA3
00008AA4
00008AA5
00008AA6
00008AA7
00008AA8
00008AA9
00008AAA
00008AAB
00008AAC
00008AAD
00008AAE
00008AAF
00008AB0
00008AB1
00008AB2
00008AB3
00008AB4
00008AB5
00008AB6
00008AB7
00008AB8
00008AB9
00008ABA
00008ABB
00008ABC
00008ABD
00008ABE
00008ABF
00008AC0
00008AC1
00008AC2
00008AC3
00008AC4
00008AC5
00008AC6
00008AC7
00008AC8
00008AC9
00008ACA
00008ACB
00008ACC
00008ACD
00008ACE
00008ACF
00008AD0
00008AD1
00008AD2
00008AD3
00008AD4
00008AD5
00008AD6
00008AD7
00008AD8
00008AD9
00008ADA
00008ADB
00008ADC
00008ADD
00008ADE
00008ADF
00008AE0
00008AE1
00008AE2
00008AE3
00008AE4
00008AE5
00008AE6
00008AE7
00008AE8
00008AE9
00008AEA
00008AEB
00008AEC
00008AED
00008AEE
00008AEF
00008AF0
00008AF1
00008AF2
00008AF3
00008AF4
00008AF5
00008AF6
00008AF7
00008AF8
00008AF9
00008AFA
00008AFB
00008AFC
00008AFD
00008AFE
00008AFF
00008B00
00008B01
00008B02
00008B03
00008B04
00008B05
00008B06
00008B07
00008B08
00008B09
00008B0A
00008B0B
00008B0C
00008B0D
00008B0E
00008B0F
00008B10
00008B11
00008B12
00008B13
00008B14
00008B15
00008B16
00008B17
00008B18
00008B19
00008B1A
00008B1B
00008B1C
00008B1D
00008B1E
00008B1F
00008B20
00008B21
00008B22
00008B23
00008B24
00008B25
00008B26
00008B27
00008B28
00008B29
00008B2A
00008B2B
00008B2C
00008B2D
00008B2E
00008B2F
00008B30
00008B31
00008B32
00008B33
00008B34
00008B35
00008B36
00008B37
00008B38
00008B39
00008B3A
00008B3B
00008B3C
00008B3D
00008B3E
00008B3F
00008B40
00008B41
00008B42
00008B43
00008B44
00008B45
00008B46
00008B47
00008B48
00008B49
00008B4A
00008B4B
00008B4C
00008B4D
00008B4E
00008B4F
00008B50
00008B51
00008B52
00008B53
00008B54
00008B55
00008B56
00008B57
00008B58
00008B59
00008B5A
00008B5B
00008B5C
00008B5D
00008B5E
00008B5F
00008B60
00008B61
00008B62
00008B63
00008B64
00008B65
00008B66
00008B67
00008B68
00008B69
00008B6A
00008B6B
00008B6C
00008B6D
00008B6E
00008B6F
00008B70
00008B71
00008B72
00008B73
00008B74
00008B75
00008B76
00008B77
00008B78
00008B79
00008B7A
00008B7B
00008B7C
00008B7D
00008B7E
00008B7F
00008B80
00008B81
00008B82
00008B83
00008B84
00008B85
00008B86
00008B87
00008B88
00008B89
00008B8A
00008B8B
00008B8C
00008B8D
00008B8E
00008B8F
00008B90
00008B91
00008B92
00008B93
00008B94
00008B95
00008B96
00008B97
00008B98
00008B99
00008B9A
00008B9B
00008B9C
00008B9D
00008B9E
00008B9F
00008BA0
00008BA1
00008BA2
00008BA3
00008BA4
00008BA5
00008BA6
00008BA7
00008BA8
00008BA9
00008BAA
00008BAB
00008BAC
00008BAD
00008BAE
00008BAF
00008BB0
00008BB1
00008BB2
00008BB3
00008BB4
00008BB5
00008BB6
00008BB7
00008BB8
00008BB9
00008BBA
00008BBB
00008BBC
00008BBD
00008BBE
00008BBF
00008BC0
00008BC1
00008BC2
00008BC3
00008BC4
00008BC5
00008BC6
00008BC7
00008BC8
00008BC9
00008BCA
00008BCB
00008BCC
00008BCD
00008BCE
00008BCF
00008BD0
00008BD1
00008BD2
00008BD3
00008BD4
00008BD5
00008BD6
00008BD7
00008BD8
00008BD9
00008BDA
00008BDB
00008BDC
00008BDD
00008BDE
00008BDF
00008BE0
00008BE1
00008BE2
00008BE3
00008BE4
00008BE5
00008BE6
00008BE7
00008BE8
00008BE9
00008BEA
00008BEB
00008BEC
00008BED
00008BEE
00008BEF
00008BF0
00008BF1
00008BF2
00008BF3
00008BF4
00008BF5
00008BF6
00008BF7
00008BF8
00008BF9
00008BFA
00008BFB
00008BFC
00008BFD
00008BFE
00008BFF
00008C00
00008C01
00008C02
00008C03
00008C04
00008C05
00008C06
00008C07
00008C08
00008C09
00008C0A
00008C0B
00008C0C
00008C0D
00008C0E
00008C0F
00008C10
00008C11
00008C12
00008C13
00008C14
00008C15
00008C16
00008C17
00008C18
00008C19
00008C1A
00008C1B
00008C1C
00008C1D
00008C1E
00008C1F
00008C20
00008C21
00008C22
00008C23
00008C24
00008C25
00008C26
00008C27
00008C28
00008C29
00008C2A
00008C2B
00008C2C
00008C2D
00008C2E
00008C2F
00008C30
00008C31
00008C32
00008C33
00008C34
00008C35
00008C36
00008C37
00008C38
00008C39
00008C3A
00008C3B
00008C3C
00008C3D
00008C3E
00008C3F
00008C40
00008C41
00008C42
00008C43
00008C44
00008C45
00008C46
00008C47
00008C48
00008C49
00008C4A
00008C4B
00008C4C
00008C4D
00008C4E
00008C4F
00008C50
00008C51
00008C52
00008C53
00008C54
00008C55
00008C56
00008C57
00008C58
00008C59
00008C5A
00008C5B
00008C5C
00008C5D
00008C5E
00008C5F
00008C60
00008C61
00008C62
00008C63
00008C64
00008C65
00008C66
00008C67
00008C68
00008C69
00008C6A
00008C6B
00008C6C
00008C6D
00008C6E
00008C6F
00008C70
00008C71
00008C72
00008C73
00008C74
00008C75
00008C76
00008C77
00008C78
00008C79
00008C7A
00008C7B
00008C7C
00008C7D
00008C7E
00008C7F
00008C80
00008C81
00008C82
00008C83
00008C84
00008C85
00008C86
00008C87
00008C88
00008C89
00008C8A
00008C8B
00008C8C
00008C8D
00008C8E
00008C8F
00008C90
00008C91
00008C92
00008C93
00008C94
00008C95
00008C96
00008C97
00008C98
00008C99
00008C9A
00008C9B
00008C9C
00008C9D
00008C9E
00008C9F
00008CA0
00008CA1
00008CA2
00008CA3
00008CA4
00008CA5
00008CA6
00008CA7
00008CA8
00008CA9
00008CAA
00008CAB
00008CAC
00008CAD
00008CAE
00008CAF
00008CB0
00008CB1
00008CB2
00008CB3
00008CB4
00008CB5
00008CB6
00008CB7
00008CB8
00008CB9
00008CBA
00008CBB
00008CBC
00008CBD
00008CBE
00008CBF
00008CC0
00008CC1
00008CC2
00008CC3
00008CC4
00008CC5
00008CC6
00008CC7
00008CC8
00008CC9
00008CCA
00008CCB
00008CCC
00008CCD
00008CCE
00008CCF
00008CD0
00008CD1
00008CD2
00008CD3
00008CD4
00008CD5
00008CD6
00008CD7
00008CD8
00008CD9
00008CDA
00008CDB
00008CDC
00008CDD
00008CDE
00008CDF
00008CE0
00008CE1
00008CE2
00008CE3
00008CE4
00008CE5
00008CE6
00008CE7
00008CE8
00008CE9
00008CEA
00008CEB
00008CEC
00008CED
00008CEE
00008CEF
00008CF0
00008CF1
00008CF2
00008CF3
00008CF4
00008CF5
00008CF6
00008CF7
00008CF8
00008CF9
00008CFA
00008CFB
00008CFC
00008CFD
00008CFE
00008CFF
00008D00
00008D01
00008D02
00008D03
00008D04
00008D05
00008D06
00008D07
00008D08
00008D09
00008D0A
00008D0B
00008D0C
00008D0D
00008D0E
00008D0F
00008D10
00008D11
00008D12
00008D13
00008D14
00008D15
00008D16
00008D17
00008D18
00008D19
00008D1A
00008D1B
00008D1C
00008D1D
00008D1E
00008D1F
00008D20
00008D21
00008D22
00008D23
00008D24
00008D25
00008D26
00008D27
00008D28
00008D29
00008D2A
00008D2B
00008D2C
00008D2D
00008D2E
00008D2F
00008D30
00008D31
00008D32
00008D33
00008D34
00008D35
00008D36
00008D37
00008D38
00008D39
00008D3A
00008D3B
00008D3C
00008D3D
00008D3E
00008D3F
00008D40
00008D41
00008D42
00008D43
00008D44
00008D45
00008D46
00008D47
00008D48
00008D49
00008D4A
00008D4B
00008D4C
00008D4D
00008D4E
00008D4F
00008D50
00008D51
00008D52
00008D53
00008D54
00008D55
00008D56
00008D57
00008D58
00008D59
00008D5A
00008D5B
00008D5C
00008D5D
00008D5E
00008D5F
00008D60
00008D61
00008D62
00008D63
00008D64
00008D65
00008D66
00008D67
00008D68
00008D69
00008D6A
00008D6B
00008D6C
00008D6D
00008D6E
00008D6F
00008D70
00008D71
00008D72
00008D73
00008D74
00008D75
00008D76
00008D77
00008D78
00008D79
00008D7A
00008D7B
00008D7C
00008D7D
00008D7E
00008D7F
00008D80
00008D81
00008D82
00008D83
00008D84
00008D85
00008D86
00008D87
00008D88
00008D89
00008D8A
00008D8B
00008D8C
00008D8D
00008D8E
00008D8F
00008D90
00008D91
00008D92
00008D93
00008D94
00008D95
00008D96
00008D97
00008D98
00008D99
00008D9A
00008D9B
00008D9C
00008D9D
00008D9E
00008D9F
00008DA0
00008DA1
00008DA2
00008DA3
00008DA4
00008DA5
00008DA6
00008DA7
00008DA8
00008DA9
00008DAA
00008DAB
00008DAC
00008DAD
00008DAE
00008DAF
00008DB0
00008DB1
00008DB2
00008DB3
00008DB4
00008DB5
00008DB6
00008DB7
00008DB8
00008DB9
00008DBA
00008DBB
00008DBC
00008DBD
00008DBE
00008DBF
00008DC0
00008DC1
00008DC2
00008DC3
00008DC4
00008DC5
00008DC6
00008DC7
00008DC8
00008DC9
00008DCA
00008DCB
00008DCC
00008DCD
00008DCE
00008DCF
00008DD0
00008DD1
00008DD2
00008DD3
00008DD4
00008DD5
00008DD6
00008DD7
00008DD8
00008DD9
00008DDA
00008DDB
00008DDC
00008DDD
00008DDE
00008DDF
00008DE0
00008DE1
00008DE2
00008DE3
00008DE4
00008DE5
00008DE6
00008DE7
00008DE8
00008DE9
00008DEA
00008DEB
00008DEC
00008DED
00008DEE
00008DEF
00008DF0
00008DF1
00008DF2
00008DF3
00008DF4
00008DF5
00008DF6
00008DF7
00008DF8
00008DF9
00008DFA
00008DFB
00008DFC
00008DFD
00008DFE
00008DFF
00008E00
00008E01
00008E02
00008E03
00008E04
00008E05
00008E06
00008E07
00008E08
00008E09
00008E0A
00008E0B
00008E0C
00008E0D
00008E0E
00008E0F
00008E10
00008E11
00008E12
00008E13
00008E14
00008E15
00008E16
00008E17
00008E18
00008E19
00008E1A
00008E1B
00008E1C
00008E1D
00008E1E
00008E1F
00008E20
00008E21
00008E22
00008E23
00008E24
00008E25
00008E26
00008E27
00008E28
00008E29
00008E2A
00008E2B
00008E2C
00008E2D
00008E2E
00008E2F
00008E30
00008E31
00008E32
00008E33
00008E34
00008E35
00008E36
00008E37
00008E38
00008E39
00008E3A
00008E3B
00008E3C
00008E3D
00008E3E
00008E3F
00008E40
00008E41
00008E42
00008E43
00008E44
00008E45
00008E46
00008E47
00008E48
00008E49
00008E4A
00008E4B
00008E4C
00008E4D
00008E4E
00008E4F
00008E50
00008E51
00008E52
00008E53
00008E54
00008E55
00008E56
00008E57
00008E58
00008E59
00008E5A
00008E5B
00008E5C
00008E5D
00008E5E
00008E5F
00008E60
00008E61
00008E62
00008E63
00008E64
00008E65
00008E66
00008E67
00008E68
00008E69
00008E6A
00008E6B
00008E6C
00008E6D
00008E6E
00008E6F
00008E70
00008E71
00008E72
00008E73
00008E74
00008E75
00008E76
00008E77
00008E78
00008E79
00008E7A
00008E7B
00008E7C
00008E7D
00008E7E
00008E7F
00008E80
00008E81
00008E82
00008E83
00008E84
00008E85
00008E86
00008E87
00008E88
00008E89
00008E8A
00008E8B
00008E8C
00008E8D
00008E8E
00008E8F
00008E90
00008E91
00008E92
00008E93
00008E94
00008E95
00008E96
00008E97
00008E98
00008E99
00008E9A
00008E9B
00008E9C
00008E9D
00008E9E
00008E9F
00008EA0
00008EA1
00008EA2
00008EA3
00008EA4
00008EA5
00008EA6
00008EA7
00008EA8
00008EA9
00008EAA
00008EAB
00008EAC
00008EAD
00008EAE
00008EAF
00008EB0
00008EB1
00008EB2
00008EB3
00008EB4
00008EB5
00008EB6
00008EB7
00008EB8
00008EB9
00008EBA
00008EBB
00008EBC
00008EBD
00008EBE
00008EBF
00008EC0
00008EC1
00008EC2
00008EC3
00008EC4
00008EC5
00008EC6
00008EC7
00008EC8
00008EC9
00008ECA
00008ECB
00008ECC
00008ECD
00008ECE
00008ECF
00008ED0
00008ED1
00008ED2
00008ED3
00008ED4
00008ED5
00008ED6
00008ED7
00008ED8
00008ED9
00008EDA
00008EDB
00008EDC
00008EDD
00008EDE
00008EDF
00008EE0
00008EE1
00008EE2
00008EE3
00008EE4
00008EE5
00008EE6
00008EE7
00008EE8
00008EE9
00008EEA
00008EEB
00008EEC
00008EED
00008EEE
00008EEF
00008EF0
00008EF1
00008EF2
00008EF3
00008EF4
00008EF5
00008EF6
00008EF7
00008EF8
00008EF9
00008EFA
00008EFB
00008EFC
00008EFD
00008EFE
00008EFF
00008F00
00008F01
00008F02
00008F03
00008F04
00008F05
00008F06
00008F07
00008F08
00008F09
00008F0A
00008F0B
00008F0C
00008F0D
00008F0E
00008F0F
00008F10
00008F11
00008F12
00008F13
00008F14
00008F15
00008F16
00008F17
00008F18
00008F19
00008F1A
00008F1B
00008F1C
00008F1D
00008F1E
00008F1F
00008F20
00008F21
00008F22
00008F23
00008F24
00008F25
00008F26
00008F27
00008F28
00008F29
00008F2A
00008F2B
00008F2C
00008F2D
00008F2E
00008F2F
00008F30
00008F31
00008F32
00008F33
00008F34
00008F35
00008F36
00008F37
00008F38
00008F39
00008F3A
00008F3B
00008F3C
00008F3D
00008F3E
00008F3F
00008F40
00008F41
00008F42
00008F43
00008F44
00008F45
00008F46
00008F47
00008F48
00008F49
00008F4A
00008F4B
00008F4C
00008F4D
00008F4E
00008F4F
00008F50
00008F51
00008F52
00008F53
00008F54
00008F55
00008F56
00008F57
00008F58
00008F59
00008F5A
00008F5B
00008F5C
00008F5D
00008F5E
00008F5F
00008F60
00008F61
00008F62
00008F63
00008F64
00008F65
00008F66
00008F67
00008F68
00008F69
00008F6A
00008F6B
00008F6C
00008F6D
00008F6E
00008F6F
00008F70
00008F71
00008F72
00008F73
00008F74
00008F75
00008F76
00008F77
00008F78
00008F79
00008F7A
00008F7B
00008F7C
00008F7D
00008F7E
00008F7F
00008F80
00008F81
00008F82
00008F83
00008F84
00008F85
00008F86
00008F87
00008F88
00008F89
00008F8A
00008F8B
00008F8C
00008F8D
00008F8E
00008F8F
00008F90
00008F91
00008F92
00008F93
00008F94
00008F95
00008F96
00008F97
00008F98
00008F99
00008F9A
00008F9B
00008F9C
00008F9D
00008F9E
00008F9F
00008FA0
00008FA1
00008FA2
00008FA3
00008FA4
00008FA5
00008FA6
00008FA7
00008FA8
00008FA9
00008FAA
00008FAB
00008FAC
00008FAD
00008FAE
00008FAF
00008FB0
00008FB1
00008FB2
00008FB3
00008FB4
00008FB5
00008FB6
00008FB7
00008FB8
00008FB9
00008FBA
00008FBB
00008FBC
00008FBD
00008FBE
00008FBF
00008FC0
00008FC1
00008FC2
00008FC3
00008FC4
00008FC5
00008FC6
00008FC7
00008FC8
00008FC9
00008FCA
00008FCB
00008FCC
00008FCD
00008FCE
00008FCF
00008FD0
00008FD1
00008FD2
00008FD3
00008FD4
00008FD5
00008FD6
00008FD7
00008FD8
00008FD9
00008FDA
00008FDB
00008FDC
00008FDD
00008FDE
00008FDF
00008FE0
00008FE1
00008FE2
00008FE3
00008FE4
00008FE5
00008FE6
00008FE7
00008FE8
00008FE9
00008FEA
00008FEB
00008FEC
00008FED
00008FEE
00008FEF
00008FF0
00008FF1
00008FF2
00008FF3
00008FF4
00008FF5
00008FF6
00008FF7
00008FF8
00008FF9
00008FFA
00008FFB
00008FFC
00008FFD
00008FFE
00008FFF
00009000
00009001
00009002
00009003
00009004
00009005
00009006
00009007
00009008
00009009
0000900A
0000900B
0000900C
0000900D
0000900E
0000900F
00009010
00009011
00009012
00009013
00009014
00009015
00009016
00009017
00009018
00009019
0000901A
0000901B
0000901C
0000901D
0000901E
0000901F
00009020
00009021
00009022
00009023
00009024
00009025
00009026
00009027
00009028
00009029
0000902A
0000902B
0000902C
0000902D
0000902E
0000902F
00009030
00009031
00009032
00009033
00009034
00009035
00009036
00009037
00009038
00009039
0000903A
0000903B
0000903C
0000903D
0000903E
0000903F
00009040
00009041
00009042
00009043
00009044
00009045
00009046
00009047
00009048
00009049
0000904A
0000904B
0000904C
0000904D
0000904E
0000904F
00009050
00009051
00009052
00009053
00009054
00009055
00009056
00009057
00009058
00009059
0000905A
0000905B
0000905C
0000905D
0000905E
0000905F
00009060
00009061
00009062
00009063
00009064
00009065
00009066
00009067
00009068
00009069
0000906A
0000906B
0000906C
0000906D
0000906E
0000906F
00009070
00009071
00009072
00009073
00009074
00009075
00009076
00009077
00009078
00009079
0000907A
0000907B
0000907C
0000907D
0000907E
0000907F
00009080
00009081
00009082
00009083
00009084
00009085
00009086
00009087
00009088
00009089
0000908A
0000908B
0000908C
0000908D
0000908E
0000908F
00009090
00009091
00009092
00009093
00009094
00009095
00009096
00009097
00009098
00009099
0000909A
0000909B
0000909C
0000909D
0000909E
0000909F
000090A0
000090A1
000090A2
000090A3
000090A4
000090A5
000090A6
000090A7
000090A8
000090A9
000090AA
000090AB
000090AC
000090AD
000090AE
000090AF
000090B0
000090B1
000090B2
000090B3
000090B4
000090B5
000090B6
000090B7
000090B8
000090B9
000090BA
000090BB
000090BC
000090BD
000090BE
000090BF
000090C0
000090C1
000090C2
000090C3
000090C4
000090C5
000090C6
000090C7
000090C8
000090C9
000090CA
000090CB
000090CC
000090CD
000090CE
000090CF
000090D0
000090D1
000090D2
000090D3
000090D4
000090D5
000090D6
000090D7
000090D8
000090D9
000090DA
000090DB
000090DC
000090DD
000090DE
000090DF
000090E0
000090E1
000090E2
000090E3
000090E4
000090E5
000090E6
000090E7
000090E8
000090E9
000090EA
000090EB
000090EC
000090ED
000090EE
000090EF
000090F0
000090F1
000090F2
000090F3
000090F4
000090F5
000090F6
000090F7
000090F8
000090F9
000090FA
000090FB
000090FC
000090FD
000090FE
000090FF
00009100
00009101
00009102
00009103
00009104
00009105
00009106
00009107
00009108
00009109
0000910A
0000910B
0000910C
0000910D
0000910E
0000910F
00009110
00009111
00009112
00009113
00009114
00009115
00009116
00009117
00009118
00009119
0000911A
0000911B
0000911C
0000911D
0000911E
0000911F
00009120
00009121
00009122
00009123
00009124
00009125
00009126
00009127
00009128
00009129
0000912A
0000912B
0000912C
0000912D
0000912E
0000912F
00009130
00009131
00009132
00009133
00009134
00009135
00009136
00009137
00009138
00009139
0000913A
0000913B
0000913C
0000913D
0000913E
0000913F
00009140
00009141
00009142
00009143
00009144
00009145
00009146
00009147
00009148
00009149
0000914A
0000914B
0000914C
0000914D
0000914E
0000914F
00009150
00009151
00009152
00009153
00009154
00009155
00009156
00009157
00009158
00009159
0000915A
0000915B
0000915C
0000915D
0000915E
0000915F
00009160
00009161
00009162
00009163
00009164
00009165
00009166
00009167
00009168
00009169
0000916A
0000916B
0000916C
0000916D
0000916E
0000916F
00009170
00009171
00009172
00009173
00009174
00009175
00009176
00009177
00009178
00009179
0000917A
0000917B
0000917C
0000917D
0000917E
0000917F
00009180
00009181
00009182
00009183
00009184
00009185
00009186
00009187
00009188
00009189
0000918A
0000918B
0000918C
0000918D
0000918E
0000918F
00009190
00009191
00009192
00009193
00009194
00009195
00009196
00009197
00009198
00009199
0000919A
0000919B
0000919C
0000919D
0000919E
0000919F
000091A0
000091A1
000091A2
000091A3
000091A4
000091A5
000091A6
000091A7
000091A8
000091A9
000091AA
000091AB
000091AC
000091AD
000091AE
000091AF
000091B0
000091B1
000091B2
000091B3
000091B4
000091B5
000091B6
000091B7
000091B8
000091B9
000091BA
000091BB
000091BC
000091BD
000091BE
000091BF
000091C0
000091C1
000091C2
000091C3
000091C4
000091C5
000091C6
000091C7
000091C8
000091C9
000091CA
000091CB
000091CC
000091CD
000091CE
000091CF
000091D0
000091D1
000091D2
000091D3
000091D4
000091D5
000091D6
000091D7
000091D8
000091D9
000091DA
000091DB
000091DC
000091DD
000091DE
000091DF
000091E0
000091E1
000091E2
000091E3
000091E4
000091E5
000091E6
000091E7
000091E8
000091E9
000091EA
000091EB
000091EC
000091ED
000091EE
000091EF
000091F0
000091F1
000091F2
000091F3
000091F4
000091F5
000091F6
000091F7
000091F8
000091F9
000091FA
000091FB
000091FC
000091FD
000091FE
000091FF
00009200
00009201
00009202
00009203
00009204
00009205
00009206
00009207
00009208
00009209
0000920A
0000920B
0000920C
0000920D
0000920E
0000920F
00009210
00009211
00009212
00009213
00009214
00009215
00009216
00009217
00009218
00009219
0000921A
0000921B
0000921C
0000921D
0000921E
0000921F
00009220
00009221
00009222
00009223
00009224
00009225
00009226
00009227
00009228
00009229
0000922A
0000922B
0000922C
0000922D
0000922E
0000922F
00009230
00009231
00009232
00009233
00009234
00009235
00009236
00009237
00009238
00009239
0000923A
0000923B
0000923C
0000923D
0000923E
0000923F
00009240
00009241
00009242
00009243
00009244
00009245
00009246
00009247
00009248
00009249
0000924A
0000924B
0000924C
0000924D
0000924E
0000924F
00009250
00009251
00009252
00009253
00009254
00009255
00009256
00009257
00009258
00009259
0000925A
0000925B
0000925C
0000925D
0000925E
0000925F
00009260
00009261
00009262
00009263
00009264
00009265
00009266
00009267
00009268
00009269
0000926A
0000926B
0000926C
0000926D
0000926E
0000926F
00009270
00009271
00009272
00009273
00009274
00009275
00009276
00009277
00009278
00009279
0000927A
0000927B
0000927C
0000927D
0000927E
0000927F
00009280
00009281
00009282
00009283
00009284
00009285
00009286
00009287
00009288
00009289
0000928A
0000928B
0000928C
0000928D
0000928E
0000928F
00009290
00009291
00009292
00009293
00009294
00009295
00009296
00009297
00009298
00009299
0000929A
0000929B
0000929C
0000929D
0000929E
0000929F
000092A0
000092A1
000092A2
000092A3
000092A4
000092A5
000092A6
000092A7
000092A8
000092A9
000092AA
000092AB
000092AC
000092AD
000092AE
000092AF
000092B0
000092B1
000092B2
000092B3
000092B4
000092B5
000092B6
000092B7
000092B8
000092B9
000092BA
000092BB
000092BC
000092BD
000092BE
000092BF
000092C0
000092C1
000092C2
000092C3
000092C4
000092C5
000092C6
000092C7
000092C8
000092C9
000092CA
000092CB
000092CC
000092CD
000092CE
000092CF
000092D0
000092D1
000092D2
000092D3
000092D4
000092D5
000092D6
000092D7
000092D8
000092D9
000092DA
000092DB
000092DC
000092DD
000092DE
000092DF
000092E0
000092E1
000092E2
000092E3
000092E4
000092E5
000092E6
000092E7
000092E8
000092E9
000092EA
000092EB
000092EC
000092ED
000092EE
000092EF
000092F0
000092F1
000092F2
000092F3
000092F4
000092F5
000092F6
000092F7
000092F8
000092F9
000092FA
000092FB
000092FC
000092FD
000092FE
000092FF
00009300
00009301
00009302
00009303
00009304
00009305
00009306
00009307
00009308
00009309
0000930A
0000930B
0000930C
0000930D
0000930E
0000930F
00009310
00009311
00009312
00009313
00009314
00009315
00009316
00009317
00009318
00009319
0000931A
0000931B
0000931C
0000931D
0000931E
0000931F
00009320
00009321
00009322
00009323
00009324
00009325
00009326
00009327
00009328
00009329
0000932A
0000932B
0000932C
0000932D
0000932E
0000932F
00009330
00009331
00009332
00009333
00009334
00009335
00009336
00009337
00009338
00009339
0000933A
0000933B
0000933C
0000933D
0000933E
0000933F
00009340
00009341
00009342
00009343
00009344
00009345
00009346
00009347
00009348
00009349
0000934A
0000934B
0000934C
0000934D
0000934E
0000934F
00009350
00009351
00009352
00009353
00009354
00009355
00009356
00009357
00009358
00009359
0000935A
0000935B
0000935C
0000935D
0000935E
0000935F
00009360
00009361
00009362
00009363
00009364
00009365
00009366
00009367
00009368
00009369
0000936A
0000936B
0000936C
0000936D
0000936E
0000936F
00009370
00009371
00009372
00009373
00009374
00009375
00009376
00009377
00009378
00009379
0000937A
0000937B
0000937C
0000937D
0000937E
0000937F
00009380
00009381
00009382
00009383
00009384
00009385
00009386
00009387
00009388
00009389
0000938A
0000938B
0000938C
0000938D
0000938E
0000938F
00009390
00009391
00009392
00009393
00009394
00009395
00009396
00009397
00009398
00009399
0000939A
0000939B
0000939C
0000939D
0000939E
0000939F
000093A0
000093A1
000093A2
000093A3
000093A4
000093A5
000093A6
000093A7
000093A8
000093A9
000093AA
000093AB
000093AC
000093AD
000093AE
000093AF
000093B0
000093B1
000093B2
000093B3
000093B4
000093B5
000093B6
000093B7
000093B8
000093B9
000093BA
000093BB
000093BC
000093BD
000093BE
000093BF
000093C0
000093C1
000093C2
000093C3
000093C4
000093C5
000093C6
000093C7
000093C8
000093C9
000093CA
000093CB
000093CC
000093CD
000093CE
000093CF
000093D0
000093D1
000093D2
000093D3
000093D4
000093D5
000093D6
000093D7
000093D8
000093D9
000093DA
000093DB
000093DC
000093DD
000093DE
000093DF
000093E0
000093E1
000093E2
000093E3
000093E4
000093E5
000093E6
000093E7
000093E8
000093E9
000093EA
000093EB
000093EC
000093ED
000093EE
000093EF
000093F0
000093F1
000093F2
000093F3
000093F4
000093F5
000093F6
000093F7
000093F8
000093F9
000093FA
000093FB
000093FC
000093FD
000093FE
000093FF
00009400
00009401
00009402
00009403
00009404
00009405
00009406
00009407
00009408
00009409
0000940A
0000940B
0000940C
0000940D
0000940E
0000940F
00009410
00009411
00009412
00009413
00009414
00009415
00009416
00009417
00009418
00009419
0000941A
0000941B
0000941C
0000941D
0000941E
0000941F
00009420
00009421
00009422
00009423
00009424
00009425
00009426
00009427
00009428
00009429
0000942A
0000942B
0000942C
0000942D
0000942E
0000942F
00009430
00009431
00009432
00009433
00009434
00009435
00009436
00009437
00009438
00009439
0000943A
0000943B
0000943C
0000943D
0000943E
0000943F
00009440
00009441
00009442
00009443
00009444
00009445
00009446
00009447
00009448
00009449
0000944A
0000944B
0000944C
0000944D
0000944E
0000944F
00009450
00009451
00009452
00009453
00009454
00009455
00009456
00009457
00009458
00009459
0000945A
0000945B
0000945C
0000945D
0000945E
0000945F
00009460
00009461
00009462
00009463
00009464
00009465
00009466
00009467
00009468
00009469
0000946A
0000946B
0000946C
0000946D
0000946E
0000946F
00009470
00009471
00009472
00009473
00009474
00009475
00009476
00009477
00009478
00009479
0000947A
0000947B
0000947C
0000947D
0000947E
0000947F
00009480
00009481
00009482
00009483
00009484
00009485
00009486
00009487
00009488
00009489
0000948A
0000948B
0000948C
0000948D
0000948E
0000948F
00009490
00009491
00009492
00009493
00009494
00009495
00009496
00009497
00009498
00009499
0000949A
0000949B
0000949C
0000949D
0000949E
0000949F
000094A0
000094A1
000094A2
000094A3
000094A4
000094A5
000094A6
000094A7
000094A8
000094A9
000094AA
000094AB
000094AC
000094AD
000094AE
000094AF
000094B0
000094B1
000094B2
000094B3
000094B4
000094B5
000094B6
000094B7
000094B8
000094B9
000094BA
000094BB
000094BC
000094BD
000094BE
000094BF
000094C0
000094C1
000094C2
000094C3
000094C4
000094C5
000094C6
000094C7
000094C8
000094C9
000094CA
000094CB
000094CC
000094CD
000094CE
000094CF
000094D0
000094D1
000094D2
000094D3
000094D4
000094D5
000094D6
000094D7
000094D8
000094D9
000094DA
000094DB
000094DC
000094DD
000094DE
000094DF
000094E0
000094E1
000094E2
000094E3
000094E4
000094E5
000094E6
000094E7
000094E8
000094E9
000094EA
000094EB
000094EC
000094ED
000094EE
000094EF
000094F0
000094F1
000094F2
000094F3
000094F4
000094F5
000094F6
000094F7
000094F8
000094F9
000094FA
000094FB
000094FC
000094FD
000094FE
000094FF
00009500
00009501
00009502
00009503
00009504
00009505
00009506
00009507
00009508
00009509
0000950A
0000950B
0000950C
0000950D
0000950E
0000950F
00009510
00009511
00009512
00009513
00009514
00009515
00009516
00009517
00009518
00009519
0000951A
0000951B
0000951C
0000951D
0000951E
0000951F
00009520
00009521
00009522
00009523
00009524
00009525
00009526
00009527
00009528
00009529
0000952A
0000952B
0000952C
0000952D
0000952E
0000952F
00009530
00009531
00009532
00009533
00009534
00009535
00009536
00009537
00009538
00009539
0000953A
0000953B
0000953C
0000953D
0000953E
0000953F
00009540
00009541
00009542
00009543
00009544
00009545
00009546
00009547
00009548
00009549
0000954A
0000954B
0000954C
0000954D
0000954E
0000954F
00009550
00009551
00009552
00009553
00009554
00009555
00009556
00009557
00009558
00009559
0000955A
0000955B
0000955C
0000955D
0000955E
0000955F
00009560
00009561
00009562
00009563
00009564
00009565
00009566
00009567
00009568
00009569
0000956A
0000956B
0000956C
0000956D
0000956E
0000956F
00009570
00009571
00009572
00009573
00009574
00009575
00009576
00009577
00009578
00009579
0000957A
0000957B
0000957C
0000957D
0000957E
0000957F
00009580
00009581
00009582
00009583
00009584
00009585
00009586
00009587
00009588
00009589
0000958A
0000958B
0000958C
0000958D
0000958E
0000958F
00009590
00009591
00009592
00009593
00009594
00009595
00009596
00009597
00009598
00009599
0000959A
0000959B
0000959C
0000959D
0000959E
0000959F
000095A0
000095A1
000095A2
000095A3
000095A4
000095A5
000095A6
000095A7
000095A8
000095A9
000095AA
000095AB
000095AC
000095AD
000095AE
000095AF
000095B0
000095B1
000095B2
000095B3
000095B4
000095B5
000095B6
000095B7
000095B8
000095B9
000095BA
000095BB
000095BC
000095BD
000095BE
000095BF
000095C0
000095C1
000095C2
000095C3
000095C4
000095C5
000095C6
000095C7
000095C8
000095C9
000095CA
000095CB
000095CC
000095CD
000095CE
000095CF
000095D0
000095D1
000095D2
000095D3
000095D4
000095D5
000095D6
000095D7
000095D8
000095D9
000095DA
000095DB
000095DC
000095DD
000095DE
000095DF
000095E0
000095E1
000095E2
000095E3
000095E4
000095E5
000095E6
000095E7
000095E8
000095E9
000095EA
000095EB
000095EC
000095ED
000095EE
000095EF
000095F0
000095F1
000095F2
000095F3
000095F4
000095F5
000095F6
000095F7
000095F8
000095F9
000095FA
000095FB
000095FC
000095FD
000095FE
000095FF
00009600
00009601
00009602
00009603
00009604
00009605
00009606
00009607
00009608
00009609
0000960A
0000960B
0000960C
0000960D
0000960E
0000960F
00009610
00009611
00009612
00009613
00009614
00009615
00009616
00009617
00009618
00009619
0000961A
0000961B
0000961C
0000961D
0000961E
0000961F
00009620
00009621
00009622
00009623
00009624
00009625
00009626
00009627
00009628
00009629
0000962A
0000962B
0000962C
0000962D
0000962E
0000962F
00009630
00009631
00009632
00009633
00009634
00009635
00009636
00009637
00009638
00009639
0000963A
0000963B
0000963C
0000963D
0000963E
0000963F
00009640
00009641
00009642
00009643
00009644
00009645
00009646
00009647
00009648
00009649
0000964A
0000964B
0000964C
0000964D
0000964E
0000964F
00009650
00009651
00009652
00009653
00009654
00009655
00009656
00009657
00009658
00009659
0000965A
0000965B
0000965C
0000965D
0000965E
0000965F
00009660
00009661
00009662
00009663
00009664
00009665
00009666
00009667
00009668
00009669
0000966A
0000966B
0000966C
0000966D
0000966E
0000966F
00009670
00009671
00009672
00009673
00009674
00009675
00009676
00009677
00009678
00009679
0000967A
0000967B
0000967C
0000967D
0000967E
0000967F
00009680
00009681
00009682
00009683
00009684
00009685
00009686
00009687
00009688
00009689
0000968A
0000968B
0000968C
0000968D
0000968E
0000968F
00009690
00009691
00009692
00009693
00009694
00009695
00009696
00009697
00009698
00009699
0000969A
0000969B
0000969C
0000969D
0000969E
0000969F
000096A0
000096A1
000096A2
000096A3
000096A4
000096A5
000096A6
000096A7
000096A8
000096A9
000096AA
000096AB
000096AC
000096AD
000096AE
000096AF
000096B0
000096B1
000096B2
000096B3
000096B4
000096B5
000096B6
000096B7
000096B8
000096B9
000096BA
000096BB
000096BC
000096BD
000096BE
000096BF
000096C0
000096C1
000096C2
000096C3
000096C4
000096C5
000096C6
000096C7
000096C8
000096C9
000096CA
000096CB
000096CC
000096CD
000096CE
000096CF
000096D0
000096D1
000096D2
000096D3
000096D4
000096D5
000096D6
000096D7
000096D8
000096D9
000096DA
000096DB
000096DC
000096DD
000096DE
000096DF
000096E0
000096E1
000096E2
000096E3
000096E4
000096E5
000096E6
000096E7
000096E8
000096E9
000096EA
000096EB
000096EC
000096ED
000096EE
000096EF
000096F0
000096F1
000096F2
000096F3
000096F4
000096F5
000096F6
000096F7
000096F8
000096F9
000096FA
000096FB
000096FC
000096FD
000096FE
000096FF
00009700
00009701
00009702
00009703
00009704
00009705
00009706
00009707
00009708
00009709
0000970A
0000970B
0000970C
0000970D
0000970E
0000970F
00009710
00009711
00009712
00009713
00009714
00009715
00009716
00009717
00009718
00009719
0000971A
0000971B
0000971C
0000971D
0000971E
0000971F
00009720
00009721
00009722
00009723
00009724
00009725
00009726
00009727
00009728
00009729
0000972A
0000972B
0000972C
0000972D
0000972E
0000972F
00009730
00009731
00009732
00009733
00009734
00009735
00009736
00009737
00009738
00009739
0000973A
0000973B
0000973C
0000973D
0000973E
0000973F
00009740
00009741
00009742
00009743
00009744
00009745
00009746
00009747
00009748
00009749
0000974A
0000974B
0000974C
0000974D
0000974E
0000974F
00009750
00009751
00009752
00009753
00009754
00009755
00009756
00009757
00009758
00009759
0000975A
0000975B
0000975C
0000975D
0000975E
0000975F
00009760
00009761
00009762
00009763
00009764
00009765
00009766
00009767
00009768
00009769
0000976A
0000976B
0000976C
0000976D
0000976E
0000976F
00009770
00009771
00009772
00009773
00009774
00009775
00009776
00009777
00009778
00009779
0000977A
0000977B
0000977C
0000977D
0000977E
0000977F
00009780
00009781
00009782
00009783
00009784
00009785
00009786
00009787
00009788
00009789
0000978A
0000978B
0000978C
0000978D
0000978E
0000978F
00009790
00009791
00009792
00009793
00009794
00009795
00009796
00009797
00009798
00009799
0000979A
0000979B
0000979C
0000979D
0000979E
0000979F
000097A0
000097A1
000097A2
000097A3
000097A4
000097A5
000097A6
000097A7
000097A8
000097A9
000097AA
000097AB
000097AC
000097AD
000097AE
000097AF
000097B0
000097B1
000097B2
000097B3
000097B4
000097B5
000097B6
000097B7
000097B8
000097B9
000097BA
000097BB
000097BC
000097BD
000097BE
000097BF
000097C0
000097C1
000097C2
000097C3
000097C4
000097C5
000097C6
000097C7
000097C8
000097C9
000097CA
000097CB
000097CC
000097CD
000097CE
000097CF
000097D0
000097D1
000097D2
000097D3
000097D4
000097D5
000097D6
000097D7
000097D8
000097D9
000097DA
000097DB
000097DC
000097DD
000097DE
000097DF
000097E0
000097E1
000097E2
000097E3
000097E4
000097E5
000097E6
000097E7
000097E8
000097E9
000097EA
000097EB
000097EC
000097ED
000097EE
000097EF
000097F0
000097F1
000097F2
000097F3
000097F4
000097F5
000097F6
000097F7
000097F8
000097F9
000097FA
000097FB
000097FC
000097FD
000097FE
000097FF
00009800
00009801
00009802
00009803
00009804
00009805
00009806
00009807
00009808
00009809
0000980A
0000980B
0000980C
0000980D
0000980E
0000980F
00009810
00009811
00009812
00009813
00009814
00009815
00009816
00009817
00009818
00009819
0000981A
0000981B
0000981C
0000981D
0000981E
0000981F
00009820
00009821
00009822
00009823
00009824
00009825
00009826
00009827
00009828
00009829
0000982A
0000982B
0000982C
0000982D
0000982E
0000982F
00009830
00009831
00009832
00009833
00009834
00009835
00009836
00009837
00009838
00009839
0000983A
0000983B
0000983C
0000983D
0000983E
0000983F
00009840
00009841
00009842
00009843
00009844
00009845
00009846
00009847
00009848
00009849
0000984A
0000984B
0000984C
0000984D
0000984E
0000984F
00009850
00009851
00009852
00009853
00009854
00009855
00009856
00009857
00009858
00009859
0000985A
0000985B
0000985C
0000985D
0000985E
0000985F
00009860
00009861
00009862
00009863
00009864
00009865
00009866
00009867
00009868
00009869
0000986A
0000986B
0000986C
0000986D
0000986E
0000986F
00009870
00009871
00009872
00009873
00009874
00009875
00009876
00009877
00009878
00009879
0000987A
0000987B
0000987C
0000987D
0000987E
0000987F
00009880
00009881
00009882
00009883
00009884
00009885
00009886
00009887
00009888
00009889
0000988A
0000988B
0000988C
0000988D
0000988E
0000988F
00009890
00009891
00009892
00009893
00009894
00009895
00009896
00009897
00009898
00009899
0000989A
0000989B
0000989C
0000989D
0000989E
0000989F
000098A0
000098A1
000098A2
000098A3
000098A4
000098A5
000098A6
000098A7
000098A8
000098A9
000098AA
000098AB
000098AC
000098AD
000098AE
000098AF
000098B0
000098B1
000098B2
000098B3
000098B4
000098B5
000098B6
000098B7
000098B8
000098B9
000098BA
000098BB
000098BC
000098BD
000098BE
000098BF
000098C0
000098C1
000098C2
000098C3
000098C4
000098C5
000098C6
000098C7
000098C8
000098C9
000098CA
000098CB
000098CC
000098CD
000098CE
000098CF
000098D0
000098D1
000098D2
000098D3
000098D4
000098D5
000098D6
000098D7
000098D8
000098D9
000098DA
000098DB
000098DC
000098DD
000098DE
000098DF
000098E0
000098E1
000098E2
000098E3
000098E4
000098E5
000098E6
000098E7
000098E8
000098E9
000098EA
000098EB
000098EC
000098ED
000098EE
000098EF
000098F0
000098F1
000098F2
000098F3
000098F4
000098F5
000098F6
000098F7
000098F8
000098F9
000098FA
000098FB
000098FC
000098FD
000098FE
000098FF
00009900
00009901
00009902
00009903
00009904
00009905
00009906
00009907
00009908
00009909
0000990A
0000990B
0000990C
0000990D
0000990E
0000990F
00009910
00009911
00009912
00009913
00009914
00009915
00009916
00009917
00009918
00009919
0000991A
0000991B
0000991C
0000991D
0000991E
0000991F
00009920
00009921
00009922
00009923
00009924
00009925
00009926
00009927
00009928
00009929
0000992A
0000992B
0000992C
0000992D
0000992E
0000992F
00009930
00009931
00009932
00009933
00009934
00009935
00009936
00009937
00009938
00009939
0000993A
0000993B
0000993C
0000993D
0000993E
0000993F
00009940
00009941
00009942
00009943
00009944
00009945
00009946
00009947
00009948
00009949
0000994A
0000994B
0000994C
0000994D
0000994E
0000994F
00009950
00009951
00009952
00009953
00009954
00009955
00009956
00009957
00009958
00009959
0000995A
0000995B
0000995C
0000995D
0000995E
0000995F
00009960
00009961
00009962
00009963
00009964
00009965
00009966
00009967
00009968
00009969
0000996A
0000996B
0000996C
0000996D
0000996E
0000996F
00009970
00009971
00009972
00009973
00009974
00009975
00009976
00009977
00009978
00009979
0000997A
0000997B
0000997C
0000997D
0000997E
0000997F
00009980
00009981
00009982
00009983
00009984
00009985
00009986
00009987
00009988
00009989
0000998A
0000998B
0000998C
0000998D
0000998E
0000998F
00009990
00009991
00009992
00009993
00009994
00009995
00009996
00009997
00009998
00009999
0000999A
0000999B
0000999C
0000999D
0000999E
0000999F
000099A0
000099A1
000099A2
000099A3
000099A4
000099A5
000099A6
000099A7
000099A8
000099A9
000099AA
000099AB
000099AC
000099AD
000099AE
000099AF
000099B0
000099B1
000099B2
000099B3
000099B4
000099B5
000099B6
000099B7
000099B8
000099B9
000099BA
000099BB
000099BC
000099BD
000099BE
000099BF
000099C0
000099C1
000099C2
000099C3
000099C4
000099C5
000099C6
000099C7
000099C8
000099C9
000099CA
000099CB
000099CC
000099CD
000099CE
000099CF
000099D0
000099D1
000099D2
000099D3
000099D4
000099D5
000099D6
000099D7
000099D8
000099D9
000099DA
000099DB
000099DC
000099DD
000099DE
000099DF
000099E0
000099E1
000099E2
000099E3
000099E4
000099E5
000099E6
000099E7
000099E8
000099E9
000099EA
000099EB
000099EC
000099ED
000099EE
000099EF
000099F0
000099F1
000099F2
000099F3
000099F4
000099F5
000099F6
000099F7
000099F8
000099F9
000099FA
000099FB
000099FC
000099FD
000099FE
000099FF
00009A00
00009A01
00009A02
00009A03
00009A04
00009A05
00009A06
00009A07
00009A08
00009A09
00009A0A
00009A0B
00009A0C
00009A0D
00009A0E
00009A0F
00009A10
00009A11
00009A12
00009A13
00009A14
00009A15
00009A16
00009A17
00009A18
00009A19
00009A1A
00009A1B
00009A1C
00009A1D
00009A1E
00009A1F
00009A20
00009A21
00009A22
00009A23
00009A24
00009A25
00009A26
00009A27
00009A28
00009A29
00009A2A
00009A2B
00009A2C
00009A2D
00009A2E
00009A2F
00009A30
00009A31
00009A32
00009A33
00009A34
00009A35
00009A36
00009A37
00009A38
00009A39
00009A3A
00009A3B
00009A3C
00009A3D
00009A3E
00009A3F
00009A40
00009A41
00009A42
00009A43
00009A44
00009A45
00009A46
00009A47
00009A48
00009A49
00009A4A
00009A4B
00009A4C
00009A4D
00009A4E
00009A4F
00009A50
00009A51
00009A52
00009A53
00009A54
00009A55
00009A56
00009A57
00009A58
00009A59
00009A5A
00009A5B
00009A5C
00009A5D
00009A5E
00009A5F
00009A60
00009A61
00009A62
00009A63
00009A64
00009A65
00009A66
00009A67
00009A68
00009A69
00009A6A
00009A6B
00009A6C
00009A6D
00009A6E
00009A6F
00009A70
00009A71
00009A72
00009A73
00009A74
00009A75
00009A76
00009A77
00009A78
00009A79
00009A7A
00009A7B
00009A7C
00009A7D
00009A7E
00009A7F
00009A80
00009A81
00009A82
00009A83
00009A84
00009A85
00009A86
00009A87
00009A88
00009A89
00009A8A
00009A8B
00009A8C
00009A8D
00009A8E
00009A8F
00009A90
00009A91
00009A92
00009A93
00009A94
00009A95
00009A96
00009A97
00009A98
00009A99
00009A9A
00009A9B
00009A9C
00009A9D
00009A9E
00009A9F
00009AA0
00009AA1
00009AA2
00009AA3
00009AA4
00009AA5
00009AA6
00009AA7
00009AA8
00009AA9
00009AAA
00009AAB
00009AAC
00009AAD
00009AAE
00009AAF
00009AB0
00009AB1
00009AB2
00009AB3
00009AB4
00009AB5
00009AB6
00009AB7
00009AB8
00009AB9
00009ABA
00009ABB
00009ABC
00009ABD
00009ABE
00009ABF
00009AC0
00009AC1
00009AC2
00009AC3
00009AC4
00009AC5
00009AC6
00009AC7
00009AC8
00009AC9
00009ACA
00009ACB
00009ACC
00009ACD
00009ACE
00009ACF
00009AD0
00009AD1
00009AD2
00009AD3
00009AD4
00009AD5
00009AD6
00009AD7
00009AD8
00009AD9
00009ADA
00009ADB
00009ADC
00009ADD
00009ADE
00009ADF
00009AE0
00009AE1
00009AE2
00009AE3
00009AE4
00009AE5
00009AE6
00009AE7
00009AE8
00009AE9
00009AEA
00009AEB
00009AEC
00009AED
00009AEE
00009AEF
00009AF0
00009AF1
00009AF2
00009AF3
00009AF4
00009AF5
00009AF6
00009AF7
00009AF8
00009AF9
00009AFA
00009AFB
00009AFC
00009AFD
00009AFE
00009AFF
00009B00
00009B01
00009B02
00009B03
00009B04
00009B05
00009B06
00009B07
00009B08
00009B09
00009B0A
00009B0B
00009B0C
00009B0D
00009B0E
00009B0F
00009B10
00009B11
00009B12
00009B13
00009B14
00009B15
00009B16
00009B17
00009B18
00009B19
00009B1A
00009B1B
00009B1C
00009B1D
00009B1E
00009B1F
00009B20
00009B21
00009B22
00009B23
00009B24
00009B25
00009B26
00009B27
00009B28
00009B29
00009B2A
00009B2B
00009B2C
00009B2D
00009B2E
00009B2F
00009B30
00009B31
00009B32
00009B33
00009B34
00009B35
00009B36
00009B37
00009B38
00009B39
00009B3A
00009B3B
00009B3C
00009B3D
00009B3E
00009B3F
00009B40
00009B41
00009B42
00009B43
00009B44
00009B45
00009B46
00009B47
00009B48
00009B49
00009B4A
00009B4B
00009B4C
00009B4D
00009B4E
00009B4F
00009B50
00009B51
00009B52
00009B53
00009B54
00009B55
00009B56
00009B57
00009B58
00009B59
00009B5A
00009B5B
00009B5C
00009B5D
00009B5E
00009B5F
00009B60
00009B61
00009B62
00009B63
00009B64
00009B65
00009B66
00009B67
00009B68
00009B69
00009B6A
00009B6B
00009B6C
00009B6D
00009B6E
00009B6F
00009B70
00009B71
00009B72
00009B73
00009B74
00009B75
00009B76
00009B77
00009B78
00009B79
00009B7A
00009B7B
00009B7C
00009B7D
00009B7E
00009B7F
00009B80
00009B81
00009B82
00009B83
00009B84
00009B85
00009B86
00009B87
00009B88
00009B89
00009B8A
00009B8B
00009B8C
00009B8D
00009B8E
00009B8F
00009B90
00009B91
00009B92
00009B93
00009B94
00009B95
00009B96
00009B97
00009B98
00009B99
00009B9A
00009B9B
00009B9C
00009B9D
00009B9E
00009B9F
00009BA0
00009BA1
00009BA2
00009BA3
00009BA4
00009BA5
00009BA6
00009BA7
00009BA8
00009BA9
00009BAA
00009BAB
00009BAC
00009BAD
00009BAE
00009BAF
00009BB0
00009BB1
00009BB2
00009BB3
00009BB4
00009BB5
00009BB6
00009BB7
00009BB8
00009BB9
00009BBA
00009BBB
00009BBC
00009BBD
00009BBE
00009BBF
00009BC0
00009BC1
00009BC2
00009BC3
00009BC4
00009BC5
00009BC6
00009BC7
00009BC8
00009BC9
00009BCA
00009BCB
00009BCC
00009BCD
00009BCE
00009BCF
00009BD0
00009BD1
00009BD2
00009BD3
00009BD4
00009BD5
00009BD6
00009BD7
00009BD8
00009BD9
00009BDA
00009BDB
00009BDC
00009BDD
00009BDE
00009BDF
00009BE0
00009BE1
00009BE2
00009BE3
00009BE4
00009BE5
00009BE6
00009BE7
00009BE8
00009BE9
00009BEA
00009BEB
00009BEC
00009BED
00009BEE
00009BEF
00009BF0
00009BF1
00009BF2
00009BF3
00009BF4
00009BF5
00009BF6
00009BF7
00009BF8
00009BF9
00009BFA
00009BFB
00009BFC
00009BFD
00009BFE
00009BFF
00009C00
00009C01
00009C02
00009C03
00009C04
00009C05
00009C06
00009C07
00009C08
00009C09
00009C0A
00009C0B
00009C0C
00009C0D
00009C0E
00009C0F
00009C10
00009C11
00009C12
00009C13
00009C14
00009C15
00009C16
00009C17
00009C18
00009C19
00009C1A
00009C1B
00009C1C
00009C1D
00009C1E
00009C1F
00009C20
00009C21
00009C22
00009C23
00009C24
00009C25
00009C26
00009C27
00009C28
00009C29
00009C2A
00009C2B
00009C2C
00009C2D
00009C2E
00009C2F
00009C30
00009C31
00009C32
00009C33
00009C34
00009C35
00009C36
00009C37
00009C38
00009C39
00009C3A
00009C3B
00009C3C
00009C3D
00009C3E
00009C3F
00009C40
00009C41
00009C42
00009C43
00009C44
00009C45
00009C46
00009C47
00009C48
00009C49
00009C4A
00009C4B
00009C4C
00009C4D
00009C4E
00009C4F
00009C50
00009C51
00009C52
00009C53
00009C54
00009C55
00009C56
00009C57
00009C58
00009C59
00009C5A
00009C5B
00009C5C
00009C5D
00009C5E
00009C5F
00009C60
00009C61
00009C62
00009C63
00009C64
00009C65
00009C66
00009C67
00009C68
00009C69
00009C6A
00009C6B
00009C6C
00009C6D
00009C6E
00009C6F
00009C70
00009C71
00009C72
00009C73
00009C74
00009C75
00009C76
00009C77
00009C78
00009C79
00009C7A
00009C7B
00009C7C
00009C7D
00009C7E
00009C7F
00009C80
00009C81
00009C82
00009C83
00009C84
00009C85
00009C86
00009C87
00009C88
00009C89
00009C8A
00009C8B
00009C8C
00009C8D
00009C8E
00009C8F
00009C90
00009C91
00009C92
00009C93
00009C94
00009C95
00009C96
00009C97
00009C98
00009C99
00009C9A
00009C9B
00009C9C
00009C9D
00009C9E
00009C9F
00009CA0
00009CA1
00009CA2
00009CA3
00009CA4
00009CA5
00009CA6
00009CA7
00009CA8
00009CA9
00009CAA
00009CAB
00009CAC
00009CAD
00009CAE
00009CAF
00009CB0
00009CB1
00009CB2
00009CB3
00009CB4
00009CB5
00009CB6
00009CB7
00009CB8
00009CB9
00009CBA
00009CBB
00009CBC
00009CBD
00009CBE
00009CBF
00009CC0
00009CC1
00009CC2
00009CC3
00009CC4
00009CC5
00009CC6
00009CC7
00009CC8
00009CC9
00009CCA
00009CCB
00009CCC
00009CCD
00009CCE
00009CCF
00009CD0
00009CD1
00009CD2
00009CD3
00009CD4
00009CD5
00009CD6
00009CD7
00009CD8
00009CD9
00009CDA
00009CDB
00009CDC
00009CDD
00009CDE
00009CDF
00009CE0
00009CE1
00009CE2
00009CE3
00009CE4
00009CE5
00009CE6
00009CE7
00009CE8
00009CE9
00009CEA
00009CEB
00009CEC
00009CED
00009CEE
00009CEF
00009CF0
00009CF1
00009CF2
00009CF3
00009CF4
00009CF5
00009CF6
00009CF7
00009CF8
00009CF9
00009CFA
00009CFB
00009CFC
00009CFD
00009CFE
00009CFF
00009D00
00009D01
00009D02
00009D03
00009D04
00009D05
00009D06
00009D07
00009D08
00009D09
00009D0A
00009D0B
00009D0C
00009D0D
00009D0E
00009D0F
00009D10
00009D11
00009D12
00009D13
00009D14
00009D15
00009D16
00009D17
00009D18
00009D19
00009D1A
00009D1B
00009D1C
00009D1D
00009D1E
00009D1F
00009D20
00009D21
00009D22
00009D23
00009D24
00009D25
00009D26
00009D27
00009D28
00009D29
00009D2A
00009D2B
00009D2C
00009D2D
00009D2E
00009D2F
00009D30
00009D31
00009D32
00009D33
00009D34
00009D35
00009D36
00009D37
00009D38
00009D39
00009D3A
00009D3B
00009D3C
00009D3D
00009D3E
00009D3F
00009D40
00009D41
00009D42
00009D43
00009D44
00009D45
00009D46
00009D47
00009D48
00009D49
00009D4A
00009D4B
00009D4C
00009D4D
00009D4E
00009D4F
00009D50
00009D51
00009D52
00009D53
00009D54
00009D55
00009D56
00009D57
00009D58
00009D59
00009D5A
00009D5B
00009D5C
00009D5D
00009D5E
00009D5F
00009D60
00009D61
00009D62
00009D63
00009D64
00009D65
00009D66
00009D67
00009D68
00009D69
00009D6A
00009D6B
00009D6C
00009D6D
00009D6E
00009D6F
00009D70
00009D71
00009D72
00009D73
00009D74
00009D75
00009D76
00009D77
00009D78
00009D79
00009D7A
00009D7B
00009D7C
00009D7D
00009D7E
00009D7F
00009D80
00009D81
00009D82
00009D83
00009D84
00009D85
00009D86
00009D87
00009D88
00009D89
00009D8A
00009D8B
00009D8C
00009D8D
00009D8E
00009D8F
00009D90
00009D91
00009D92
00009D93
00009D94
00009D95
00009D96
00009D97
00009D98
00009D99
00009D9A
00009D9B
00009D9C
00009D9D
00009D9E
00009D9F
00009DA0
00009DA1
00009DA2
00009DA3
00009DA4
00009DA5
00009DA6
00009DA7
00009DA8
00009DA9
00009DAA
00009DAB
00009DAC
00009DAD
00009DAE
00009DAF
00009DB0
00009DB1
00009DB2
00009DB3
00009DB4
00009DB5
00009DB6
00009DB7
00009DB8
00009DB9
00009DBA
00009DBB
00009DBC
00009DBD
00009DBE
00009DBF
00009DC0
00009DC1
00009DC2
00009DC3
00009DC4
00009DC5
00009DC6
00009DC7
00009DC8
00009DC9
00009DCA
00009DCB
00009DCC
00009DCD
00009DCE
00009DCF
00009DD0
00009DD1
00009DD2
00009DD3
00009DD4
00009DD5
00009DD6
00009DD7
00009DD8
00009DD9
00009DDA
00009DDB
00009DDC
00009DDD
00009DDE
00009DDF
00009DE0
00009DE1
00009DE2
00009DE3
00009DE4
00009DE5
00009DE6
00009DE7
00009DE8
00009DE9
00009DEA
00009DEB
00009DEC
00009DED
00009DEE
00009DEF
00009DF0
00009DF1
00009DF2
00009DF3
00009DF4
00009DF5
00009DF6
00009DF7
00009DF8
00009DF9
00009DFA
00009DFB
00009DFC
00009DFD
00009DFE
00009DFF
00009E00
00009E01
00009E02
00009E03
00009E04
00009E05
00009E06
00009E07
00009E08
00009E09
00009E0A
00009E0B
00009E0C
00009E0D
00009E0E
00009E0F
00009E10
00009E11
00009E12
00009E13
00009E14
00009E15
00009E16
00009E17
00009E18
00009E19
00009E1A
00009E1B
00009E1C
00009E1D
00009E1E
00009E1F
00009E20
00009E21
00009E22
00009E23
00009E24
00009E25
00009E26
00009E27
00009E28
00009E29
00009E2A
00009E2B
00009E2C
00009E2D
00009E2E
00009E2F
00009E30
00009E31
00009E32
00009E33
00009E34
00009E35
00009E36
00009E37
00009E38
00009E39
00009E3A
00009E3B
00009E3C
00009E3D
00009E3E
00009E3F
00009E40
00009E41
00009E42
00009E43
00009E44
00009E45
00009E46
00009E47
00009E48
00009E49
00009E4A
00009E4B
00009E4C
00009E4D
00009E4E
00009E4F
00009E50
00009E51
00009E52
00009E53
00009E54
00009E55
00009E56
00009E57
00009E58
00009E59
00009E5A
00009E5B
00009E5C
00009E5D
00009E5E
00009E5F
00009E60
00009E61
00009E62
00009E63
00009E64
00009E65
00009E66
00009E67
00009E68
00009E69
00009E6A
00009E6B
00009E6C
00009E6D
00009E6E
00009E6F
00009E70
00009E71
00009E72
00009E73
00009E74
00009E75
00009E76
00009E77
00009E78
00009E79
00009E7A
00009E7B
00009E7C
00009E7D
00009E7E
00009E7F
00009E80
00009E81
00009E82
00009E83
00009E84
00009E85
00009E86
00009E87
00009E88
00009E89
00009E8A
00009E8B
00009E8C
00009E8D
00009E8E
00009E8F
00009E90
00009E91
00009E92
00009E93
00009E94
00009E95
00009E96
00009E97
00009E98
00009E99
00009E9A
00009E9B
00009E9C
00009E9D
00009E9E
00009E9F
00009EA0
00009EA1
00009EA2
00009EA3
00009EA4
00009EA5
00009EA6
00009EA7
00009EA8
00009EA9
00009EAA
00009EAB
00009EAC
00009EAD
00009EAE
00009EAF
00009EB0
00009EB1
00009EB2
00009EB3
00009EB4
00009EB5
00009EB6
00009EB7
00009EB8
00009EB9
00009EBA
00009EBB
00009EBC
00009EBD
00009EBE
00009EBF
00009EC0
00009EC1
00009EC2
00009EC3
00009EC4
00009EC5
00009EC6
00009EC7
00009EC8
00009EC9
00009ECA
00009ECB
00009ECC
00009ECD
00009ECE
00009ECF
00009ED0
00009ED1
00009ED2
00009ED3
00009ED4
00009ED5
00009ED6
00009ED7
00009ED8
00009ED9
00009EDA
00009EDB
00009EDC
00009EDD
00009EDE
00009EDF
00009EE0
00009EE1
00009EE2
00009EE3
00009EE4
00009EE5
00009EE6
00009EE7
00009EE8
00009EE9
00009EEA
00009EEB
00009EEC
00009EED
00009EEE
00009EEF
00009EF0
00009EF1
00009EF2
00009EF3
00009EF4
00009EF5
00009EF6
00009EF7
00009EF8
00009EF9
00009EFA
00009EFB
00009EFC
00009EFD
00009EFE
00009EFF
00009F00
00009F01
00009F02
00009F03
00009F04
00009F05
00009F06
00009F07
00009F08
00009F09
00009F0A
00009F0B
00009F0C
00009F0D
00009F0E
00009F0F
00009F10
00009F11
00009F12
00009F13
00009F14
00009F15
00009F16
00009F17
00009F18
00009F19
00009F1A
00009F1B
00009F1C
00009F1D
00009F1E
00009F1F
00009F20
00009F21
00009F22
00009F23
00009F24
00009F25
00009F26
00009F27
00009F28
00009F29
00009F2A
00009F2B
00009F2C
00009F2D
00009F2E
00009F2F
00009F30
00009F31
00009F32
00009F33
00009F34
00009F35
00009F36
00009F37
00009F38
00009F39
00009F3A
00009F3B
00009F3C
00009F3D
00009F3E
00009F3F
00009F40
00009F41
00009F42
00009F43
00009F44
00009F45
00009F46
00009F47
00009F48
00009F49
00009F4A
00009F4B
00009F4C
00009F4D
00009F4E
00009F4F
00009F50
00009F51
00009F52
00009F53
00009F54
00009F55
00009F56
00009F57
00009F58
00009F59
00009F5A
00009F5B
00009F5C
00009F5D
00009F5E
00009F5F
00009F60
00009F61
00009F62
00009F63
00009F64
00009F65
00009F66
00009F67
00009F68
00009F69
00009F6A
00009F6B
00009F6C
00009F6D
00009F6E
00009F6F
00009F70
00009F71
00009F72
00009F73
00009F74
00009F75
00009F76
00009F77
00009F78
00009F79
00009F7A
00009F7B
00009F7C
00009F7D
00009F7E
00009F7F
00009F80
00009F81
00009F82
00009F83
00009F84
00009F85
00009F86
00009F87
00009F88
00009F89
00009F8A
00009F8B
00009F8C
00009F8D
00009F8E
00009F8F
00009F90
00009F91
00009F92
00009F93
00009F94
00009F95
00009F96
00009F97
00009F98
00009F99
00009F9A
00009F9B
00009F9C
00009F9D
00009F9E
00009F9F
00009FA0
00009FA1
00009FA2
00009FA3
00009FA4
00009FA5
00009FCD
00009FCE
00009FCF
00020164
00020676
00020CD0
0002139A
00021413
000235CB
00023C97
00023C98
00023E23
000249DB
00024A7D
00024AC9
00025532
00025562
000255A8
00025ED7
00026221
0002648D
00026676
0002677C
00026B5C
00026C21
00027FF9
00028408
00028678
00028695
000287E0
00028B49
00028C47
00028C4F
00028C51
00028C54
00028E99
00029F7E
00029F83
00029F8C
0002A7DD
0002A8FB
0002A917
0002AA30
0002AA36
0002AA58
0002AFA2
0002B127
0002B128
0002B137
0002B138
0002B1ED
0002B300
0002B363
0002B36F
0002B372
0002B37D
0002B404
0002B410
0002B413
0002B461
0002B4E7
0002B4EF
0002B4F6
0002B4F9
0002B50D
0002B50E
0002B536
0002B5AE
0002B5AF
0002B5B3
0002B5E7
0002B5F4
0002B61C
0002B61D
0002B626
0002B627
0002B628
0002B62A
0002B62C
0002B695
0002B696
0002B6AD
0002B6ED
0002B7A9
0002B7C5
0002B7E6
0002B7F9
0002B7FC
0002B806
0002B80A
0002B81C
0002B8B8
0002BAC7
0002BB5F
0002BB62
0002BB7C
0002BB83
0002BC1B
0002BD77
0002BD87
0002BDF7
0002BE29
0002C029
0002C02A
0002C0A9
0002C0CA
0002C1D5
0002C1D9
0002C1F9
0002C27C
0002C288
0002C2A4
0002C317
0002C35B
0002C361
0002C364
0002C488
0002C494
0002C497
0002C542
0002C613
0002C618
0002C621
0002C629
0002C62B
0002C62C
0002C62D
0002C62F
0002C642
0002C64A
0002C64B
0002C72C
0002C72F
0002C79F
0002C7C1
0002C7FD
0002C8D9
0002C8DE
0002C8E1
0002C8F3
0002C907
0002C90A
0002C91D
0002CA02
0002CA0E
0002CA7D
0002CAA9
0002CB29
0002CB2D
0002CB2E
0002CB31
0002CB38
0002CB39
0002CB3B
0002CB3F
0002CB41
0002CB4A
0002CB4E
0002CB5A
0002CB5B
0002CB64
0002CB69
0002CB6C
0002CB6F
0002CB73
0002CB76
0002CB78
0002CB7C
0002CBB1
0002CBBF
0002CBC0
0002CBCE
0002CC56
0002CC5F
0002CCF5
0002CCF6
0002CCFD
0002CCFF
0002CD02
0002CD03
0002CD0A
0002CD8B
0002CD8D
0002CD8F
0002CD90
0002CD9F
0002CDA0
0002CDA8
0002CDAD
0002CDAE
0002CDD5
0002CE18
0002CE1A
0002CE23
0002CE26
0002CE2A
0002CE7C
0002CE88
0002CE93
