{
  "sw_time_ms": 72124.3703365326,
  "hw_time_ms": 119.992,
  "speedup": 601.0764912371874,
  "sw_per_char_us": 0.721243703365326,
  "hw_per_char_ns": 1.1999199999999999,
  "total_cycles": 299980000,
  "rom_size_kb": 572.37890625
}