{
  "cnbe_redshift": {
    "mse": 0.0003933222802397715,
    "r2": 0.6003888446759557
  },
  "raw_redshift": {
    "mse": 1.2107791996712738e-06,
    "r2": 0.998769861512732
  },
  "onehot_redshift": {
    "mse": 0.0006525196262205852,
    "r2": 0.33704716257959133
  },
  "random_redshift": {
    "mse": 0.0015993580337391588,
    "r2": -0.6249303529148797
  },
  "cnbe_tidal": {
    "mse": 7.228909775207897e-23,
    "r2": -0.8945690711984422
  },
  "raw_tidal": {
    "mse": 4.15312803057975e-25,
    "r2": 0.9891153878521919
  },
  "onehot_tidal": {
    "mse": 1.9284432405164674e-22,
    "r2": -4.054107787559326
  },
  "random_tidal": {
    "mse": 2.366643741898643e-22,
    "r2": -5.202553601269104
  },
  "cnbe_deflection": {
    "mse": 0.0022202184873421553,
    "r2": 0.7701763771714334
  },
  "raw_deflection": {
    "mse": 3.923169172100704e-06,
    "r2": 0.9995938971964958
  },
  "onehot_deflection": {
    "mse": 0.002231970294147871,
    "r2": 0.768959901031689
  },
  "random_deflection": {
    "mse": 0.011472981831272518,
    "r2": -0.18761386059165108
  }
}