{
  "E1": {
    "intra": 0.030692,
    "inter": 0.048783,
    "sep": 1.6
  },
  "E3_5shot": 63.01,
  "E3_10shot": 75.24,
  "E3_20shot": 84.35
}