external_review_id,query_char,query_unicode,candidate_char,candidate_unicode,relation_type,relation_claim_to_verify,later_masked_cnbe_field,source_document,source_locator,source_grade,unicode_identity_status,external_relation_label,external_source_confirmation,external_reviewer_id,external_review_decision,external_review_notes,external_packet_notice
P1_EXT_001,鬈,U+9B08,鬓,U+9B13,shared_radical_component,radical=髟,radix,review_packets/8105_full/8105_full_no_legacy_standardizer.csv,query=8105_full_6312;candidate=8105_full_3473,standard_derived,PASS_FROM_P0_MANIFEST,,,,,,BLINDED_TO_PRIOR_APPROVALS; VERIFY_FROM_SOURCE_AND_RECORD_POSITIVE_NEGATIVE_OR_EXCLUDE
P1_EXT_002,搂,U+6402,播,U+64AD,shared_radical_component,radical=扌,radix,review_packets/8105_full/8105_full_no_legacy_standardizer.csv,query=8105_full_2535;candidate=8105_full_3199,standard_derived,PASS_FROM_P0_MANIFEST,,,,,,BLINDED_TO_PRIOR_APPROVALS; VERIFY_FROM_SOURCE_AND_RECORD_POSITIVE_NEGATIVE_OR_EXCLUDE
P1_EXT_003,曛,U+66DB,暧,U+66A7,shared_radical_component,radical=日,radix,review_packets/8105_full/8105_full_no_legacy_standardizer.csv,query=8105_full_6329;candidate=8105_full_5700,standard_derived,PASS_FROM_P0_MANIFEST,,,,,,BLINDED_TO_PRIOR_APPROVALS; VERIFY_FROM_SOURCE_AND_RECORD_POSITIVE_NEGATIVE_OR_EXCLUDE
P1_EXT_004,邢,U+90A2,陞,U+965E,shared_radical_component,radical=阝,radix,review_packets/8105_full/8105_full_no_legacy_standardizer.csv,query=8105_full_3567;candidate=8105_full_6909,standard_derived,PASS_FROM_P0_MANIFEST,,,,,,BLINDED_TO_PRIOR_APPROVALS; VERIFY_FROM_SOURCE_AND_RECORD_POSITIVE_NEGATIVE_OR_EXCLUDE
P1_EXT_005,院,U+9662,陞,U+965E,shared_radical_component,radical=阝,radix,review_packets/8105_full/8105_full_no_legacy_standardizer.csv,query=8105_full_1734;candidate=8105_full_6909,standard_derived,PASS_FROM_P0_MANIFEST,,,,,,BLINDED_TO_PRIOR_APPROVALS; VERIFY_FROM_SOURCE_AND_RECORD_POSITIVE_NEGATIVE_OR_EXCLUDE
P1_EXT_006,鹘,U+9E58,鸹,U+9E39,shared_radical_component,radical=鸟,radix,review_packets/8105_full/8105_full_no_legacy_standardizer.csv,query=8105_full_5732;candidate=8105_full_4890,standard_derived,PASS_FROM_P0_MANIFEST,,,,,,BLINDED_TO_PRIOR_APPROVALS; VERIFY_FROM_SOURCE_AND_RECORD_POSITIVE_NEGATIVE_OR_EXCLUDE
P1_EXT_007,氇,U+6C07,毳,U+6BF3,shared_radical_component,radical=毛,radix,review_packets/8105_full/8105_full_no_legacy_standardizer.csv,query=8105_full_6120;candidate=8105_full_5194,standard_derived,PASS_FROM_P0_MANIFEST,,,,,,BLINDED_TO_PRIOR_APPROVALS; VERIFY_FROM_SOURCE_AND_RECORD_POSITIVE_NEGATIVE_OR_EXCLUDE
P1_EXT_008,秒,U+79D2,秀,U+79C0,shared_radical_component,radical=禾,radix,review_packets/8105_full/8105_full_no_legacy_standardizer.csv,query=8105_full_1547;candidate=8105_full_0765,standard_derived,PASS_FROM_P0_MANIFEST,,,,,,BLINDED_TO_PRIOR_APPROVALS; VERIFY_FROM_SOURCE_AND_RECORD_POSITIVE_NEGATIVE_OR_EXCLUDE
P1_EXT_009,健,U+5065,侗,U+4F97,shared_radical_component,radical=亻,radix,review_packets/8105_full/8105_full_no_legacy_standardizer.csv,query=8105_full_1969;candidate=8105_full_3957,standard_derived,PASS_FROM_P0_MANIFEST,,,,,,BLINDED_TO_PRIOR_APPROVALS; VERIFY_FROM_SOURCE_AND_RECORD_POSITIVE_NEGATIVE_OR_EXCLUDE
P1_EXT_010,笞,U+7B1E,简,U+7B80,shared_radical_component,radical=⺮,radix,review_packets/8105_full/8105_full_no_legacy_standardizer.csv,query=8105_full_4903;candidate=8105_full_2954,standard_derived,PASS_FROM_P0_MANIFEST,,,,,,BLINDED_TO_PRIOR_APPROVALS; VERIFY_FROM_SOURCE_AND_RECORD_POSITIVE_NEGATIVE_OR_EXCLUDE
P1_EXT_011,骛,U+9A9B,骣,U+9AA3,shared_radical_component,radical=马,radix,review_packets/8105_full/8105_full_no_legacy_standardizer.csv,query=8105_full_5327;candidate=8105_full_6024,standard_derived,PASS_FROM_P0_MANIFEST,,,,,,BLINDED_TO_PRIOR_APPROVALS; VERIFY_FROM_SOURCE_AND_RECORD_POSITIVE_NEGATIVE_OR_EXCLUDE
P1_EXT_012,酵,U+9175,酏,U+914F,shared_radical_component,radical=酉,radix,review_packets/8105_full/8105_full_no_legacy_standardizer.csv,query=8105_full_3086;candidate=8105_full_6966,standard_derived,PASS_FROM_P0_MANIFEST,,,,,,BLINDED_TO_PRIOR_APPROVALS; VERIFY_FROM_SOURCE_AND_RECORD_POSITIVE_NEGATIVE_OR_EXCLUDE
P1_EXT_013,茚,U+831A,茵,U+8335,shared_radical_component,radical=艹,radix,review_packets/8105_full/8105_full_no_legacy_standardizer.csv,query=8105_full_3866;candidate=8105_full_1410,standard_derived,PASS_FROM_P0_MANIFEST,,,,,,BLINDED_TO_PRIOR_APPROVALS; VERIFY_FROM_SOURCE_AND_RECORD_POSITIVE_NEGATIVE_OR_EXCLUDE
P1_EXT_014,耗,U+8017,耜,U+801C,shared_radical_component,radical=耒,radix,review_packets/8105_full/8105_full_no_legacy_standardizer.csv,query=8105_full_1768;candidate=8105_full_4710,standard_derived,PASS_FROM_P0_MANIFEST,,,,,,BLINDED_TO_PRIOR_APPROVALS; VERIFY_FROM_SOURCE_AND_RECORD_POSITIVE_NEGATIVE_OR_EXCLUDE
P1_EXT_015,蠡,U+8821,蝾,U+877E,shared_radical_component,radical=虫,radix,review_packets/8105_full/8105_full_no_legacy_standardizer.csv,query=8105_full_6463;candidate=8105_full_5921,standard_derived,PASS_FROM_P0_MANIFEST,,,,,,BLINDED_TO_PRIOR_APPROVALS; VERIFY_FROM_SOURCE_AND_RECORD_POSITIVE_NEGATIVE_OR_EXCLUDE
P1_EXT_016,鞮,U+97AE,靳,U+9773,shared_radical_component,radical=革,radix,review_packets/8105_full/8105_full_no_legacy_standardizer.csv,query=8105_full_7986;candidate=8105_full_5371,standard_derived,PASS_FROM_P0_MANIFEST,,,,,,BLINDED_TO_PRIOR_APPROVALS; VERIFY_FROM_SOURCE_AND_RECORD_POSITIVE_NEGATIVE_OR_EXCLUDE
P1_EXT_017,瞰,U+77B0,省,U+7701,shared_radical_component,radical=目,radix,review_packets/8105_full/8105_full_no_legacy_standardizer.csv,query=8105_full_6086;candidate=8105_full_1474,standard_derived,PASS_FROM_P0_MANIFEST,,,,,,BLINDED_TO_PRIOR_APPROVALS; VERIFY_FROM_SOURCE_AND_RECORD_POSITIVE_NEGATIVE_OR_EXCLUDE
P1_EXT_018,媳,U+5AB3,姜,U+59DC,shared_radical_component,radical=女,radix,review_packets/8105_full/8105_full_no_legacy_standardizer.csv,query=8105_full_3039;candidate=8105_full_1643,standard_derived,PASS_FROM_P0_MANIFEST,,,,,,BLINDED_TO_PRIOR_APPROVALS; VERIFY_FROM_SOURCE_AND_RECORD_POSITIVE_NEGATIVE_OR_EXCLUDE
P1_EXT_019,汤,U+6C64,泪,U+6CEA,shared_radical_component,radical=氵,radix,review_packets/8105_full/8105_full_no_legacy_standardizer.csv,query=8105_full_0542;candidate=8105_full_1246,standard_derived,PASS_FROM_P0_MANIFEST,,,,,,BLINDED_TO_PRIOR_APPROVALS; VERIFY_FROM_SOURCE_AND_RECORD_POSITIVE_NEGATIVE_OR_EXCLUDE
P1_EXT_020,龊,U+9F8A,龇,U+9F87,shared_radical_component,radical=齿,radix,review_packets/8105_full/8105_full_no_legacy_standardizer.csv,query=8105_full_5900;candidate=8105_full_5690,standard_derived,PASS_FROM_P0_MANIFEST,,,,,,BLINDED_TO_PRIOR_APPROVALS; VERIFY_FROM_SOURCE_AND_RECORD_POSITIVE_NEGATIVE_OR_EXCLUDE
P1_EXT_021,突,U+7A81,窿,U+7ABF,shared_radical_component,radical=穴,radix,review_packets/8105_full/8105_full_no_legacy_standardizer.csv,query=8105_full_1700;candidate=8105_full_3383,standard_derived,PASS_FROM_P0_MANIFEST,,,,,,BLINDED_TO_PRIOR_APPROVALS; VERIFY_FROM_SOURCE_AND_RECORD_POSITIVE_NEGATIVE_OR_EXCLUDE
P1_EXT_022,椐,U+6910,杞,U+675E,shared_radical_component,radical=木,radix,review_packets/8105_full/8105_full_no_legacy_standardizer.csv,query=8105_full_5105;candidate=8105_full_3680,standard_derived,PASS_FROM_P0_MANIFEST,,,,,,BLINDED_TO_PRIOR_APPROVALS; VERIFY_FROM_SOURCE_AND_RECORD_POSITIVE_NEGATIVE_OR_EXCLUDE
P1_EXT_023,扯,U+626F,播,U+64AD,shared_radical_component,radical=扌,radix,review_packets/8105_full/8105_full_no_legacy_standardizer.csv,query=8105_full_0624;candidate=8105_full_3199,standard_derived,PASS_FROM_P0_MANIFEST,,,,,,BLINDED_TO_PRIOR_APPROVALS; VERIFY_FROM_SOURCE_AND_RECORD_POSITIVE_NEGATIVE_OR_EXCLUDE
P1_EXT_024,聘,U+8058,聋,U+804B,shared_radical_component,radical=耳,radix,review_packets/8105_full/8105_full_no_legacy_standardizer.csv,query=8105_full_2845;candidate=8105_full_2245,standard_derived,PASS_FROM_P0_MANIFEST,,,,,,BLINDED_TO_PRIOR_APPROVALS; VERIFY_FROM_SOURCE_AND_RECORD_POSITIVE_NEGATIVE_OR_EXCLUDE
P1_EXT_025,槜,U+69DC,杞,U+675E,shared_radical_component,radical=木,radix,review_packets/8105_full/8105_full_no_legacy_standardizer.csv,query=8105_full_7651;candidate=8105_full_3680,standard_derived,PASS_FROM_P0_MANIFEST,,,,,,BLINDED_TO_PRIOR_APPROVALS; VERIFY_FROM_SOURCE_AND_RECORD_POSITIVE_NEGATIVE_OR_EXCLUDE
P1_EXT_026,脐,U+8110,脘,U+8118,shared_radical_component,radical=⺼,radix,review_packets/8105_full/8105_full_no_legacy_standardizer.csv,query=8105_full_1999;candidate=8105_full_4922,standard_derived,PASS_FROM_P0_MANIFEST,,,,,,BLINDED_TO_PRIOR_APPROVALS; VERIFY_FROM_SOURCE_AND_RECORD_POSITIVE_NEGATIVE_OR_EXCLUDE
P1_EXT_027,缝,U+7F1D,缰,U+7F30,shared_radical_component,radical=纟,radix,review_packets/8105_full/8105_full_no_legacy_standardizer.csv,query=8105_full_3045;candidate=8105_full_3386,standard_derived,PASS_FROM_P0_MANIFEST,,,,,,BLINDED_TO_PRIOR_APPROVALS; VERIFY_FROM_SOURCE_AND_RECORD_POSITIVE_NEGATIVE_OR_EXCLUDE
P1_EXT_028,佤,U+4F64,侗,U+4F97,shared_radical_component,radical=亻,radix,review_packets/8105_full/8105_full_no_legacy_standardizer.csv,query=8105_full_3605;candidate=8105_full_3957,standard_derived,PASS_FROM_P0_MANIFEST,,,,,,BLINDED_TO_PRIOR_APPROVALS; VERIFY_FROM_SOURCE_AND_RECORD_POSITIVE_NEGATIVE_OR_EXCLUDE
P1_EXT_029,鼾,U+9F3E,鼻,U+9F3B,shared_radical_component,radical=鼻,radix,review_packets/8105_full/8105_full_no_legacy_standardizer.csv,query=8105_full_6264;candidate=8105_full_3128,standard_derived,PASS_FROM_P0_MANIFEST,,,,,,BLINDED_TO_PRIOR_APPROVALS; VERIFY_FROM_SOURCE_AND_RECORD_POSITIVE_NEGATIVE_OR_EXCLUDE
P1_EXT_030,勋,U+52CB,劭,U+52AD,shared_radical_component,radical=力,radix,review_packets/8105_full/8105_full_no_legacy_standardizer.csv,query=8105_full_1506;candidate=8105_full_3817,standard_derived,PASS_FROM_P0_MANIFEST,,,,,,BLINDED_TO_PRIOR_APPROVALS; VERIFY_FROM_SOURCE_AND_RECORD_POSITIVE_NEGATIVE_OR_EXCLUDE
P1_EXT_031,蜇,U+8707,蝾,U+877E,shared_radical_component,radical=虫,radix,review_packets/8105_full/8105_full_no_legacy_standardizer.csv,query=8105_full_5356;candidate=8105_full_5921,standard_derived,PASS_FROM_P0_MANIFEST,,,,,,BLINDED_TO_PRIOR_APPROVALS; VERIFY_FROM_SOURCE_AND_RECORD_POSITIVE_NEGATIVE_OR_EXCLUDE
P1_EXT_032,佘,U+4F58,会,U+4F1A,shared_radical_component,radical=人,radix,review_packets/8105_full/8105_full_no_legacy_standardizer.csv,query=8105_full_3737;candidate=8105_full_0486,standard_derived,PASS_FROM_P0_MANIFEST,,,,,,BLINDED_TO_PRIOR_APPROVALS; VERIFY_FROM_SOURCE_AND_RECORD_POSITIVE_NEGATIVE_OR_EXCLUDE
P1_EXT_033,耙,U+8019,耜,U+801C,shared_radical_component,radical=耒,radix,review_packets/8105_full/8105_full_no_legacy_standardizer.csv,query=8105_full_1769;candidate=8105_full_4710,standard_derived,PASS_FROM_P0_MANIFEST,,,,,,BLINDED_TO_PRIOR_APPROVALS; VERIFY_FROM_SOURCE_AND_RECORD_POSITIVE_NEGATIVE_OR_EXCLUDE
P1_EXT_034,诈,U+8BC8,评,U+8BC4,shared_radical_component,radical=讠,radix,review_packets/8105_full/8105_full_no_legacy_standardizer.csv,query=8105_full_0893;candidate=8105_full_0887,standard_derived,PASS_FROM_P0_MANIFEST,,,,,,BLINDED_TO_PRIOR_APPROVALS; VERIFY_FROM_SOURCE_AND_RECORD_POSITIVE_NEGATIVE_OR_EXCLUDE
P1_EXT_035,调,U+8C03,评,U+8BC4,shared_radical_component,radical=讠,radix,review_packets/8105_full/8105_full_no_legacy_standardizer.csv,query=8105_full_2123;candidate=8105_full_0887,standard_derived,PASS_FROM_P0_MANIFEST,,,,,,BLINDED_TO_PRIOR_APPROVALS; VERIFY_FROM_SOURCE_AND_RECORD_POSITIVE_NEGATIVE_OR_EXCLUDE
P1_EXT_036,菪,U+83EA,茵,U+8335,shared_radical_component,radical=艹,radix,review_packets/8105_full/8105_full_no_legacy_standardizer.csv,query=8105_full_4764;candidate=8105_full_1410,standard_derived,PASS_FROM_P0_MANIFEST,,,,,,BLINDED_TO_PRIOR_APPROVALS; VERIFY_FROM_SOURCE_AND_RECORD_POSITIVE_NEGATIVE_OR_EXCLUDE
P1_EXT_037,弦,U+5F26,弘,U+5F18,shared_radical_component,radical=弓,radix,review_packets/8105_full/8105_full_no_legacy_standardizer.csv,query=8105_full_1314;candidate=8105_full_0329,standard_derived,PASS_FROM_P0_MANIFEST,,,,,,BLINDED_TO_PRIOR_APPROVALS; VERIFY_FROM_SOURCE_AND_RECORD_POSITIVE_NEGATIVE_OR_EXCLUDE
P1_EXT_038,颡,U+98A1,颁,U+9881,shared_radical_component,radical=页,radix,review_packets/8105_full/8105_full_no_legacy_standardizer.csv,query=8105_full_6191;candidate=8105_full_1990,standard_derived,PASS_FROM_P0_MANIFEST,,,,,,BLINDED_TO_PRIOR_APPROVALS; VERIFY_FROM_SOURCE_AND_RECORD_POSITIVE_NEGATIVE_OR_EXCLUDE
P1_EXT_039,镦,U+9566,镴,U+9574,shared_radical_component,radical=钅,radix,review_packets/8105_full/8105_full_no_legacy_standardizer.csv,query=8105_full_6248;candidate=8105_full_6436,standard_derived,PASS_FROM_P0_MANIFEST,,,,,,BLINDED_TO_PRIOR_APPROVALS; VERIFY_FROM_SOURCE_AND_RECORD_POSITIVE_NEGATIVE_OR_EXCLUDE
P1_EXT_040,幔,U+5E54,帙,U+5E19,shared_radical_component,radical=巾,radix,review_packets/8105_full/8105_full_no_legacy_standardizer.csv,query=8105_full_5725;candidate=8105_full_3927,standard_derived,PASS_FROM_P0_MANIFEST,,,,,,BLINDED_TO_PRIOR_APPROVALS; VERIFY_FROM_SOURCE_AND_RECORD_POSITIVE_NEGATIVE_OR_EXCLUDE
P1_EXT_041,风,U+98CE,飙,U+98D9,shared_radical_component,radical=风,radix,review_packets/8105_full/8105_full_no_legacy_standardizer.csv,query=8105_full_0154;candidate=8105_full_6074,standard_derived,PASS_FROM_P0_MANIFEST,,,,,,BLINDED_TO_PRIOR_APPROVALS; VERIFY_FROM_SOURCE_AND_RECORD_POSITIVE_NEGATIVE_OR_EXCLUDE
P1_EXT_042,泱,U+6CF1,泪,U+6CEA,shared_radical_component,radical=氵,radix,review_packets/8105_full/8105_full_no_legacy_standardizer.csv,query=8105_full_4013;candidate=8105_full_1246,standard_derived,PASS_FROM_P0_MANIFEST,,,,,,BLINDED_TO_PRIOR_APPROVALS; VERIFY_FROM_SOURCE_AND_RECORD_POSITIVE_NEGATIVE_OR_EXCLUDE
P1_EXT_043,隐,U+9690,陞,U+965E,shared_radical_component,radical=阝,radix,review_packets/8105_full/8105_full_no_legacy_standardizer.csv,query=8105_full_2480;candidate=8105_full_6909,standard_derived,PASS_FROM_P0_MANIFEST,,,,,,BLINDED_TO_PRIOR_APPROVALS; VERIFY_FROM_SOURCE_AND_RECORD_POSITIVE_NEGATIVE_OR_EXCLUDE
P1_EXT_044,粕,U+7C95,精,U+7CBE,shared_radical_component,radical=米,radix,review_packets/8105_full/8105_full_no_legacy_standardizer.csv,query=8105_full_4954;candidate=8105_full_3153,standard_derived,PASS_FROM_P0_MANIFEST,,,,,,BLINDED_TO_PRIOR_APPROVALS; VERIFY_FROM_SOURCE_AND_RECORD_POSITIVE_NEGATIVE_OR_EXCLUDE
P1_EXT_045,帆,U+5E06,帙,U+5E19,shared_radical_component,radical=巾,radix,review_packets/8105_full/8105_full_no_legacy_standardizer.csv,query=8105_full_0437;candidate=8105_full_3927,standard_derived,PASS_FROM_P0_MANIFEST,,,,,,BLINDED_TO_PRIOR_APPROVALS; VERIFY_FROM_SOURCE_AND_RECORD_POSITIVE_NEGATIVE_OR_EXCLUDE
P1_EXT_046,起,U+8D77,趣,U+8DA3,shared_radical_component,radical=走,radix,review_packets/8105_full/8105_full_no_legacy_standardizer.csv,query=8105_full_1789;candidate=8105_full_3194,standard_derived,PASS_FROM_P0_MANIFEST,,,,,,BLINDED_TO_PRIOR_APPROVALS; VERIFY_FROM_SOURCE_AND_RECORD_POSITIVE_NEGATIVE_OR_EXCLUDE
P1_EXT_047,洋,U+6D0B,泪,U+6CEA,shared_radical_component,radical=氵,radix,review_packets/8105_full/8105_full_no_legacy_standardizer.csv,query=8105_full_1679;candidate=8105_full_1246,standard_derived,PASS_FROM_P0_MANIFEST,,,,,,BLINDED_TO_PRIOR_APPROVALS; VERIFY_FROM_SOURCE_AND_RECORD_POSITIVE_NEGATIVE_OR_EXCLUDE
P1_EXT_048,阕,U+9615,阈,U+9608,shared_radical_component,radical=门,radix,review_packets/8105_full/8105_full_no_legacy_standardizer.csv,query=8105_full_5268;candidate=8105_full_4946,standard_derived,PASS_FROM_P0_MANIFEST,,,,,,BLINDED_TO_PRIOR_APPROVALS; VERIFY_FROM_SOURCE_AND_RECORD_POSITIVE_NEGATIVE_OR_EXCLUDE
P1_EXT_049,鬒,U+9B12,鬓,U+9B13,shared_radical_component,radical=髟,radix,review_packets/8105_full/8105_full_no_legacy_standardizer.csv,query=8105_full_8051;candidate=8105_full_3473,standard_derived,PASS_FROM_P0_MANIFEST,,,,,,BLINDED_TO_PRIOR_APPROVALS; VERIFY_FROM_SOURCE_AND_RECORD_POSITIVE_NEGATIVE_OR_EXCLUDE
P1_EXT_050,钜,U+949C,镴,U+9574,shared_radical_component,radical=钅,radix,review_packets/8105_full/8105_full_no_legacy_standardizer.csv,query=8105_full_6845;candidate=8105_full_6436,standard_derived,PASS_FROM_P0_MANIFEST,,,,,,BLINDED_TO_PRIOR_APPROVALS; VERIFY_FROM_SOURCE_AND_RECORD_POSITIVE_NEGATIVE_OR_EXCLUDE
P1_EXT_051,靠,U+9760,辈,U+8F88,shared_radical_component,radical=非,radix,review_packets/8105_full/8105_full_no_legacy_standardizer.csv,query=8105_full_3259;candidate=8105_full_2602,standard_derived,PASS_FROM_P0_MANIFEST,,,,,,BLINDED_TO_PRIOR_APPROVALS; VERIFY_FROM_SOURCE_AND_RECORD_POSITIVE_NEGATIVE_OR_EXCLUDE
P1_EXT_052,佰,U+4F70,侗,U+4F97,shared_radical_component,radical=亻,radix,review_packets/8105_full/8105_full_no_legacy_standardizer.csv,query=8105_full_3952;candidate=8105_full_3957,standard_derived,PASS_FROM_P0_MANIFEST,,,,,,BLINDED_TO_PRIOR_APPROVALS; VERIFY_FROM_SOURCE_AND_RECORD_POSITIVE_NEGATIVE_OR_EXCLUDE
P1_EXT_053,幂,U+5E42,冥,U+51A5,shared_radical_component,radical=冖,radix,review_packets/8105_full/8105_full_no_legacy_standardizer.csv,query=8105_full_5311;candidate=8105_full_2121,standard_derived,PASS_FROM_P0_MANIFEST,,,,,,BLINDED_TO_PRIOR_APPROVALS; VERIFY_FROM_SOURCE_AND_RECORD_POSITIVE_NEGATIVE_OR_EXCLUDE
P1_EXT_054,犟,U+729F,犊,U+728A,shared_radical_component,radical=牛,radix,review_packets/8105_full/8105_full_no_legacy_standardizer.csv,query=8105_full_6188;candidate=8105_full_5196,standard_derived,PASS_FROM_P0_MANIFEST,,,,,,BLINDED_TO_PRIOR_APPROVALS; VERIFY_FROM_SOURCE_AND_RECORD_POSITIVE_NEGATIVE_OR_EXCLUDE
P1_EXT_055,睐,U+7750,省,U+7701,shared_radical_component,radical=目,radix,review_packets/8105_full/8105_full_no_legacy_standardizer.csv,query=8105_full_2612;candidate=8105_full_1474,standard_derived,PASS_FROM_P0_MANIFEST,,,,,,BLINDED_TO_PRIOR_APPROVALS; VERIFY_FROM_SOURCE_AND_RECORD_POSITIVE_NEGATIVE_OR_EXCLUDE
P1_EXT_056,靡,U+9761,靠,U+9760,shared_radical_component,radical=非,radix,review_packets/8105_full/8105_full_no_legacy_standardizer.csv,query=8105_full_3466;candidate=8105_full_3259,standard_derived,PASS_FROM_P0_MANIFEST,,,,,,BLINDED_TO_PRIOR_APPROVALS; VERIFY_FROM_SOURCE_AND_RECORD_POSITIVE_NEGATIVE_OR_EXCLUDE
P1_EXT_057,绡,U+7EE1,缰,U+7F30,shared_radical_component,radical=纟,radix,review_packets/8105_full/8105_full_no_legacy_standardizer.csv,query=8105_full_4701;candidate=8105_full_3386,standard_derived,PASS_FROM_P0_MANIFEST,,,,,,BLINDED_TO_PRIOR_APPROVALS; VERIFY_FROM_SOURCE_AND_RECORD_POSITIVE_NEGATIVE_OR_EXCLUDE
P1_EXT_058,萸,U+8438,茵,U+8335,shared_radical_component,radical=艹,radix,review_packets/8105_full/8105_full_no_legacy_standardizer.csv,query=8105_full_4755;candidate=8105_full_1410,standard_derived,PASS_FROM_P0_MANIFEST,,,,,,BLINDED_TO_PRIOR_APPROVALS; VERIFY_FROM_SOURCE_AND_RECORD_POSITIVE_NEGATIVE_OR_EXCLUDE
P1_EXT_059,籽,U+7C7D,精,U+7CBE,shared_radical_component,radical=米,radix,review_packets/8105_full/8105_full_no_legacy_standardizer.csv,query=8105_full_1648;candidate=8105_full_3153,standard_derived,PASS_FROM_P0_MANIFEST,,,,,,BLINDED_TO_PRIOR_APPROVALS; VERIFY_FROM_SOURCE_AND_RECORD_POSITIVE_NEGATIVE_OR_EXCLUDE
P1_EXT_060,棂,U+68C2,杞,U+675E,shared_radical_component,radical=木,radix,review_packets/8105_full/8105_full_no_legacy_standardizer.csv,query=8105_full_4779;candidate=8105_full_3680,standard_derived,PASS_FROM_P0_MANIFEST,,,,,,BLINDED_TO_PRIOR_APPROVALS; VERIFY_FROM_SOURCE_AND_RECORD_POSITIVE_NEGATIVE_OR_EXCLUDE
P1_EXT_061,狯,U+72EF,独,U+72EC,shared_radical_component,radical=犭,radix,review_packets/8105_full/8105_full_no_legacy_standardizer.csv,query=8105_full_4292;candidate=8105_full_1602,standard_derived,PASS_FROM_P0_MANIFEST,,,,,,BLINDED_TO_PRIOR_APPROVALS; VERIFY_FROM_SOURCE_AND_RECORD_POSITIVE_NEGATIVE_OR_EXCLUDE
P1_EXT_062,纴,U+7EB4,缰,U+7F30,shared_radical_component,radical=纟,radix,review_packets/8105_full/8105_full_no_legacy_standardizer.csv,query=8105_full_3823;candidate=8105_full_3386,standard_derived,PASS_FROM_P0_MANIFEST,,,,,,BLINDED_TO_PRIOR_APPROVALS; VERIFY_FROM_SOURCE_AND_RECORD_POSITIVE_NEGATIVE_OR_EXCLUDE
P1_EXT_063,央,U+592E,套,U+5957,shared_radical_component,radical=大,radix,review_packets/8105_full/8105_full_no_legacy_standardizer.csv,query=8105_full_0249;candidate=8105_full_1869,standard_derived,PASS_FROM_P0_MANIFEST,,,,,,BLINDED_TO_PRIOR_APPROVALS; VERIFY_FROM_SOURCE_AND_RECORD_POSITIVE_NEGATIVE_OR_EXCLUDE
P1_EXT_064,滚,U+6EDA,泪,U+6CEA,shared_radical_component,radical=氵,radix,review_packets/8105_full/8105_full_no_legacy_standardizer.csv,query=8105_full_3015;candidate=8105_full_1246,standard_derived,PASS_FROM_P0_MANIFEST,,,,,,BLINDED_TO_PRIOR_APPROVALS; VERIFY_FROM_SOURCE_AND_RECORD_POSITIVE_NEGATIVE_OR_EXCLUDE
P1_EXT_065,侠,U+4FA0,侗,U+4F97,shared_radical_component,radical=亻,radix,review_packets/8105_full/8105_full_no_legacy_standardizer.csv,query=8105_full_1141;candidate=8105_full_3957,standard_derived,PASS_FROM_P0_MANIFEST,,,,,,BLINDED_TO_PRIOR_APPROVALS; VERIFY_FROM_SOURCE_AND_RECORD_POSITIVE_NEGATIVE_OR_EXCLUDE
P1_EXT_066,粑,U+7C91,精,U+7CBE,shared_radical_component,radical=米,radix,review_packets/8105_full/8105_full_no_legacy_standardizer.csv,query=8105_full_4634;candidate=8105_full_3153,standard_derived,PASS_FROM_P0_MANIFEST,,,,,,BLINDED_TO_PRIOR_APPROVALS; VERIFY_FROM_SOURCE_AND_RECORD_POSITIVE_NEGATIVE_OR_EXCLUDE
P1_EXT_067,筮,U+7B6E,简,U+7B80,shared_radical_component,radical=⺮,radix,review_packets/8105_full/8105_full_no_legacy_standardizer.csv,query=8105_full_5502;candidate=8105_full_2954,standard_derived,PASS_FROM_P0_MANIFEST,,,,,,BLINDED_TO_PRIOR_APPROVALS; VERIFY_FROM_SOURCE_AND_RECORD_POSITIVE_NEGATIVE_OR_EXCLUDE
P1_EXT_068,奖,U+5956,套,U+5957,shared_radical_component,radical=大,radix,review_packets/8105_full/8105_full_no_legacy_standardizer.csv,query=8105_full_1618;candidate=8105_full_1869,standard_derived,PASS_FROM_P0_MANIFEST,,,,,,BLINDED_TO_PRIOR_APPROVALS; VERIFY_FROM_SOURCE_AND_RECORD_POSITIVE_NEGATIVE_OR_EXCLUDE
P1_EXT_069,啫,U+556B,啼,U+557C,shared_radical_component,radical=口,radix,review_packets/8105_full/8105_full_no_legacy_standardizer.csv,query=8105_full_7156;candidate=8105_full_2645,standard_derived,PASS_FROM_P0_MANIFEST,,,,,,BLINDED_TO_PRIOR_APPROVALS; VERIFY_FROM_SOURCE_AND_RECORD_POSITIVE_NEGATIVE_OR_EXCLUDE
P1_EXT_070,侔,U+4F94,侗,U+4F97,shared_radical_component,radical=亻,radix,review_packets/8105_full/8105_full_no_legacy_standardizer.csv,query=8105_full_3969;candidate=8105_full_3957,standard_derived,PASS_FROM_P0_MANIFEST,,,,,,BLINDED_TO_PRIOR_APPROVALS; VERIFY_FROM_SOURCE_AND_RECORD_POSITIVE_NEGATIVE_OR_EXCLUDE
P1_EXT_071,龆,U+9F86,龇,U+9F87,shared_radical_component,radical=齿,radix,review_packets/8105_full/8105_full_no_legacy_standardizer.csv,query=8105_full_7514;candidate=8105_full_5690,standard_derived,PASS_FROM_P0_MANIFEST,,,,,,BLINDED_TO_PRIOR_APPROVALS; VERIFY_FROM_SOURCE_AND_RECORD_POSITIVE_NEGATIVE_OR_EXCLUDE
P1_EXT_072,趄,U+8D84,趣,U+8DA3,shared_radical_component,radical=走,radix,review_packets/8105_full/8105_full_no_legacy_standardizer.csv,query=8105_full_5065;candidate=8105_full_3194,standard_derived,PASS_FROM_P0_MANIFEST,,,,,,BLINDED_TO_PRIOR_APPROVALS; VERIFY_FROM_SOURCE_AND_RECORD_POSITIVE_NEGATIVE_OR_EXCLUDE
P1_EXT_073,郄,U+90C4,陞,U+965E,shared_radical_component,radical=阝,radix,review_packets/8105_full/8105_full_no_legacy_standardizer.csv,query=8105_full_3972;candidate=8105_full_6909,standard_derived,PASS_FROM_P0_MANIFEST,,,,,,BLINDED_TO_PRIOR_APPROVALS; VERIFY_FROM_SOURCE_AND_RECORD_POSITIVE_NEGATIVE_OR_EXCLUDE
P1_EXT_074,汴,U+6C74,泪,U+6CEA,shared_radical_component,radical=氵,radix,review_packets/8105_full/8105_full_no_legacy_standardizer.csv,query=8105_full_3778;candidate=8105_full_1246,standard_derived,PASS_FROM_P0_MANIFEST,,,,,,BLINDED_TO_PRIOR_APPROVALS; VERIFY_FROM_SOURCE_AND_RECORD_POSITIVE_NEGATIVE_OR_EXCLUDE
P1_EXT_075,闷,U+95F7,阈,U+9608,shared_radical_component,radical=门,radix,review_packets/8105_full/8105_full_no_legacy_standardizer.csv,query=8105_full_0848;candidate=8105_full_4946,standard_derived,PASS_FROM_P0_MANIFEST,,,,,,BLINDED_TO_PRIOR_APPROVALS; VERIFY_FROM_SOURCE_AND_RECORD_POSITIVE_NEGATIVE_OR_EXCLUDE
P1_EXT_076,铋,U+94CB,镴,U+9574,shared_radical_component,radical=钅,radix,review_packets/8105_full/8105_full_no_legacy_standardizer.csv,query=8105_full_4543;candidate=8105_full_6436,standard_derived,PASS_FROM_P0_MANIFEST,,,,,,BLINDED_TO_PRIOR_APPROVALS; VERIFY_FROM_SOURCE_AND_RECORD_POSITIVE_NEGATIVE_OR_EXCLUDE
P1_EXT_077,铨,U+94E8,镴,U+9574,shared_radical_component,radical=钅,radix,review_packets/8105_full/8105_full_no_legacy_standardizer.csv,query=8105_full_4876;candidate=8105_full_6436,standard_derived,PASS_FROM_P0_MANIFEST,,,,,,BLINDED_TO_PRIOR_APPROVALS; VERIFY_FROM_SOURCE_AND_RECORD_POSITIVE_NEGATIVE_OR_EXCLUDE
P1_EXT_078,袭,U+88AD,龛,U+9F9B,shared_radical_component,radical=龙,radix,review_packets/8105_full/8105_full_no_legacy_standardizer.csv,query=8105_full_2246;candidate=8105_full_4919,standard_derived,PASS_FROM_P0_MANIFEST,,,,,,BLINDED_TO_PRIOR_APPROVALS; VERIFY_FROM_SOURCE_AND_RECORD_POSITIVE_NEGATIVE_OR_EXCLUDE
P1_EXT_079,嘌,U+560C,啼,U+557C,shared_radical_component,radical=口,radix,review_packets/8105_full/8105_full_no_legacy_standardizer.csv,query=8105_full_5697;candidate=8105_full_2645,standard_derived,PASS_FROM_P0_MANIFEST,,,,,,BLINDED_TO_PRIOR_APPROVALS; VERIFY_FROM_SOURCE_AND_RECORD_POSITIVE_NEGATIVE_OR_EXCLUDE
P1_EXT_080,局,U+5C40,履,U+5C65,shared_radical_component,radical=尸,radix,review_packets/8105_full/8105_full_no_legacy_standardizer.csv,query=8105_full_0907;candidate=8105_full_3312,standard_derived,PASS_FROM_P0_MANIFEST,,,,,,BLINDED_TO_PRIOR_APPROVALS; VERIFY_FROM_SOURCE_AND_RECORD_POSITIVE_NEGATIVE_OR_EXCLUDE
P1_EXT_081,锔,U+9514,镴,U+9574,shared_radical_component,radical=钅,radix,review_packets/8105_full/8105_full_no_legacy_standardizer.csv,query=8105_full_5189;candidate=8105_full_6436,standard_derived,PASS_FROM_P0_MANIFEST,,,,,,BLINDED_TO_PRIOR_APPROVALS; VERIFY_FROM_SOURCE_AND_RECORD_POSITIVE_NEGATIVE_OR_EXCLUDE
P1_EXT_082,吩,U+5429,啼,U+557C,shared_radical_component,radical=口,radix,review_packets/8105_full/8105_full_no_legacy_standardizer.csv,query=8105_full_0741;candidate=8105_full_2645,standard_derived,PASS_FROM_P0_MANIFEST,,,,,,BLINDED_TO_PRIOR_APPROVALS; VERIFY_FROM_SOURCE_AND_RECORD_POSITIVE_NEGATIVE_OR_EXCLUDE
P1_EXT_083,鳀,U+9CC0,鲳,U+9CB3,shared_radical_component,radical=鱼,radix,review_packets/8105_full/8105_full_no_legacy_standardizer.csv,query=8105_full_6278;candidate=8105_full_6142,standard_derived,PASS_FROM_P0_MANIFEST,,,,,,BLINDED_TO_PRIOR_APPROVALS; VERIFY_FROM_SOURCE_AND_RECORD_POSITIVE_NEGATIVE_OR_EXCLUDE
P1_EXT_084,佐,U+4F50,侗,U+4F97,shared_radical_component,radical=亻,radix,review_packets/8105_full/8105_full_no_legacy_standardizer.csv,query=8105_full_0772;candidate=8105_full_3957,standard_derived,PASS_FROM_P0_MANIFEST,,,,,,BLINDED_TO_PRIOR_APPROVALS; VERIFY_FROM_SOURCE_AND_RECORD_POSITIVE_NEGATIVE_OR_EXCLUDE
P1_EXT_085,姗,U+59D7,姜,U+59DC,shared_radical_component,radical=女,radix,review_packets/8105_full/8105_full_no_legacy_standardizer.csv,query=8105_full_4066;candidate=8105_full_1643,standard_derived,PASS_FROM_P0_MANIFEST,,,,,,BLINDED_TO_PRIOR_APPROVALS; VERIFY_FROM_SOURCE_AND_RECORD_POSITIVE_NEGATIVE_OR_EXCLUDE
P1_EXT_086,甯,U+752F,甭,U+752D,shared_radical_component,radical=用,radix,review_packets/8105_full/8105_full_no_legacy_standardizer.csv,query=8105_full_7442;candidate=8105_full_4164,standard_derived,PASS_FROM_P0_MANIFEST,,,,,,BLINDED_TO_PRIOR_APPROVALS; VERIFY_FROM_SOURCE_AND_RECORD_POSITIVE_NEGATIVE_OR_EXCLUDE
P1_EXT_087,评,U+8BC4,谦,U+8C26,shared_radical_component,radical=讠,radix,review_packets/8105_full/8105_full_no_legacy_standardizer.csv,query=8105_full_0887;candidate=8105_full_2798,standard_derived,PASS_FROM_P0_MANIFEST,,,,,,BLINDED_TO_PRIOR_APPROVALS; VERIFY_FROM_SOURCE_AND_RECORD_POSITIVE_NEGATIVE_OR_EXCLUDE
P1_EXT_088,莜,U+839C,茵,U+8335,shared_radical_component,radical=艹,radix,review_packets/8105_full/8105_full_no_legacy_standardizer.csv,query=8105_full_4434;candidate=8105_full_1410,standard_derived,PASS_FROM_P0_MANIFEST,,,,,,BLINDED_TO_PRIOR_APPROVALS; VERIFY_FROM_SOURCE_AND_RECORD_POSITIVE_NEGATIVE_OR_EXCLUDE
P1_EXT_089,蔫,U+852B,茵,U+8335,shared_radical_component,radical=艹,radix,review_packets/8105_full/8105_full_no_legacy_standardizer.csv,query=8105_full_5643;candidate=8105_full_1410,standard_derived,PASS_FROM_P0_MANIFEST,,,,,,BLINDED_TO_PRIOR_APPROVALS; VERIFY_FROM_SOURCE_AND_RECORD_POSITIVE_NEGATIVE_OR_EXCLUDE
P1_EXT_090,绐,U+7ED0,缰,U+7F30,shared_radical_component,radical=纟,radix,review_packets/8105_full/8105_full_no_legacy_standardizer.csv,query=8105_full_6754;candidate=8105_full_3386,standard_derived,PASS_FROM_P0_MANIFEST,,,,,,BLINDED_TO_PRIOR_APPROVALS; VERIFY_FROM_SOURCE_AND_RECORD_POSITIVE_NEGATIVE_OR_EXCLUDE
P1_EXT_091,菇,U+83C7,茵,U+8335,shared_radical_component,radical=艹,radix,review_packets/8105_full/8105_full_no_legacy_standardizer.csv,query=8105_full_2218;candidate=8105_full_1410,standard_derived,PASS_FROM_P0_MANIFEST,,,,,,BLINDED_TO_PRIOR_APPROVALS; VERIFY_FROM_SOURCE_AND_RECORD_POSITIVE_NEGATIVE_OR_EXCLUDE
P1_EXT_092,衅,U+8845,血,U+8840,shared_radical_component,radical=血,radix,review_packets/8105_full/8105_full_no_legacy_standardizer.csv,query=8105_full_2338;candidate=8105_full_0479,standard_derived,PASS_FROM_P0_MANIFEST,,,,,,BLINDED_TO_PRIOR_APPROVALS; VERIFY_FROM_SOURCE_AND_RECORD_POSITIVE_NEGATIVE_OR_EXCLUDE
P1_EXT_093,屐,U+5C50,履,U+5C65,shared_radical_component,radical=尸,radix,review_packets/8105_full/8105_full_no_legacy_standardizer.csv,query=8105_full_4679;candidate=8105_full_3312,standard_derived,PASS_FROM_P0_MANIFEST,,,,,,BLINDED_TO_PRIOR_APPROVALS; VERIFY_FROM_SOURCE_AND_RECORD_POSITIVE_NEGATIVE_OR_EXCLUDE
P1_EXT_094,跣,U+8DE3,趴,U+8DB4,shared_radical_component,radical=足,radix,review_packets/8105_full/8105_full_no_legacy_standardizer.csv,query=8105_full_5456;candidate=8105_full_1493,standard_derived,PASS_FROM_P0_MANIFEST,,,,,,BLINDED_TO_PRIOR_APPROVALS; VERIFY_FROM_SOURCE_AND_RECORD_POSITIVE_NEGATIVE_OR_EXCLUDE
P1_EXT_095,桁,U+6841,杞,U+675E,shared_radical_component,radical=木,radix,review_packets/8105_full/8105_full_no_legacy_standardizer.csv,query=8105_full_4458;candidate=8105_full_3680,standard_derived,PASS_FROM_P0_MANIFEST,,,,,,BLINDED_TO_PRIOR_APPROVALS; VERIFY_FROM_SOURCE_AND_RECORD_POSITIVE_NEGATIVE_OR_EXCLUDE
P1_EXT_096,羽,U+7FBD,翕,U+7FD5,shared_radical_component,radical=羽,radix,review_packets/8105_full/8105_full_no_legacy_standardizer.csv,query=8105_full_0585;candidate=8105_full_5222,standard_derived,PASS_FROM_P0_MANIFEST,,,,,,BLINDED_TO_PRIOR_APPROVALS; VERIFY_FROM_SOURCE_AND_RECORD_POSITIVE_NEGATIVE_OR_EXCLUDE
P1_EXT_097,度,U+5EA6,庞,U+5E9E,shared_radical_component,radical=广,radix,review_packets/8105_full/8105_full_no_legacy_standardizer.csv,query=8105_full_1622;candidate=8105_full_1207,standard_derived,PASS_FROM_P0_MANIFEST,,,,,,BLINDED_TO_PRIOR_APPROVALS; VERIFY_FROM_SOURCE_AND_RECORD_POSITIVE_NEGATIVE_OR_EXCLUDE
P1_EXT_098,捍,U+634D,播,U+64AD,shared_radical_component,radical=扌,radix,review_packets/8105_full/8105_full_no_legacy_standardizer.csv,query=8105_full_1792;candidate=8105_full_3199,standard_derived,PASS_FROM_P0_MANIFEST,,,,,,BLINDED_TO_PRIOR_APPROVALS; VERIFY_FROM_SOURCE_AND_RECORD_POSITIVE_NEGATIVE_OR_EXCLUDE
P1_EXT_099,哑,U+54D1,啼,U+557C,shared_radical_component,radical=口,radix,review_packets/8105_full/8105_full_no_legacy_standardizer.csv,query=8105_full_1484;candidate=8105_full_2645,standard_derived,PASS_FROM_P0_MANIFEST,,,,,,BLINDED_TO_PRIOR_APPROVALS; VERIFY_FROM_SOURCE_AND_RECORD_POSITIVE_NEGATIVE_OR_EXCLUDE
P1_EXT_100,谀,U+8C00,评,U+8BC4,shared_radical_component,radical=讠,radix,review_packets/8105_full/8105_full_no_legacy_standardizer.csv,query=8105_full_4675;candidate=8105_full_0887,standard_derived,PASS_FROM_P0_MANIFEST,,,,,,BLINDED_TO_PRIOR_APPROVALS; VERIFY_FROM_SOURCE_AND_RECORD_POSITIVE_NEGATIVE_OR_EXCLUDE
P1_EXT_101,果,U+679C,杞,U+675E,shared_radical_component,radical=木,radix,review_packets/8105_full/8105_full_no_legacy_standardizer.csv,query=8105_full_1079;candidate=8105_full_3680,standard_derived,PASS_FROM_P0_MANIFEST,,,,,,BLINDED_TO_PRIOR_APPROVALS; VERIFY_FROM_SOURCE_AND_RECORD_POSITIVE_NEGATIVE_OR_EXCLUDE
P1_EXT_102,确,U+786E,砬,U+782C,shared_radical_component,radical=石,radix,review_packets/8105_full/8105_full_no_legacy_standardizer.csv,query=8105_full_2591;candidate=8105_full_6971,standard_derived,PASS_FROM_P0_MANIFEST,,,,,,BLINDED_TO_PRIOR_APPROVALS; VERIFY_FROM_SOURCE_AND_RECORD_POSITIVE_NEGATIVE_OR_EXCLUDE
P1_EXT_103,昌,U+660C,暧,U+66A7,shared_radical_component,radical=日,radix,review_packets/8105_full/8105_full_no_legacy_standardizer.csv,query=8105_full_1084;candidate=8105_full_5700,standard_derived,PASS_FROM_P0_MANIFEST,,,,,,BLINDED_TO_PRIOR_APPROVALS; VERIFY_FROM_SOURCE_AND_RECORD_POSITIVE_NEGATIVE_OR_EXCLUDE
P1_EXT_104,餮,U+992E,餐,U+9910,shared_radical_component,radical=食,radix,review_packets/8105_full/8105_full_no_legacy_standardizer.csv,query=8105_full_6327;candidate=8105_full_3341,standard_derived,PASS_FROM_P0_MANIFEST,,,,,,BLINDED_TO_PRIOR_APPROVALS; VERIFY_FROM_SOURCE_AND_RECORD_POSITIVE_NEGATIVE_OR_EXCLUDE
P1_EXT_105,牯,U+726F,犊,U+728A,shared_radical_component,radical=牛,radix,review_packets/8105_full/8105_full_no_legacy_standardizer.csv,query=8105_full_4249;candidate=8105_full_5196,standard_derived,PASS_FROM_P0_MANIFEST,,,,,,BLINDED_TO_PRIOR_APPROVALS; VERIFY_FROM_SOURCE_AND_RECORD_POSITIVE_NEGATIVE_OR_EXCLUDE
P1_EXT_106,锊,U+950A,镴,U+9574,shared_radical_component,radical=钅,radix,review_packets/8105_full/8105_full_no_legacy_standardizer.csv,query=8105_full_7379;candidate=8105_full_6436,standard_derived,PASS_FROM_P0_MANIFEST,,,,,,BLINDED_TO_PRIOR_APPROVALS; VERIFY_FROM_SOURCE_AND_RECORD_POSITIVE_NEGATIVE_OR_EXCLUDE
P1_EXT_107,尤,U+5C24,尥,U+5C25,shared_radical_component,radical=尢,radix,review_packets/8105_full/8105_full_no_legacy_standardizer.csv,query=8105_full_0098;candidate=8105_full_3589,standard_derived,PASS_FROM_P0_MANIFEST,,,,,,BLINDED_TO_PRIOR_APPROVALS; VERIFY_FROM_SOURCE_AND_RECORD_POSITIVE_NEGATIVE_OR_EXCLUDE
P1_EXT_108,犁,U+7281,犊,U+728A,shared_radical_component,radical=牛,radix,review_packets/8105_full/8105_full_no_legacy_standardizer.csv,query=8105_full_2314;candidate=8105_full_5196,standard_derived,PASS_FROM_P0_MANIFEST,,,,,,BLINDED_TO_PRIOR_APPROVALS; VERIFY_FROM_SOURCE_AND_RECORD_POSITIVE_NEGATIVE_OR_EXCLUDE
P1_EXT_109,缈,U+7F08,缰,U+7F30,shared_radical_component,radical=纟,radix,review_packets/8105_full/8105_full_no_legacy_standardizer.csv,query=8105_full_5333;candidate=8105_full_3386,standard_derived,PASS_FROM_P0_MANIFEST,,,,,,BLINDED_TO_PRIOR_APPROVALS; VERIFY_FROM_SOURCE_AND_RECORD_POSITIVE_NEGATIVE_OR_EXCLUDE
P1_EXT_110,俎,U+4FCE,会,U+4F1A,shared_radical_component,radical=人,radix,review_packets/8105_full/8105_full_no_legacy_standardizer.csv,query=8105_full_4274;candidate=8105_full_0486,standard_derived,PASS_FROM_P0_MANIFEST,,,,,,BLINDED_TO_PRIOR_APPROVALS; VERIFY_FROM_SOURCE_AND_RECORD_POSITIVE_NEGATIVE_OR_EXCLUDE
P1_EXT_111,黍,U+9ECD,黏,U+9ECF,shared_radical_component,radical=黍,radix,review_packets/8105_full/8105_full_no_legacy_standardizer.csv,query=8105_full_5202;candidate=8105_full_6254,standard_derived,PASS_FROM_P0_MANIFEST,,,,,,BLINDED_TO_PRIOR_APPROVALS; VERIFY_FROM_SOURCE_AND_RECORD_POSITIVE_NEGATIVE_OR_EXCLUDE
P1_EXT_112,河,U+6CB3,泪,U+6CEA,shared_radical_component,radical=氵,radix,review_packets/8105_full/8105_full_no_legacy_standardizer.csv,query=8105_full_1244;candidate=8105_full_1246,standard_derived,PASS_FROM_P0_MANIFEST,,,,,,BLINDED_TO_PRIOR_APPROVALS; VERIFY_FROM_SOURCE_AND_RECORD_POSITIVE_NEGATIVE_OR_EXCLUDE
P1_EXT_113,逑,U+9011,迷,U+8FF7,shared_radical_component,radical=辶,radix,review_packets/8105_full/8105_full_no_legacy_standardizer.csv,query=8105_full_4464;candidate=8105_full_1647,standard_derived,PASS_FROM_P0_MANIFEST,,,,,,BLINDED_TO_PRIOR_APPROVALS; VERIFY_FROM_SOURCE_AND_RECORD_POSITIVE_NEGATIVE_OR_EXCLUDE
P1_EXT_114,鸵,U+9E35,鸹,U+9E39,shared_radical_component,radical=鸟,radix,review_packets/8105_full/8105_full_no_legacy_standardizer.csv,query=8105_full_2008;candidate=8105_full_4890,standard_derived,PASS_FROM_P0_MANIFEST,,,,,,BLINDED_TO_PRIOR_APPROVALS; VERIFY_FROM_SOURCE_AND_RECORD_POSITIVE_NEGATIVE_OR_EXCLUDE
P1_EXT_115,茕,U+8315,茵,U+8335,shared_radical_component,radical=艹,radix,review_packets/8105_full/8105_full_no_legacy_standardizer.csv,query=8105_full_3871;candidate=8105_full_1410,standard_derived,PASS_FROM_P0_MANIFEST,,,,,,BLINDED_TO_PRIOR_APPROVALS; VERIFY_FROM_SOURCE_AND_RECORD_POSITIVE_NEGATIVE_OR_EXCLUDE
P1_EXT_116,脑,U+8111,脘,U+8118,shared_radical_component,radical=⺼,radix,review_packets/8105_full/8105_full_no_legacy_standardizer.csv,query=8105_full_2001;candidate=8105_full_4922,standard_derived,PASS_FROM_P0_MANIFEST,,,,,,BLINDED_TO_PRIOR_APPROVALS; VERIFY_FROM_SOURCE_AND_RECORD_POSITIVE_NEGATIVE_OR_EXCLUDE
P1_EXT_117,我,U+6211,戚,U+621A,shared_radical_component,radical=戈,radix,review_packets/8105_full/8105_full_no_legacy_standardizer.csv,query=8105_full_0761;candidate=8105_full_2239,standard_derived,PASS_FROM_P0_MANIFEST,,,,,,BLINDED_TO_PRIOR_APPROVALS; VERIFY_FROM_SOURCE_AND_RECORD_POSITIVE_NEGATIVE_OR_EXCLUDE
P1_EXT_118,匙,U+5319,化,U+5316,shared_radical_component,radical=匕,radix,review_packets/8105_full/8105_full_no_legacy_standardizer.csv,query=8105_full_2259;candidate=8105_full_0132,standard_derived,PASS_FROM_P0_MANIFEST,,,,,,BLINDED_TO_PRIOR_APPROVALS; VERIFY_FROM_SOURCE_AND_RECORD_POSITIVE_NEGATIVE_OR_EXCLUDE
P1_EXT_119,眶,U+7736,省,U+7701,shared_radical_component,radical=目,radix,review_packets/8105_full/8105_full_no_legacy_standardizer.csv,query=8105_full_2258;candidate=8105_full_1474,standard_derived,PASS_FROM_P0_MANIFEST,,,,,,BLINDED_TO_PRIOR_APPROVALS; VERIFY_FROM_SOURCE_AND_RECORD_POSITIVE_NEGATIVE_OR_EXCLUDE
P1_EXT_120,惶,U+60F6,懊,U+61CA,shared_radical_component,radical=忄,radix,review_packets/8105_full/8105_full_no_legacy_standardizer.csv,query=8105_full_2775;candidate=8105_full_3302,standard_derived,PASS_FROM_P0_MANIFEST,,,,,,BLINDED_TO_PRIOR_APPROVALS; VERIFY_FROM_SOURCE_AND_RECORD_POSITIVE_NEGATIVE_OR_EXCLUDE
P1_EXT_121,读,U+8BFB,评,U+8BC4,shared_radical_component,radical=讠,radix,review_packets/8105_full/8105_full_no_legacy_standardizer.csv,query=8105_full_2112;candidate=8105_full_0887,standard_derived,PASS_FROM_P0_MANIFEST,,,,,,BLINDED_TO_PRIOR_APPROVALS; VERIFY_FROM_SOURCE_AND_RECORD_POSITIVE_NEGATIVE_OR_EXCLUDE
P1_EXT_122,胨,U+80E8,脘,U+8118,shared_radical_component,radical=⺼,radix,review_packets/8105_full/8105_full_no_legacy_standardizer.csv,query=8105_full_4279;candidate=8105_full_4922,standard_derived,PASS_FROM_P0_MANIFEST,,,,,,BLINDED_TO_PRIOR_APPROVALS; VERIFY_FROM_SOURCE_AND_RECORD_POSITIVE_NEGATIVE_OR_EXCLUDE
P1_EXT_123,圆,U+5706,囿,U+56FF,shared_radical_component,radical=囗,radix,review_packets/8105_full/8105_full_no_legacy_standardizer.csv,query=8105_full_1922;candidate=8105_full_4219,standard_derived,PASS_FROM_P0_MANIFEST,,,,,,BLINDED_TO_PRIOR_APPROVALS; VERIFY_FROM_SOURCE_AND_RECORD_POSITIVE_NEGATIVE_OR_EXCLUDE
P1_EXT_124,刨,U+5228,刎,U+520E,shared_radical_component,radical=刂,radix,review_packets/8105_full/8105_full_no_legacy_standardizer.csv,query=8105_full_0821;candidate=8105_full_3616,standard_derived,PASS_FROM_P0_MANIFEST,,,,,,BLINDED_TO_PRIOR_APPROVALS; VERIFY_FROM_SOURCE_AND_RECORD_POSITIVE_NEGATIVE_OR_EXCLUDE
P1_EXT_125,剁,U+5241,刎,U+520E,shared_radical_component,radical=刂,radix,review_packets/8105_full/8105_full_no_legacy_standardizer.csv,query=8105_full_3982;candidate=8105_full_3616,standard_derived,PASS_FROM_P0_MANIFEST,,,,,,BLINDED_TO_PRIOR_APPROVALS; VERIFY_FROM_SOURCE_AND_RECORD_POSITIVE_NEGATIVE_OR_EXCLUDE
P1_EXT_126,擀,U+64C0,播,U+64AD,shared_radical_component,radical=扌,radix,review_packets/8105_full/8105_full_no_legacy_standardizer.csv,query=8105_full_6039;candidate=8105_full_3199,standard_derived,PASS_FROM_P0_MANIFEST,,,,,,BLINDED_TO_PRIOR_APPROVALS; VERIFY_FROM_SOURCE_AND_RECORD_POSITIVE_NEGATIVE_OR_EXCLUDE
P1_EXT_127,婢,U+5A62,姜,U+59DC,shared_radical_component,radical=女,radix,review_packets/8105_full/8105_full_no_legacy_standardizer.csv,query=8105_full_5020;candidate=8105_full_1643,standard_derived,PASS_FROM_P0_MANIFEST,,,,,,BLINDED_TO_PRIOR_APPROVALS; VERIFY_FROM_SOURCE_AND_RECORD_POSITIVE_NEGATIVE_OR_EXCLUDE
P1_EXT_128,樾,U+6A3E,杞,U+675E,shared_radical_component,radical=木,radix,review_packets/8105_full/8105_full_no_legacy_standardizer.csv,query=8105_full_6056;candidate=8105_full_3680,standard_derived,PASS_FROM_P0_MANIFEST,,,,,,BLINDED_TO_PRIOR_APPROVALS; VERIFY_FROM_SOURCE_AND_RECORD_POSITIVE_NEGATIVE_OR_EXCLUDE
P1_EXT_129,三,U+4E09,两,U+4E24,shared_radical_component,radical=一,radix,review_packets/8105_full/8105_full_no_legacy_standardizer.csv,query=8105_full_0022;candidate=8105_full_0697,standard_derived,PASS_FROM_P0_MANIFEST,,,,,,BLINDED_TO_PRIOR_APPROVALS; VERIFY_FROM_SOURCE_AND_RECORD_POSITIVE_NEGATIVE_OR_EXCLUDE
P1_EXT_130,犄,U+7284,犊,U+728A,shared_radical_component,radical=牛,radix,review_packets/8105_full/8105_full_no_legacy_standardizer.csv,query=8105_full_5197;candidate=8105_full_5196,standard_derived,PASS_FROM_P0_MANIFEST,,,,,,BLINDED_TO_PRIOR_APPROVALS; VERIFY_FROM_SOURCE_AND_RECORD_POSITIVE_NEGATIVE_OR_EXCLUDE
P1_EXT_131,咴,U+54B4,啼,U+557C,shared_radical_component,radical=口,radix,review_packets/8105_full/8105_full_no_legacy_standardizer.csv,query=8105_full_4197;candidate=8105_full_2645,standard_derived,PASS_FROM_P0_MANIFEST,,,,,,BLINDED_TO_PRIOR_APPROVALS; VERIFY_FROM_SOURCE_AND_RECORD_POSITIVE_NEGATIVE_OR_EXCLUDE
P1_EXT_132,锢,U+9522,镴,U+9574,shared_radical_component,radical=钅,radix,review_packets/8105_full/8105_full_no_legacy_standardizer.csv,query=8105_full_5488;candidate=8105_full_6436,standard_derived,PASS_FROM_P0_MANIFEST,,,,,,BLINDED_TO_PRIOR_APPROVALS; VERIFY_FROM_SOURCE_AND_RECORD_POSITIVE_NEGATIVE_OR_EXCLUDE
P1_EXT_133,鏊,U+93CA,錾,U+933E,shared_radical_component,radical=金,radix,review_packets/8105_full/8105_full_no_legacy_standardizer.csv,query=8105_full_6310;candidate=8105_full_6079,standard_derived,PASS_FROM_P0_MANIFEST,,,,,,BLINDED_TO_PRIOR_APPROVALS; VERIFY_FROM_SOURCE_AND_RECORD_POSITIVE_NEGATIVE_OR_EXCLUDE
P1_EXT_134,峪,U+5CEA,岍,U+5C8D,shared_radical_component,radical=山,radix,review_packets/8105_full/8105_full_no_legacy_standardizer.csv,query=8105_full_4524;candidate=8105_full_6593,standard_derived,PASS_FROM_P0_MANIFEST,,,,,,BLINDED_TO_PRIOR_APPROVALS; VERIFY_FROM_SOURCE_AND_RECORD_POSITIVE_NEGATIVE_OR_EXCLUDE
P1_EXT_135,稞,U+7A1E,秀,U+79C0,shared_radical_component,radical=禾,radix,review_packets/8105_full/8105_full_no_legacy_standardizer.csv,query=8105_full_5497;candidate=8105_full_0765,standard_derived,PASS_FROM_P0_MANIFEST,,,,,,BLINDED_TO_PRIOR_APPROVALS; VERIFY_FROM_SOURCE_AND_RECORD_POSITIVE_NEGATIVE_OR_EXCLUDE
P1_EXT_136,拂,U+62C2,播,U+64AD,shared_radical_component,radical=扌,radix,review_packets/8105_full/8105_full_no_legacy_standardizer.csv,query=8105_full_0986;candidate=8105_full_3199,standard_derived,PASS_FROM_P0_MANIFEST,,,,,,BLINDED_TO_PRIOR_APPROVALS; VERIFY_FROM_SOURCE_AND_RECORD_POSITIVE_NEGATIVE_OR_EXCLUDE
P1_EXT_137,煎,U+714E,焘,U+7118,shared_radical_component,radical=灬,radix,review_packets/8105_full/8105_full_no_legacy_standardizer.csv,query=8105_full_3000;candidate=8105_full_4711,standard_derived,PASS_FROM_P0_MANIFEST,,,,,,BLINDED_TO_PRIOR_APPROVALS; VERIFY_FROM_SOURCE_AND_RECORD_POSITIVE_NEGATIVE_OR_EXCLUDE
P1_EXT_138,舁,U+8201,舄,U+8204,shared_radical_component,radical=臼,radix,review_packets/8105_full/8105_full_no_legacy_standardizer.csv,query=8105_full_6855;candidate=8105_full_5210,standard_derived,PASS_FROM_P0_MANIFEST,,,,,,BLINDED_TO_PRIOR_APPROVALS; VERIFY_FROM_SOURCE_AND_RECORD_POSITIVE_NEGATIVE_OR_EXCLUDE
P1_EXT_139,缅,U+7F05,缰,U+7F30,shared_radical_component,radical=纟,radix,review_packets/8105_full/8105_full_no_legacy_standardizer.csv,query=8105_full_2814;candidate=8105_full_3386,standard_derived,PASS_FROM_P0_MANIFEST,,,,,,BLINDED_TO_PRIOR_APPROVALS; VERIFY_FROM_SOURCE_AND_RECORD_POSITIVE_NEGATIVE_OR_EXCLUDE
P1_EXT_140,鞒,U+9792,靳,U+9773,shared_radical_component,radical=革,radix,review_packets/8105_full/8105_full_no_legacy_standardizer.csv,query=8105_full_5873;candidate=8105_full_5371,standard_derived,PASS_FROM_P0_MANIFEST,,,,,,BLINDED_TO_PRIOR_APPROVALS; VERIFY_FROM_SOURCE_AND_RECORD_POSITIVE_NEGATIVE_OR_EXCLUDE
P1_EXT_141,芳,U+82B3,茵,U+8335,shared_radical_component,radical=艹,radix,review_packets/8105_full/8105_full_no_legacy_standardizer.csv,query=8105_full_0670;candidate=8105_full_1410,standard_derived,PASS_FROM_P0_MANIFEST,,,,,,BLINDED_TO_PRIOR_APPROVALS; VERIFY_FROM_SOURCE_AND_RECORD_POSITIVE_NEGATIVE_OR_EXCLUDE
P1_EXT_142,煜,U+715C,炖,U+7096,shared_radical_component,radical=火,radix,review_packets/8105_full/8105_full_no_legacy_standardizer.csv,query=8105_full_5560;candidate=8105_full_4005,standard_derived,PASS_FROM_P0_MANIFEST,,,,,,BLINDED_TO_PRIOR_APPROVALS; VERIFY_FROM_SOURCE_AND_RECORD_POSITIVE_NEGATIVE_OR_EXCLUDE
P1_EXT_143,惭,U+60ED,懊,U+61CA,shared_radical_component,radical=忄,radix,review_packets/8105_full/8105_full_no_legacy_standardizer.csv,query=8105_full_2440;candidate=8105_full_3302,standard_derived,PASS_FROM_P0_MANIFEST,,,,,,BLINDED_TO_PRIOR_APPROVALS; VERIFY_FROM_SOURCE_AND_RECORD_POSITIVE_NEGATIVE_OR_EXCLUDE
P1_EXT_144,滇,U+6EC7,泪,U+6CEA,shared_radical_component,radical=氵,radix,review_packets/8105_full/8105_full_no_legacy_standardizer.csv,query=8105_full_3007;candidate=8105_full_1246,standard_derived,PASS_FROM_P0_MANIFEST,,,,,,BLINDED_TO_PRIOR_APPROVALS; VERIFY_FROM_SOURCE_AND_RECORD_POSITIVE_NEGATIVE_OR_EXCLUDE
P1_EXT_145,堋,U+580B,埯,U+57EF,shared_radical_component,radical=土,radix,review_packets/8105_full/8105_full_no_legacy_standardizer.csv,query=8105_full_4729;candidate=8105_full_4718,standard_derived,PASS_FROM_P0_MANIFEST,,,,,,BLINDED_TO_PRIOR_APPROVALS; VERIFY_FROM_SOURCE_AND_RECORD_POSITIVE_NEGATIVE_OR_EXCLUDE
P1_EXT_146,卞,U+535E,卡,U+5361,shared_radical_component,radical=卜,radix,review_packets/8105_full/8105_full_no_legacy_standardizer.csv,query=8105_full_3521;candidate=8105_full_0226,standard_derived,PASS_FROM_P0_MANIFEST,,,,,,BLINDED_TO_PRIOR_APPROVALS; VERIFY_FROM_SOURCE_AND_RECORD_POSITIVE_NEGATIVE_OR_EXCLUDE
P1_EXT_147,殆,U+6B86,殒,U+6B92,shared_radical_component,radical=歹,radix,review_packets/8105_full/8105_full_no_legacy_standardizer.csv,query=8105_full_4177;candidate=8105_full_4802,standard_derived,PASS_FROM_P0_MANIFEST,,,,,,BLINDED_TO_PRIOR_APPROVALS; VERIFY_FROM_SOURCE_AND_RECORD_POSITIVE_NEGATIVE_OR_EXCLUDE
P1_EXT_148,肠,U+80A0,脘,U+8118,shared_radical_component,radical=⺼,radix,review_packets/8105_full/8105_full_no_legacy_standardizer.csv,query=8105_full_0807;candidate=8105_full_4922,standard_derived,PASS_FROM_P0_MANIFEST,,,,,,BLINDED_TO_PRIOR_APPROVALS; VERIFY_FROM_SOURCE_AND_RECORD_POSITIVE_NEGATIVE_OR_EXCLUDE
P1_EXT_149,窬,U+7AAC,窿,U+7ABF,shared_radical_component,radical=穴,radix,review_packets/8105_full/8105_full_no_legacy_standardizer.csv,query=8105_full_7734;candidate=8105_full_3383,standard_derived,PASS_FROM_P0_MANIFEST,,,,,,BLINDED_TO_PRIOR_APPROVALS; VERIFY_FROM_SOURCE_AND_RECORD_POSITIVE_NEGATIVE_OR_EXCLUDE
P1_EXT_150,瓶,U+74F6,甏,U+750F,shared_radical_component,radical=瓦,radix,review_packets/8105_full/8105_full_no_legacy_standardizer.csv,query=8105_full_2051;candidate=8105_full_6041,standard_derived,PASS_FROM_P0_MANIFEST,,,,,,BLINDED_TO_PRIOR_APPROVALS; VERIFY_FROM_SOURCE_AND_RECORD_POSITIVE_NEGATIVE_OR_EXCLUDE
P1_EXT_151,裰,U+88F0,褚,U+891A,shared_radical_component,radical=衤,radix,review_packets/8105_full/8105_full_no_legacy_standardizer.csv,query=8105_full_5600;candidate=8105_full_5597,standard_derived,PASS_FROM_P0_MANIFEST,,,,,,BLINDED_TO_PRIOR_APPROVALS; VERIFY_FROM_SOURCE_AND_RECORD_POSITIVE_NEGATIVE_OR_EXCLUDE
P1_EXT_152,侬,U+4FAC,侗,U+4F97,shared_radical_component,radical=亻,radix,review_packets/8105_full/8105_full_no_legacy_standardizer.csv,query=8105_full_3966;candidate=8105_full_3957,standard_derived,PASS_FROM_P0_MANIFEST,,,,,,BLINDED_TO_PRIOR_APPROVALS; VERIFY_FROM_SOURCE_AND_RECORD_POSITIVE_NEGATIVE_OR_EXCLUDE
P1_EXT_153,饪,U+996A,馓,U+9993,shared_radical_component,radical=饣,radix,review_packets/8105_full/8105_full_no_legacy_standardizer.csv,query=8105_full_3752;candidate=8105_full_5978,standard_derived,PASS_FROM_P0_MANIFEST,,,,,,BLINDED_TO_PRIOR_APPROVALS; VERIFY_FROM_SOURCE_AND_RECORD_POSITIVE_NEGATIVE_OR_EXCLUDE
P1_EXT_154,揸,U+63F8,播,U+64AD,shared_radical_component,radical=扌,radix,review_packets/8105_full/8105_full_no_legacy_standardizer.csv,query=8105_full_5062;candidate=8105_full_3199,standard_derived,PASS_FROM_P0_MANIFEST,,,,,,BLINDED_TO_PRIOR_APPROVALS; VERIFY_FROM_SOURCE_AND_RECORD_POSITIVE_NEGATIVE_OR_EXCLUDE
P1_EXT_155,廖,U+5ED6,庞,U+5E9E,shared_radical_component,radical=广,radix,review_packets/8105_full/8105_full_no_legacy_standardizer.csv,query=8105_full_5785;candidate=8105_full_1207,standard_derived,PASS_FROM_P0_MANIFEST,,,,,,BLINDED_TO_PRIOR_APPROVALS; VERIFY_FROM_SOURCE_AND_RECORD_POSITIVE_NEGATIVE_OR_EXCLUDE
P1_EXT_156,陨,U+9668,陞,U+965E,shared_radical_component,radical=阝,radix,review_packets/8105_full/8105_full_no_legacy_standardizer.csv,query=8105_full_1731;candidate=8105_full_6909,standard_derived,PASS_FROM_P0_MANIFEST,,,,,,BLINDED_TO_PRIOR_APPROVALS; VERIFY_FROM_SOURCE_AND_RECORD_POSITIVE_NEGATIVE_OR_EXCLUDE
P1_EXT_157,伐,U+4F10,侗,U+4F97,shared_radical_component,radical=亻,radix,review_packets/8105_full/8105_full_no_legacy_standardizer.csv,query=8105_full_0463;candidate=8105_full_3957,standard_derived,PASS_FROM_P0_MANIFEST,,,,,,BLINDED_TO_PRIOR_APPROVALS; VERIFY_FROM_SOURCE_AND_RECORD_POSITIVE_NEGATIVE_OR_EXCLUDE
P1_EXT_158,好,U+597D,姜,U+59DC,shared_radical_component,radical=女,radix,review_packets/8105_full/8105_full_no_legacy_standardizer.csv,query=8105_full_0581;candidate=8105_full_1643,standard_derived,PASS_FROM_P0_MANIFEST,,,,,,BLINDED_TO_PRIOR_APPROVALS; VERIFY_FROM_SOURCE_AND_RECORD_POSITIVE_NEGATIVE_OR_EXCLUDE
P1_EXT_159,旧,U+65E7,暧,U+66A7,shared_radical_component,radical=日,radix,review_packets/8105_full/8105_full_no_legacy_standardizer.csv,query=8105_full_0232;candidate=8105_full_5700,standard_derived,PASS_FROM_P0_MANIFEST,,,,,,BLINDED_TO_PRIOR_APPROVALS; VERIFY_FROM_SOURCE_AND_RECORD_POSITIVE_NEGATIVE_OR_EXCLUDE
P1_EXT_160,镈,U+9548,镴,U+9574,shared_radical_component,radical=钅,radix,review_packets/8105_full/8105_full_no_legacy_standardizer.csv,query=8105_full_7786;candidate=8105_full_6436,standard_derived,PASS_FROM_P0_MANIFEST,,,,,,BLINDED_TO_PRIOR_APPROVALS; VERIFY_FROM_SOURCE_AND_RECORD_POSITIVE_NEGATIVE_OR_EXCLUDE
P1_EXT_161,颌,U+988C,颁,U+9881,shared_radical_component,radical=页,radix,review_packets/8105_full/8105_full_no_legacy_standardizer.csv,query=8105_full_5221;candidate=8105_full_1990,standard_derived,PASS_FROM_P0_MANIFEST,,,,,,BLINDED_TO_PRIOR_APPROVALS; VERIFY_FROM_SOURCE_AND_RECORD_POSITIVE_NEGATIVE_OR_EXCLUDE
P1_EXT_162,噘,U+5658,啼,U+557C,shared_radical_component,radical=口,radix,review_packets/8105_full/8105_full_no_legacy_standardizer.csv,query=8105_full_5910;candidate=8105_full_2645,standard_derived,PASS_FROM_P0_MANIFEST,,,,,,BLINDED_TO_PRIOR_APPROVALS; VERIFY_FROM_SOURCE_AND_RECORD_POSITIVE_NEGATIVE_OR_EXCLUDE
P1_EXT_163,总,U+603B,恶,U+6076,shared_radical_component,radical=心,radix,review_packets/8105_full/8105_full_no_legacy_standardizer.csv,query=8105_full_1654;candidate=8105_full_1829,standard_derived,PASS_FROM_P0_MANIFEST,,,,,,BLINDED_TO_PRIOR_APPROVALS; VERIFY_FROM_SOURCE_AND_RECORD_POSITIVE_NEGATIVE_OR_EXCLUDE
P1_EXT_164,昨,U+6628,暧,U+66A7,shared_radical_component,radical=日,radix,review_packets/8105_full/8105_full_no_legacy_standardizer.csv,query=8105_full_1489;candidate=8105_full_5700,standard_derived,PASS_FROM_P0_MANIFEST,,,,,,BLINDED_TO_PRIOR_APPROVALS; VERIFY_FROM_SOURCE_AND_RECORD_POSITIVE_NEGATIVE_OR_EXCLUDE
P1_EXT_165,茯,U+832F,茵,U+8335,shared_radical_component,radical=艹,radix,review_packets/8105_full/8105_full_no_legacy_standardizer.csv,query=8105_full_4119;candidate=8105_full_1410,standard_derived,PASS_FROM_P0_MANIFEST,,,,,,BLINDED_TO_PRIOR_APPROVALS; VERIFY_FROM_SOURCE_AND_RECORD_POSITIVE_NEGATIVE_OR_EXCLUDE
P1_EXT_166,伫,U+4F2B,侗,U+4F97,shared_radical_component,radical=亻,radix,review_packets/8105_full/8105_full_no_legacy_standardizer.csv,query=8105_full_3610;candidate=8105_full_3957,standard_derived,PASS_FROM_P0_MANIFEST,,,,,,BLINDED_TO_PRIOR_APPROVALS; VERIFY_FROM_SOURCE_AND_RECORD_POSITIVE_NEGATIVE_OR_EXCLUDE
P1_EXT_167,拟,U+62DF,播,U+64AD,shared_radical_component,radical=扌,radix,review_packets/8105_full/8105_full_no_legacy_standardizer.csv,query=8105_full_0657;candidate=8105_full_3199,standard_derived,PASS_FROM_P0_MANIFEST,,,,,,BLINDED_TO_PRIOR_APPROVALS; VERIFY_FROM_SOURCE_AND_RECORD_POSITIVE_NEGATIVE_OR_EXCLUDE
P1_EXT_168,钉,U+9489,镴,U+9574,shared_radical_component,radical=钅,radix,review_packets/8105_full/8105_full_no_legacy_standardizer.csv,query=8105_full_0758;candidate=8105_full_6436,standard_derived,PASS_FROM_P0_MANIFEST,,,,,,BLINDED_TO_PRIOR_APPROVALS; VERIFY_FROM_SOURCE_AND_RECORD_POSITIVE_NEGATIVE_OR_EXCLUDE
P1_EXT_169,饥,U+9965,馓,U+9993,shared_radical_component,radical=饣,radix,review_packets/8105_full/8105_full_no_legacy_standardizer.csv,query=8105_full_0299;candidate=8105_full_5978,standard_derived,PASS_FROM_P0_MANIFEST,,,,,,BLINDED_TO_PRIOR_APPROVALS; VERIFY_FROM_SOURCE_AND_RECORD_POSITIVE_NEGATIVE_OR_EXCLUDE
P1_EXT_170,笪,U+7B2A,简,U+7B80,shared_radical_component,radical=⺮,radix,review_packets/8105_full/8105_full_no_legacy_standardizer.csv,query=8105_full_4896;candidate=8105_full_2954,standard_derived,PASS_FROM_P0_MANIFEST,,,,,,BLINDED_TO_PRIOR_APPROVALS; VERIFY_FROM_SOURCE_AND_RECORD_POSITIVE_NEGATIVE_OR_EXCLUDE
P1_EXT_171,糌,U+7CCC,精,U+7CBE,shared_radical_component,radical=米,radix,review_packets/8105_full/8105_full_no_legacy_standardizer.csv,query=8105_full_5991;candidate=8105_full_3153,standard_derived,PASS_FROM_P0_MANIFEST,,,,,,BLINDED_TO_PRIOR_APPROVALS; VERIFY_FROM_SOURCE_AND_RECORD_POSITIVE_NEGATIVE_OR_EXCLUDE
P1_EXT_172,防,U+9632,陞,U+965E,shared_radical_component,radical=阝,radix,review_packets/8105_full/8105_full_no_legacy_standardizer.csv,query=8105_full_0576;candidate=8105_full_6909,standard_derived,PASS_FROM_P0_MANIFEST,,,,,,BLINDED_TO_PRIOR_APPROVALS; VERIFY_FROM_SOURCE_AND_RECORD_POSITIVE_NEGATIVE_OR_EXCLUDE
P1_EXT_173,槭,U+69ED,杞,U+675E,shared_radical_component,radical=木,radix,review_packets/8105_full/8105_full_no_legacy_standardizer.csv,query=8105_full_5885;candidate=8105_full_3680,standard_derived,PASS_FROM_P0_MANIFEST,,,,,,BLINDED_TO_PRIOR_APPROVALS; VERIFY_FROM_SOURCE_AND_RECORD_POSITIVE_NEGATIVE_OR_EXCLUDE
P1_EXT_174,沫,U+6CAB,泪,U+6CEA,shared_radical_component,radical=氵,radix,review_packets/8105_full/8105_full_no_legacy_standardizer.csv,query=8105_full_1239;candidate=8105_full_1246,standard_derived,PASS_FROM_P0_MANIFEST,,,,,,BLINDED_TO_PRIOR_APPROVALS; VERIFY_FROM_SOURCE_AND_RECORD_POSITIVE_NEGATIVE_OR_EXCLUDE
P1_EXT_175,照,U+7167,焘,U+7118,shared_radical_component,radical=灬,radix,review_packets/8105_full/8105_full_no_legacy_standardizer.csv,query=8105_full_2911;candidate=8105_full_4711,standard_derived,PASS_FROM_P0_MANIFEST,,,,,,BLINDED_TO_PRIOR_APPROVALS; VERIFY_FROM_SOURCE_AND_RECORD_POSITIVE_NEGATIVE_OR_EXCLUDE
P1_EXT_176,寄,U+5BC4,宅,U+5B85,shared_radical_component,radical=宀,radix,review_packets/8105_full/8105_full_no_legacy_standardizer.csv,query=8105_full_2453;candidate=8105_full_0547,standard_derived,PASS_FROM_P0_MANIFEST,,,,,,BLINDED_TO_PRIOR_APPROVALS; VERIFY_FROM_SOURCE_AND_RECORD_POSITIVE_NEGATIVE_OR_EXCLUDE
P1_EXT_177,浒,U+6D52,泪,U+6CEA,shared_radical_component,radical=氵,radix,review_packets/8105_full/8105_full_no_legacy_standardizer.csv,query=8105_full_4345;candidate=8105_full_1246,standard_derived,PASS_FROM_P0_MANIFEST,,,,,,BLINDED_TO_PRIOR_APPROVALS; VERIFY_FROM_SOURCE_AND_RECORD_POSITIVE_NEGATIVE_OR_EXCLUDE
P1_EXT_178,拍,U+62CD,播,U+64AD,shared_radical_component,radical=扌,radix,review_packets/8105_full/8105_full_no_legacy_standardizer.csv,query=8105_full_0970;candidate=8105_full_3199,standard_derived,PASS_FROM_P0_MANIFEST,,,,,,BLINDED_TO_PRIOR_APPROVALS; VERIFY_FROM_SOURCE_AND_RECORD_POSITIVE_NEGATIVE_OR_EXCLUDE
P1_EXT_179,阀,U+9600,阈,U+9608,shared_radical_component,radical=门,radix,review_packets/8105_full/8105_full_no_legacy_standardizer.csv,query=8105_full_1638;candidate=8105_full_4946,standard_derived,PASS_FROM_P0_MANIFEST,,,,,,BLINDED_TO_PRIOR_APPROVALS; VERIFY_FROM_SOURCE_AND_RECORD_POSITIVE_NEGATIVE_OR_EXCLUDE
P1_EXT_180,验,U+9A8C,骣,U+9AA3,shared_radical_component,radical=马,radix,review_packets/8105_full/8105_full_no_legacy_standardizer.csv,query=8105_full_2152;candidate=8105_full_6024,standard_derived,PASS_FROM_P0_MANIFEST,,,,,,BLINDED_TO_PRIOR_APPROVALS; VERIFY_FROM_SOURCE_AND_RECORD_POSITIVE_NEGATIVE_OR_EXCLUDE
P1_EXT_181,邻,U+90BB,陞,U+965E,shared_radical_component,radical=阝,radix,review_packets/8105_full/8105_full_no_legacy_standardizer.csv,query=8105_full_0801;candidate=8105_full_6909,standard_derived,PASS_FROM_P0_MANIFEST,,,,,,BLINDED_TO_PRIOR_APPROVALS; VERIFY_FROM_SOURCE_AND_RECORD_POSITIVE_NEGATIVE_OR_EXCLUDE
P1_EXT_182,殄,U+6B84,殒,U+6B92,shared_radical_component,radical=歹,radix,review_packets/8105_full/8105_full_no_legacy_standardizer.csv,query=8105_full_4176;candidate=8105_full_4802,standard_derived,PASS_FROM_P0_MANIFEST,,,,,,BLINDED_TO_PRIOR_APPROVALS; VERIFY_FROM_SOURCE_AND_RECORD_POSITIVE_NEGATIVE_OR_EXCLUDE
P1_EXT_183,娉,U+5A09,姜,U+59DC,shared_radical_component,radical=女,radix,review_packets/8105_full/8105_full_no_legacy_standardizer.csv,query=8105_full_4690;candidate=8105_full_1643,standard_derived,PASS_FROM_P0_MANIFEST,,,,,,BLINDED_TO_PRIOR_APPROVALS; VERIFY_FROM_SOURCE_AND_RECORD_POSITIVE_NEGATIVE_OR_EXCLUDE
P1_EXT_184,埼,U+57FC,埯,U+57EF,shared_radical_component,radical=土,radix,review_packets/8105_full/8105_full_no_legacy_standardizer.csv,query=8105_full_7109;candidate=8105_full_4718,standard_derived,PASS_FROM_P0_MANIFEST,,,,,,BLINDED_TO_PRIOR_APPROVALS; VERIFY_FROM_SOURCE_AND_RECORD_POSITIVE_NEGATIVE_OR_EXCLUDE
P1_EXT_185,嵘,U+5D58,岍,U+5C8D,shared_radical_component,radical=山,radix,review_packets/8105_full/8105_full_no_legacy_standardizer.csv,query=8105_full_5163;candidate=8105_full_6593,standard_derived,PASS_FROM_P0_MANIFEST,,,,,,BLINDED_TO_PRIOR_APPROVALS; VERIFY_FROM_SOURCE_AND_RECORD_POSITIVE_NEGATIVE_OR_EXCLUDE
P1_EXT_186,绚,U+7EDA,缰,U+7F30,shared_radical_component,radical=纟,radix,review_packets/8105_full/8105_full_no_legacy_standardizer.csv,query=8105_full_1759;candidate=8105_full_3386,standard_derived,PASS_FROM_P0_MANIFEST,,,,,,BLINDED_TO_PRIOR_APPROVALS; VERIFY_FROM_SOURCE_AND_RECORD_POSITIVE_NEGATIVE_OR_EXCLUDE
P1_EXT_187,且,U+4E14,两,U+4E24,shared_radical_component,radical=一,radix,review_packets/8105_full/8105_full_no_legacy_standardizer.csv,query=8105_full_0237;candidate=8105_full_0697,standard_derived,PASS_FROM_P0_MANIFEST,,,,,,BLINDED_TO_PRIOR_APPROVALS; VERIFY_FROM_SOURCE_AND_RECORD_POSITIVE_NEGATIVE_OR_EXCLUDE
P1_EXT_188,孢,U+5B62,孚,U+5B5A,shared_radical_component,radical=子,radix,review_packets/8105_full/8105_full_no_legacy_standardizer.csv,query=8105_full_4061;candidate=8105_full_3739,standard_derived,PASS_FROM_P0_MANIFEST,,,,,,BLINDED_TO_PRIOR_APPROVALS; VERIFY_FROM_SOURCE_AND_RECORD_POSITIVE_NEGATIVE_OR_EXCLUDE
P1_EXT_189,瑚,U+745A,瑕,U+7455,shared_radical_component,radical=王,radix,review_packets/8105_full/8105_full_no_legacy_standardizer.csv,query=8105_full_5340;candidate=8105_full_5345,standard_derived,PASS_FROM_P0_MANIFEST,,,,,,BLINDED_TO_PRIOR_APPROVALS; VERIFY_FROM_SOURCE_AND_RECORD_POSITIVE_NEGATIVE_OR_EXCLUDE
P1_EXT_190,宾,U+5BBE,宅,U+5B85,shared_radical_component,radical=宀,radix,review_packets/8105_full/8105_full_no_legacy_standardizer.csv,query=8105_full_2102;candidate=8105_full_0547,standard_derived,PASS_FROM_P0_MANIFEST,,,,,,BLINDED_TO_PRIOR_APPROVALS; VERIFY_FROM_SOURCE_AND_RECORD_POSITIVE_NEGATIVE_OR_EXCLUDE
P1_EXT_191,图,U+56FE,囿,U+56FF,shared_radical_component,radical=囗,radix,review_packets/8105_full/8105_full_no_legacy_standardizer.csv,query=8105_full_1119;candidate=8105_full_4219,standard_derived,PASS_FROM_P0_MANIFEST,,,,,,BLINDED_TO_PRIOR_APPROVALS; VERIFY_FROM_SOURCE_AND_RECORD_POSITIVE_NEGATIVE_OR_EXCLUDE
P1_EXT_192,菅,U+83C5,茵,U+8335,shared_radical_component,radical=艹,radix,review_packets/8105_full/8105_full_no_legacy_standardizer.csv,query=8105_full_4765;candidate=8105_full_1410,standard_derived,PASS_FROM_P0_MANIFEST,,,,,,BLINDED_TO_PRIOR_APPROVALS; VERIFY_FROM_SOURCE_AND_RECORD_POSITIVE_NEGATIVE_OR_EXCLUDE
P1_EXT_193,婕,U+5A55,姜,U+59DC,shared_radical_component,radical=女,radix,review_packets/8105_full/8105_full_no_legacy_standardizer.csv,query=8105_full_5018;candidate=8105_full_1643,standard_derived,PASS_FROM_P0_MANIFEST,,,,,,BLINDED_TO_PRIOR_APPROVALS; VERIFY_FROM_SOURCE_AND_RECORD_POSITIVE_NEGATIVE_OR_EXCLUDE
P1_EXT_194,搞,U+641E,播,U+64AD,shared_radical_component,radical=扌,radix,review_packets/8105_full/8105_full_no_legacy_standardizer.csv,query=8105_full_2842;candidate=8105_full_3199,standard_derived,PASS_FROM_P0_MANIFEST,,,,,,BLINDED_TO_PRIOR_APPROVALS; VERIFY_FROM_SOURCE_AND_RECORD_POSITIVE_NEGATIVE_OR_EXCLUDE
P1_EXT_195,苒,U+82D2,茵,U+8335,shared_radical_component,radical=艹,radix,review_packets/8105_full/8105_full_no_legacy_standardizer.csv,query=8105_full_3861;candidate=8105_full_1410,standard_derived,PASS_FROM_P0_MANIFEST,,,,,,BLINDED_TO_PRIOR_APPROVALS; VERIFY_FROM_SOURCE_AND_RECORD_POSITIVE_NEGATIVE_OR_EXCLUDE
P1_EXT_196,润,U+6DA6,泪,U+6CEA,shared_radical_component,radical=氵,radix,review_packets/8105_full/8105_full_no_legacy_standardizer.csv,query=8105_full_2081;candidate=8105_full_1246,standard_derived,PASS_FROM_P0_MANIFEST,,,,,,BLINDED_TO_PRIOR_APPROVALS; VERIFY_FROM_SOURCE_AND_RECORD_POSITIVE_NEGATIVE_OR_EXCLUDE
P1_EXT_197,殛,U+6B9B,殒,U+6B92,shared_radical_component,radical=歹,radix,review_packets/8105_full/8105_full_no_legacy_standardizer.csv,query=8105_full_5114;candidate=8105_full_4802,standard_derived,PASS_FROM_P0_MANIFEST,,,,,,BLINDED_TO_PRIOR_APPROVALS; VERIFY_FROM_SOURCE_AND_RECORD_POSITIVE_NEGATIVE_OR_EXCLUDE
P1_EXT_198,肉,U+8089,腐,U+8150,shared_radical_component,radical=肉,radix,review_packets/8105_full/8105_full_no_legacy_standardizer.csv,query=8105_full_0443;candidate=8105_full_3144,standard_derived,PASS_FROM_P0_MANIFEST,,,,,,BLINDED_TO_PRIOR_APPROVALS; VERIFY_FROM_SOURCE_AND_RECORD_POSITIVE_NEGATIVE_OR_EXCLUDE
P1_EXT_199,秽,U+79FD,秀,U+79C0,shared_radical_component,radical=禾,radix,review_packets/8105_full/8105_full_no_legacy_standardizer.csv,query=8105_full_2315;candidate=8105_full_0765,standard_derived,PASS_FROM_P0_MANIFEST,,,,,,BLINDED_TO_PRIOR_APPROVALS; VERIFY_FROM_SOURCE_AND_RECORD_POSITIVE_NEGATIVE_OR_EXCLUDE
P1_EXT_200,拶,U+62F6,播,U+64AD,shared_radical_component,radical=扌,radix,review_packets/8105_full/8105_full_no_legacy_standardizer.csv,query=8105_full_6782;candidate=8105_full_3199,standard_derived,PASS_FROM_P0_MANIFEST,,,,,,BLINDED_TO_PRIOR_APPROVALS; VERIFY_FROM_SOURCE_AND_RECORD_POSITIVE_NEGATIVE_OR_EXCLUDE
P1_EXT_201,獬,U+736C,瑕,U+7455,same_reviewed_structure,candidate_structure_label=左右,struct,review_packets/8105_full/8105_full_no_legacy_standardizer.csv,query=8105_full_6149;candidate=8105_full_5345,standard_derived,PASS_FROM_P0_MANIFEST,,,,,,BLINDED_TO_PRIOR_APPROVALS; VERIFY_FROM_SOURCE_AND_RECORD_POSITIVE_NEGATIVE_OR_EXCLUDE
P1_EXT_202,铌,U+94CC,瑕,U+7455,same_reviewed_structure,candidate_structure_label=左右,struct,review_packets/8105_full/8105_full_no_legacy_standardizer.csv,query=8105_full_4544;candidate=8105_full_5345,standard_derived,PASS_FROM_P0_MANIFEST,,,,,,BLINDED_TO_PRIOR_APPROVALS; VERIFY_FROM_SOURCE_AND_RECORD_POSITIVE_NEGATIVE_OR_EXCLUDE
P1_EXT_203,色,U+8272,秀,U+79C0,same_reviewed_structure,candidate_structure_label=上下,struct,review_packets/8105_full/8105_full_no_legacy_standardizer.csv,query=8105_full_0509;candidate=8105_full_0765,standard_derived,PASS_FROM_P0_MANIFEST,,,,,,BLINDED_TO_PRIOR_APPROVALS; VERIFY_FROM_SOURCE_AND_RECORD_POSITIVE_NEGATIVE_OR_EXCLUDE
P1_EXT_204,喙,U+5599,瑕,U+7455,same_reviewed_structure,candidate_structure_label=左右,struct,review_packets/8105_full/8105_full_no_legacy_standardizer.csv,query=8105_full_5162;candidate=8105_full_5345,standard_derived,PASS_FROM_P0_MANIFEST,,,,,,BLINDED_TO_PRIOR_APPROVALS; VERIFY_FROM_SOURCE_AND_RECORD_POSITIVE_NEGATIVE_OR_EXCLUDE
P1_EXT_205,黯,U+9EEF,瑕,U+7455,same_reviewed_structure,candidate_structure_label=左右,struct,review_packets/8105_full/8105_full_no_legacy_standardizer.csv,query=8105_full_3493;candidate=8105_full_5345,standard_derived,PASS_FROM_P0_MANIFEST,,,,,,BLINDED_TO_PRIOR_APPROVALS; VERIFY_FROM_SOURCE_AND_RECORD_POSITIVE_NEGATIVE_OR_EXCLUDE
P1_EXT_206,艎,U+824E,瑕,U+7455,same_reviewed_structure,candidate_structure_label=左右,struct,review_packets/8105_full/8105_full_no_legacy_standardizer.csv,query=8105_full_7796;candidate=8105_full_5345,standard_derived,PASS_FROM_P0_MANIFEST,,,,,,BLINDED_TO_PRIOR_APPROVALS; VERIFY_FROM_SOURCE_AND_RECORD_POSITIVE_NEGATIVE_OR_EXCLUDE
P1_EXT_207,硒,U+7852,瑕,U+7455,same_reviewed_structure,candidate_structure_label=左右,struct,review_packets/8105_full/8105_full_no_legacy_standardizer.csv,query=8105_full_4791;candidate=8105_full_5345,standard_derived,PASS_FROM_P0_MANIFEST,,,,,,BLINDED_TO_PRIOR_APPROVALS; VERIFY_FROM_SOURCE_AND_RECORD_POSITIVE_NEGATIVE_OR_EXCLUDE
P1_EXT_208,季,U+5B63,秀,U+79C0,same_reviewed_structure,candidate_structure_label=上下,struct,review_packets/8105_full/8105_full_no_legacy_standardizer.csv,query=8105_full_1132;candidate=8105_full_0765,standard_derived,PASS_FROM_P0_MANIFEST,,,,,,BLINDED_TO_PRIOR_APPROVALS; VERIFY_FROM_SOURCE_AND_RECORD_POSITIVE_NEGATIVE_OR_EXCLUDE
P1_EXT_209,俾,U+4FFE,瑕,U+7455,same_reviewed_structure,candidate_structure_label=左右,struct,review_packets/8105_full/8105_full_no_legacy_standardizer.csv,query=8105_full_4572;candidate=8105_full_5345,standard_derived,PASS_FROM_P0_MANIFEST,,,,,,BLINDED_TO_PRIOR_APPROVALS; VERIFY_FROM_SOURCE_AND_RECORD_POSITIVE_NEGATIVE_OR_EXCLUDE
P1_EXT_210,绥,U+7EE5,瑕,U+7455,same_reviewed_structure,candidate_structure_label=左右,struct,review_packets/8105_full/8105_full_no_legacy_standardizer.csv,query=8105_full_4703;candidate=8105_full_5345,standard_derived,PASS_FROM_P0_MANIFEST,,,,,,BLINDED_TO_PRIOR_APPROVALS; VERIFY_FROM_SOURCE_AND_RECORD_POSITIVE_NEGATIVE_OR_EXCLUDE
P1_EXT_211,盛,U+76DB,秀,U+79C0,same_reviewed_structure,candidate_structure_label=上下,struct,review_packets/8105_full/8105_full_no_legacy_standardizer.csv,query=8105_full_2247;candidate=8105_full_0765,standard_derived,PASS_FROM_P0_MANIFEST,,,,,,BLINDED_TO_PRIOR_APPROVALS; VERIFY_FROM_SOURCE_AND_RECORD_POSITIVE_NEGATIVE_OR_EXCLUDE
P1_EXT_212,忞,U+5FDE,秀,U+79C0,same_reviewed_structure,candidate_structure_label=上下,struct,review_packets/8105_full/8105_full_no_legacy_standardizer.csv,query=8105_full_6715;candidate=8105_full_0765,standard_derived,PASS_FROM_P0_MANIFEST,,,,,,BLINDED_TO_PRIOR_APPROVALS; VERIFY_FROM_SOURCE_AND_RECORD_POSITIVE_NEGATIVE_OR_EXCLUDE
P1_EXT_213,幕,U+5E55,秀,U+79C0,same_reviewed_structure,candidate_structure_label=上下,struct,review_packets/8105_full/8105_full_no_legacy_standardizer.csv,query=8105_full_2854;candidate=8105_full_0765,standard_derived,PASS_FROM_P0_MANIFEST,,,,,,BLINDED_TO_PRIOR_APPROVALS; VERIFY_FROM_SOURCE_AND_RECORD_POSITIVE_NEGATIVE_OR_EXCLUDE
P1_EXT_214,渤,U+6E24,瑕,U+7455,same_reviewed_structure,candidate_structure_label=左右,struct,review_packets/8105_full/8105_full_no_legacy_standardizer.csv,query=8105_full_2754;candidate=8105_full_5345,standard_derived,PASS_FROM_P0_MANIFEST,,,,,,BLINDED_TO_PRIOR_APPROVALS; VERIFY_FROM_SOURCE_AND_RECORD_POSITIVE_NEGATIVE_OR_EXCLUDE
P1_EXT_215,恹,U+6079,瑕,U+7455,same_reviewed_structure,candidate_structure_label=左右,struct,review_packets/8105_full/8105_full_no_legacy_standardizer.csv,query=8105_full_4351;candidate=8105_full_5345,standard_derived,PASS_FROM_P0_MANIFEST,,,,,,BLINDED_TO_PRIOR_APPROVALS; VERIFY_FROM_SOURCE_AND_RECORD_POSITIVE_NEGATIVE_OR_EXCLUDE
P1_EXT_216,束,U+675F,木,U+6728,same_reviewed_structure,candidate_structure_label=镶嵌,struct,review_packets/8105_full/8105_full_no_legacy_standardizer.csv,query=8105_full_0694;candidate=8105_full_0087,standard_derived,PASS_FROM_P0_MANIFEST,,,,,,BLINDED_TO_PRIOR_APPROVALS; VERIFY_FROM_SOURCE_AND_RECORD_POSITIVE_NEGATIVE_OR_EXCLUDE
P1_EXT_217,瞽,U+77BD,秀,U+79C0,same_reviewed_structure,candidate_structure_label=上下,struct,review_packets/8105_full/8105_full_no_legacy_standardizer.csv,query=8105_full_6314;candidate=8105_full_0765,standard_derived,PASS_FROM_P0_MANIFEST,,,,,,BLINDED_TO_PRIOR_APPROVALS; VERIFY_FROM_SOURCE_AND_RECORD_POSITIVE_NEGATIVE_OR_EXCLUDE
P1_EXT_218,膻,U+81BB,瑕,U+7455,same_reviewed_structure,candidate_structure_label=左右,struct,review_packets/8105_full/8105_full_no_legacy_standardizer.csv,query=8105_full_6273;candidate=8105_full_5345,standard_derived,PASS_FROM_P0_MANIFEST,,,,,,BLINDED_TO_PRIOR_APPROVALS; VERIFY_FROM_SOURCE_AND_RECORD_POSITIVE_NEGATIVE_OR_EXCLUDE
P1_EXT_219,谴,U+8C34,瑕,U+7455,same_reviewed_structure,candidate_structure_label=左右,struct,review_packets/8105_full/8105_full_no_legacy_standardizer.csv,query=8105_full_3307;candidate=8105_full_5345,standard_derived,PASS_FROM_P0_MANIFEST,,,,,,BLINDED_TO_PRIOR_APPROVALS; VERIFY_FROM_SOURCE_AND_RECORD_POSITIVE_NEGATIVE_OR_EXCLUDE
P1_EXT_220,楣,U+6963,瑕,U+7455,same_reviewed_structure,candidate_structure_label=左右,struct,review_packets/8105_full/8105_full_no_legacy_standardizer.csv,query=8105_full_5406;candidate=8105_full_5345,standard_derived,PASS_FROM_P0_MANIFEST,,,,,,BLINDED_TO_PRIOR_APPROVALS; VERIFY_FROM_SOURCE_AND_RECORD_POSITIVE_NEGATIVE_OR_EXCLUDE
P1_EXT_221,嘞,U+561E,瑕,U+7455,same_reviewed_structure,candidate_structure_label=左右,struct,review_packets/8105_full/8105_full_no_legacy_standardizer.csv,query=8105_full_5695;candidate=8105_full_5345,standard_derived,PASS_FROM_P0_MANIFEST,,,,,,BLINDED_TO_PRIOR_APPROVALS; VERIFY_FROM_SOURCE_AND_RECORD_POSITIVE_NEGATIVE_OR_EXCLUDE
P1_EXT_222,打,U+6253,瑕,U+7455,same_reviewed_structure,candidate_structure_label=左右,struct,review_packets/8105_full/8105_full_no_legacy_standardizer.csv,query=8105_full_0196;candidate=8105_full_5345,standard_derived,PASS_FROM_P0_MANIFEST,,,,,,BLINDED_TO_PRIOR_APPROVALS; VERIFY_FROM_SOURCE_AND_RECORD_POSITIVE_NEGATIVE_OR_EXCLUDE
P1_EXT_223,狻,U+72FB,瑕,U+7455,same_reviewed_structure,candidate_structure_label=左右,struct,review_packets/8105_full/8105_full_no_legacy_standardizer.csv,query=8105_full_7037;candidate=8105_full_5345,standard_derived,PASS_FROM_P0_MANIFEST,,,,,,BLINDED_TO_PRIOR_APPROVALS; VERIFY_FROM_SOURCE_AND_RECORD_POSITIVE_NEGATIVE_OR_EXCLUDE
P1_EXT_224,嘬,U+562C,瑕,U+7455,same_reviewed_structure,candidate_structure_label=左右,struct,review_packets/8105_full/8105_full_no_legacy_standardizer.csv,query=8105_full_5930;candidate=8105_full_5345,standard_derived,PASS_FROM_P0_MANIFEST,,,,,,BLINDED_TO_PRIOR_APPROVALS; VERIFY_FROM_SOURCE_AND_RECORD_POSITIVE_NEGATIVE_OR_EXCLUDE
P1_EXT_225,贞,U+8D1E,秀,U+79C0,same_reviewed_structure,candidate_structure_label=上下,struct,review_packets/8105_full/8105_full_no_legacy_standardizer.csv,query=8105_full_0412;candidate=8105_full_0765,standard_derived,PASS_FROM_P0_MANIFEST,,,,,,BLINDED_TO_PRIOR_APPROVALS; VERIFY_FROM_SOURCE_AND_RECORD_POSITIVE_NEGATIVE_OR_EXCLUDE
P1_EXT_226,捡,U+6361,瑕,U+7455,same_reviewed_structure,candidate_structure_label=左右,struct,review_packets/8105_full/8105_full_no_legacy_standardizer.csv,query=8105_full_1804;candidate=8105_full_5345,standard_derived,PASS_FROM_P0_MANIFEST,,,,,,BLINDED_TO_PRIOR_APPROVALS; VERIFY_FROM_SOURCE_AND_RECORD_POSITIVE_NEGATIVE_OR_EXCLUDE
P1_EXT_227,锘,U+9518,瑕,U+7455,same_reviewed_structure,candidate_structure_label=左右,struct,review_packets/8105_full/8105_full_no_legacy_standardizer.csv,query=8105_full_7530;candidate=8105_full_5345,standard_derived,PASS_FROM_P0_MANIFEST,,,,,,BLINDED_TO_PRIOR_APPROVALS; VERIFY_FROM_SOURCE_AND_RECORD_POSITIVE_NEGATIVE_OR_EXCLUDE
P1_EXT_228,滔,U+6ED4,瑕,U+7455,same_reviewed_structure,candidate_structure_label=左右,struct,review_packets/8105_full/8105_full_no_legacy_standardizer.csv,query=8105_full_3011;candidate=8105_full_5345,standard_derived,PASS_FROM_P0_MANIFEST,,,,,,BLINDED_TO_PRIOR_APPROVALS; VERIFY_FROM_SOURCE_AND_RECORD_POSITIVE_NEGATIVE_OR_EXCLUDE
P1_EXT_229,砹,U+7839,瑕,U+7455,same_reviewed_structure,candidate_structure_label=左右,struct,review_packets/8105_full/8105_full_no_legacy_standardizer.csv,query=8105_full_4474;candidate=8105_full_5345,standard_derived,PASS_FROM_P0_MANIFEST,,,,,,BLINDED_TO_PRIOR_APPROVALS; VERIFY_FROM_SOURCE_AND_RECORD_POSITIVE_NEGATIVE_OR_EXCLUDE
P1_EXT_230,诵,U+8BF5,瑕,U+7455,same_reviewed_structure,candidate_structure_label=左右,struct,review_packets/8105_full/8105_full_no_legacy_standardizer.csv,query=8105_full_1718;candidate=8105_full_5345,standard_derived,PASS_FROM_P0_MANIFEST,,,,,,BLINDED_TO_PRIOR_APPROVALS; VERIFY_FROM_SOURCE_AND_RECORD_POSITIVE_NEGATIVE_OR_EXCLUDE
P1_EXT_231,肫,U+80AB,瑕,U+7455,same_reviewed_structure,candidate_structure_label=左右,struct,review_packets/8105_full/8105_full_no_legacy_standardizer.csv,query=8105_full_3981;candidate=8105_full_5345,standard_derived,PASS_FROM_P0_MANIFEST,,,,,,BLINDED_TO_PRIOR_APPROVALS; VERIFY_FROM_SOURCE_AND_RECORD_POSITIVE_NEGATIVE_OR_EXCLUDE
P1_EXT_232,邴,U+90B4,瑕,U+7455,same_reviewed_structure,candidate_structure_label=左右,struct,review_packets/8105_full/8105_full_no_legacy_standardizer.csv,query=8105_full_3684;candidate=8105_full_5345,standard_derived,PASS_FROM_P0_MANIFEST,,,,,,BLINDED_TO_PRIOR_APPROVALS; VERIFY_FROM_SOURCE_AND_RECORD_POSITIVE_NEGATIVE_OR_EXCLUDE
P1_EXT_233,嵩,U+5D69,秀,U+79C0,same_reviewed_structure,candidate_structure_label=上下,struct,review_packets/8105_full/8105_full_no_legacy_standardizer.csv,query=8105_full_5479;candidate=8105_full_0765,standard_derived,PASS_FROM_P0_MANIFEST,,,,,,BLINDED_TO_PRIOR_APPROVALS; VERIFY_FROM_SOURCE_AND_RECORD_POSITIVE_NEGATIVE_OR_EXCLUDE
P1_EXT_234,俭,U+4FED,瑕,U+7455,same_reviewed_structure,candidate_structure_label=左右,struct,review_packets/8105_full/8105_full_no_legacy_standardizer.csv,query=8105_full_1567;candidate=8105_full_5345,standard_derived,PASS_FROM_P0_MANIFEST,,,,,,BLINDED_TO_PRIOR_APPROVALS; VERIFY_FROM_SOURCE_AND_RECORD_POSITIVE_NEGATIVE_OR_EXCLUDE
P1_EXT_235,椹,U+6939,瑕,U+7455,same_reviewed_structure,candidate_structure_label=左右,struct,review_packets/8105_full/8105_full_no_legacy_standardizer.csv,query=8105_full_7492;candidate=8105_full_5345,standard_derived,PASS_FROM_P0_MANIFEST,,,,,,BLINDED_TO_PRIOR_APPROVALS; VERIFY_FROM_SOURCE_AND_RECORD_POSITIVE_NEGATIVE_OR_EXCLUDE
P1_EXT_236,朽,U+673D,瑕,U+7455,same_reviewed_structure,candidate_structure_label=左右,struct,review_packets/8105_full/8105_full_no_legacy_standardizer.csv,query=8105_full_0375;candidate=8105_full_5345,standard_derived,PASS_FROM_P0_MANIFEST,,,,,,BLINDED_TO_PRIOR_APPROVALS; VERIFY_FROM_SOURCE_AND_RECORD_POSITIVE_NEGATIVE_OR_EXCLUDE
P1_EXT_237,隧,U+96A7,瑕,U+7455,same_reviewed_structure,candidate_structure_label=左右,struct,review_packets/8105_full/8105_full_no_legacy_standardizer.csv,query=8105_full_3182;candidate=8105_full_5345,standard_derived,PASS_FROM_P0_MANIFEST,,,,,,BLINDED_TO_PRIOR_APPROVALS; VERIFY_FROM_SOURCE_AND_RECORD_POSITIVE_NEGATIVE_OR_EXCLUDE
P1_EXT_238,闰,U+95F0,咸,U+54B8,same_reviewed_structure,candidate_structure_label=上三包,struct,review_packets/8105_full/8105_full_no_legacy_standardizer.csv,query=8105_full_0845;candidate=8105_full_1443,standard_derived,PASS_FROM_P0_MANIFEST,,,,,,BLINDED_TO_PRIOR_APPROVALS; VERIFY_FROM_SOURCE_AND_RECORD_POSITIVE_NEGATIVE_OR_EXCLUDE
P1_EXT_239,蹄,U+8E44,瑕,U+7455,same_reviewed_structure,candidate_structure_label=左右,struct,review_packets/8105_full/8105_full_no_legacy_standardizer.csv,query=8105_full_3344;candidate=8105_full_5345,standard_derived,PASS_FROM_P0_MANIFEST,,,,,,BLINDED_TO_PRIOR_APPROVALS; VERIFY_FROM_SOURCE_AND_RECORD_POSITIVE_NEGATIVE_OR_EXCLUDE
P1_EXT_240,蛹,U+86F9,瑕,U+7455,same_reviewed_structure,candidate_structure_label=左右,struct,review_packets/8105_full/8105_full_no_legacy_standardizer.csv,query=8105_full_5465;candidate=8105_full_5345,standard_derived,PASS_FROM_P0_MANIFEST,,,,,,BLINDED_TO_PRIOR_APPROVALS; VERIFY_FROM_SOURCE_AND_RECORD_POSITIVE_NEGATIVE_OR_EXCLUDE
P1_EXT_241,腧,U+8167,瑕,U+7455,same_reviewed_structure,candidate_structure_label=左右,struct,review_packets/8105_full/8105_full_no_legacy_standardizer.csv,query=8105_full_5521;candidate=8105_full_5345,standard_derived,PASS_FROM_P0_MANIFEST,,,,,,BLINDED_TO_PRIOR_APPROVALS; VERIFY_FROM_SOURCE_AND_RECORD_POSITIVE_NEGATIVE_OR_EXCLUDE
P1_EXT_242,胳,U+80F3,瑕,U+7455,same_reviewed_structure,candidate_structure_label=左右,struct,review_packets/8105_full/8105_full_no_legacy_standardizer.csv,query=8105_full_1997;candidate=8105_full_5345,standard_derived,PASS_FROM_P0_MANIFEST,,,,,,BLINDED_TO_PRIOR_APPROVALS; VERIFY_FROM_SOURCE_AND_RECORD_POSITIVE_NEGATIVE_OR_EXCLUDE
P1_EXT_243,封,U+5C01,瑕,U+7455,same_reviewed_structure,candidate_structure_label=左右,struct,review_packets/8105_full/8105_full_no_legacy_standardizer.csv,query=8105_full_1366;candidate=8105_full_5345,standard_derived,PASS_FROM_P0_MANIFEST,,,,,,BLINDED_TO_PRIOR_APPROVALS; VERIFY_FROM_SOURCE_AND_RECORD_POSITIVE_NEGATIVE_OR_EXCLUDE
P1_EXT_244,荑,U+8351,秀,U+79C0,same_reviewed_structure,candidate_structure_label=上下,struct,review_packets/8105_full/8105_full_no_legacy_standardizer.csv,query=8105_full_4110;candidate=8105_full_0765,standard_derived,PASS_FROM_P0_MANIFEST,,,,,,BLINDED_TO_PRIOR_APPROVALS; VERIFY_FROM_SOURCE_AND_RECORD_POSITIVE_NEGATIVE_OR_EXCLUDE
P1_EXT_245,唔,U+5514,瑕,U+7455,same_reviewed_structure,candidate_structure_label=左右,struct,review_packets/8105_full/8105_full_no_legacy_standardizer.csv,query=8105_full_4500;candidate=8105_full_5345,standard_derived,PASS_FROM_P0_MANIFEST,,,,,,BLINDED_TO_PRIOR_APPROVALS; VERIFY_FROM_SOURCE_AND_RECORD_POSITIVE_NEGATIVE_OR_EXCLUDE
P1_EXT_246,飕,U+98D5,迷,U+8FF7,same_reviewed_structure,candidate_structure_label=左下包,struct,review_packets/8105_full/8105_full_no_legacy_standardizer.csv,query=8105_full_5534;candidate=8105_full_1647,standard_derived,PASS_FROM_P0_MANIFEST,,,,,,BLINDED_TO_PRIOR_APPROVALS; VERIFY_FROM_SOURCE_AND_RECORD_POSITIVE_NEGATIVE_OR_EXCLUDE
P1_EXT_247,颛,U+989B,瑕,U+7455,same_reviewed_structure,candidate_structure_label=左右,struct,review_packets/8105_full/8105_full_no_legacy_standardizer.csv,query=8105_full_5938;candidate=8105_full_5345,standard_derived,PASS_FROM_P0_MANIFEST,,,,,,BLINDED_TO_PRIOR_APPROVALS; VERIFY_FROM_SOURCE_AND_RECORD_POSITIVE_NEGATIVE_OR_EXCLUDE
P1_EXT_248,榷,U+69B7,瑕,U+7455,same_reviewed_structure,candidate_structure_label=左右,struct,review_packets/8105_full/8105_full_no_legacy_standardizer.csv,query=8105_full_5670;candidate=8105_full_5345,standard_derived,PASS_FROM_P0_MANIFEST,,,,,,BLINDED_TO_PRIOR_APPROVALS; VERIFY_FROM_SOURCE_AND_RECORD_POSITIVE_NEGATIVE_OR_EXCLUDE
P1_EXT_249,销,U+9500,瑕,U+7455,same_reviewed_structure,candidate_structure_label=左右,struct,review_packets/8105_full/8105_full_no_legacy_standardizer.csv,query=8105_full_2659;candidate=8105_full_5345,standard_derived,PASS_FROM_P0_MANIFEST,,,,,,BLINDED_TO_PRIOR_APPROVALS; VERIFY_FROM_SOURCE_AND_RECORD_POSITIVE_NEGATIVE_OR_EXCLUDE
P1_EXT_250,锉,U+9509,瑕,U+7455,same_reviewed_structure,candidate_structure_label=左右,struct,review_packets/8105_full/8105_full_no_legacy_standardizer.csv,query=8105_full_5185;candidate=8105_full_5345,standard_derived,PASS_FROM_P0_MANIFEST,,,,,,BLINDED_TO_PRIOR_APPROVALS; VERIFY_FROM_SOURCE_AND_RECORD_POSITIVE_NEGATIVE_OR_EXCLUDE
P1_EXT_251,糇,U+7CC7,瑕,U+7455,same_reviewed_structure,candidate_structure_label=左右,struct,review_packets/8105_full/8105_full_no_legacy_standardizer.csv,query=8105_full_7807;candidate=8105_full_5345,standard_derived,PASS_FROM_P0_MANIFEST,,,,,,BLINDED_TO_PRIOR_APPROVALS; VERIFY_FROM_SOURCE_AND_RECORD_POSITIVE_NEGATIVE_OR_EXCLUDE
P1_EXT_252,汲,U+6C72,瑕,U+7455,same_reviewed_structure,candidate_structure_label=左右,struct,review_packets/8105_full/8105_full_no_legacy_standardizer.csv,query=8105_full_3626;candidate=8105_full_5345,standard_derived,PASS_FROM_P0_MANIFEST,,,,,,BLINDED_TO_PRIOR_APPROVALS; VERIFY_FROM_SOURCE_AND_RECORD_POSITIVE_NEGATIVE_OR_EXCLUDE
P1_EXT_253,缢,U+7F22,瑕,U+7455,same_reviewed_structure,candidate_structure_label=左右,struct,review_packets/8105_full/8105_full_no_legacy_standardizer.csv,query=8105_full_5617;candidate=8105_full_5345,standard_derived,PASS_FROM_P0_MANIFEST,,,,,,BLINDED_TO_PRIOR_APPROVALS; VERIFY_FROM_SOURCE_AND_RECORD_POSITIVE_NEGATIVE_OR_EXCLUDE
P1_EXT_254,侧,U+4FA7,瑕,U+7455,same_reviewed_structure,candidate_structure_label=左右,struct,review_packets/8105_full/8105_full_no_legacy_standardizer.csv,query=8105_full_1147;candidate=8105_full_5345,standard_derived,PASS_FROM_P0_MANIFEST,,,,,,BLINDED_TO_PRIOR_APPROVALS; VERIFY_FROM_SOURCE_AND_RECORD_POSITIVE_NEGATIVE_OR_EXCLUDE
P1_EXT_255,膑,U+8191,瑕,U+7455,same_reviewed_structure,candidate_structure_label=左右,struct,review_packets/8105_full/8105_full_no_legacy_standardizer.csv,query=8105_full_5767;candidate=8105_full_5345,standard_derived,PASS_FROM_P0_MANIFEST,,,,,,BLINDED_TO_PRIOR_APPROVALS; VERIFY_FROM_SOURCE_AND_RECORD_POSITIVE_NEGATIVE_OR_EXCLUDE
P1_EXT_256,翡,U+7FE1,秀,U+79C0,same_reviewed_structure,candidate_structure_label=上下,struct,review_packets/8105_full/8105_full_no_legacy_standardizer.csv,query=8105_full_5689;candidate=8105_full_0765,standard_derived,PASS_FROM_P0_MANIFEST,,,,,,BLINDED_TO_PRIOR_APPROVALS; VERIFY_FROM_SOURCE_AND_RECORD_POSITIVE_NEGATIVE_OR_EXCLUDE
P1_EXT_257,灸,U+7078,秀,U+79C0,same_reviewed_structure,candidate_structure_label=上下,struct,review_packets/8105_full/8105_full_no_legacy_standardizer.csv,query=8105_full_0819;candidate=8105_full_0765,standard_derived,PASS_FROM_P0_MANIFEST,,,,,,BLINDED_TO_PRIOR_APPROVALS; VERIFY_FROM_SOURCE_AND_RECORD_POSITIVE_NEGATIVE_OR_EXCLUDE
P1_EXT_258,秘,U+79D8,瑕,U+7455,same_reviewed_structure,candidate_structure_label=左右,struct,review_packets/8105_full/8105_full_no_legacy_standardizer.csv,query=8105_full_1949;candidate=8105_full_5345,standard_derived,PASS_FROM_P0_MANIFEST,,,,,,BLINDED_TO_PRIOR_APPROVALS; VERIFY_FROM_SOURCE_AND_RECORD_POSITIVE_NEGATIVE_OR_EXCLUDE
P1_EXT_259,肤,U+80A4,瑕,U+7455,same_reviewed_structure,candidate_structure_label=左右,struct,review_packets/8105_full/8105_full_no_legacy_standardizer.csv,query=8105_full_1180;candidate=8105_full_5345,standard_derived,PASS_FROM_P0_MANIFEST,,,,,,BLINDED_TO_PRIOR_APPROVALS; VERIFY_FROM_SOURCE_AND_RECORD_POSITIVE_NEGATIVE_OR_EXCLUDE
P1_EXT_260,嗣,U+55E3,瑕,U+7455,same_reviewed_structure,candidate_structure_label=左右,struct,review_packets/8105_full/8105_full_no_legacy_standardizer.csv,query=8105_full_5466;candidate=8105_full_5345,standard_derived,PASS_FROM_P0_MANIFEST,,,,,,BLINDED_TO_PRIOR_APPROVALS; VERIFY_FROM_SOURCE_AND_RECORD_POSITIVE_NEGATIVE_OR_EXCLUDE
P1_EXT_261,讪,U+8BAA,瑕,U+7455,same_reviewed_structure,candidate_structure_label=左右,struct,review_packets/8105_full/8105_full_no_legacy_standardizer.csv,query=8105_full_3556;candidate=8105_full_5345,standard_derived,PASS_FROM_P0_MANIFEST,,,,,,BLINDED_TO_PRIOR_APPROVALS; VERIFY_FROM_SOURCE_AND_RECORD_POSITIVE_NEGATIVE_OR_EXCLUDE
P1_EXT_262,拉,U+62C9,瑕,U+7455,same_reviewed_structure,candidate_structure_label=左右,struct,review_packets/8105_full/8105_full_no_legacy_standardizer.csv,query=8105_full_0981;candidate=8105_full_5345,standard_derived,PASS_FROM_P0_MANIFEST,,,,,,BLINDED_TO_PRIOR_APPROVALS; VERIFY_FROM_SOURCE_AND_RECORD_POSITIVE_NEGATIVE_OR_EXCLUDE
P1_EXT_263,濒,U+6FD2,瑕,U+7455,same_reviewed_structure,candidate_structure_label=左右,struct,review_packets/8105_full/8105_full_no_legacy_standardizer.csv,query=8105_full_3377;candidate=8105_full_5345,standard_derived,PASS_FROM_P0_MANIFEST,,,,,,BLINDED_TO_PRIOR_APPROVALS; VERIFY_FROM_SOURCE_AND_RECORD_POSITIVE_NEGATIVE_OR_EXCLUDE
P1_EXT_264,郭,U+90ED,瑕,U+7455,same_reviewed_structure,candidate_structure_label=左右,struct,review_packets/8105_full/8105_full_no_legacy_standardizer.csv,query=8105_full_2022;candidate=8105_full_5345,standard_derived,PASS_FROM_P0_MANIFEST,,,,,,BLINDED_TO_PRIOR_APPROVALS; VERIFY_FROM_SOURCE_AND_RECORD_POSITIVE_NEGATIVE_OR_EXCLUDE
P1_EXT_265,钐,U+9490,瑕,U+7455,same_reviewed_structure,candidate_structure_label=左右,struct,review_packets/8105_full/8105_full_no_legacy_standardizer.csv,query=8105_full_6689;candidate=8105_full_5345,standard_derived,PASS_FROM_P0_MANIFEST,,,,,,BLINDED_TO_PRIOR_APPROVALS; VERIFY_FROM_SOURCE_AND_RECORD_POSITIVE_NEGATIVE_OR_EXCLUDE
P1_EXT_266,渝,U+6E1D,瑕,U+7455,same_reviewed_structure,candidate_structure_label=左右,struct,review_packets/8105_full/8105_full_no_legacy_standardizer.csv,query=8105_full_2763;candidate=8105_full_5345,standard_derived,PASS_FROM_P0_MANIFEST,,,,,,BLINDED_TO_PRIOR_APPROVALS; VERIFY_FROM_SOURCE_AND_RECORD_POSITIVE_NEGATIVE_OR_EXCLUDE
P1_EXT_267,搏,U+640F,瑕,U+7455,same_reviewed_structure,candidate_structure_label=左右,struct,review_packets/8105_full/8105_full_no_legacy_standardizer.csv,query=8105_full_2835;candidate=8105_full_5345,standard_derived,PASS_FROM_P0_MANIFEST,,,,,,BLINDED_TO_PRIOR_APPROVALS; VERIFY_FROM_SOURCE_AND_RECORD_POSITIVE_NEGATIVE_OR_EXCLUDE
P1_EXT_268,漆,U+6F06,瑕,U+7455,same_reviewed_structure,candidate_structure_label=左右,struct,review_packets/8105_full/8105_full_no_legacy_standardizer.csv,query=8105_full_3161;candidate=8105_full_5345,standard_derived,PASS_FROM_P0_MANIFEST,,,,,,BLINDED_TO_PRIOR_APPROVALS; VERIFY_FROM_SOURCE_AND_RECORD_POSITIVE_NEGATIVE_OR_EXCLUDE
P1_EXT_269,痤,U+75E4,疳,U+75B3,same_reviewed_structure,candidate_structure_label=左上包,struct,review_packets/8105_full/8105_full_no_legacy_standardizer.csv,query=8105_full_5257;candidate=8105_full_4614,standard_derived,PASS_FROM_P0_MANIFEST,,,,,,BLINDED_TO_PRIOR_APPROVALS; VERIFY_FROM_SOURCE_AND_RECORD_POSITIVE_NEGATIVE_OR_EXCLUDE
P1_EXT_270,寐,U+5BD0,秀,U+79C0,same_reviewed_structure,candidate_structure_label=上下,struct,review_packets/8105_full/8105_full_no_legacy_standardizer.csv,query=8105_full_5302;candidate=8105_full_0765,standard_derived,PASS_FROM_P0_MANIFEST,,,,,,BLINDED_TO_PRIOR_APPROVALS; VERIFY_FROM_SOURCE_AND_RECORD_POSITIVE_NEGATIVE_OR_EXCLUDE
P1_EXT_271,鲍,U+9C8D,瑕,U+7455,same_reviewed_structure,candidate_structure_label=左右,struct,review_packets/8105_full/8105_full_no_legacy_standardizer.csv,query=8105_full_2977;candidate=8105_full_5345,standard_derived,PASS_FROM_P0_MANIFEST,,,,,,BLINDED_TO_PRIOR_APPROVALS; VERIFY_FROM_SOURCE_AND_RECORD_POSITIVE_NEGATIVE_OR_EXCLUDE
P1_EXT_272,钟,U+949F,瑕,U+7455,same_reviewed_structure,candidate_structure_label=左右,struct,review_packets/8105_full/8105_full_no_legacy_standardizer.csv,query=8105_full_1528;candidate=8105_full_5345,standard_derived,PASS_FROM_P0_MANIFEST,,,,,,BLINDED_TO_PRIOR_APPROVALS; VERIFY_FROM_SOURCE_AND_RECORD_POSITIVE_NEGATIVE_OR_EXCLUDE
P1_EXT_273,肇,U+8087,秀,U+79C0,same_reviewed_structure,candidate_structure_label=上下,struct,review_packets/8105_full/8105_full_no_legacy_standardizer.csv,query=8105_full_3178;candidate=8105_full_0765,standard_derived,PASS_FROM_P0_MANIFEST,,,,,,BLINDED_TO_PRIOR_APPROVALS; VERIFY_FROM_SOURCE_AND_RECORD_POSITIVE_NEGATIVE_OR_EXCLUDE
P1_EXT_274,狎,U+72CE,瑕,U+7455,same_reviewed_structure,candidate_structure_label=左右,struct,review_packets/8105_full/8105_full_no_legacy_standardizer.csv,query=8105_full_3986;candidate=8105_full_5345,standard_derived,PASS_FROM_P0_MANIFEST,,,,,,BLINDED_TO_PRIOR_APPROVALS; VERIFY_FROM_SOURCE_AND_RECORD_POSITIVE_NEGATIVE_OR_EXCLUDE
P1_EXT_275,萁,U+8401,秀,U+79C0,same_reviewed_structure,candidate_structure_label=上下,struct,review_packets/8105_full/8105_full_no_legacy_standardizer.csv,query=8105_full_4747;candidate=8105_full_0765,standard_derived,PASS_FROM_P0_MANIFEST,,,,,,BLINDED_TO_PRIOR_APPROVALS; VERIFY_FROM_SOURCE_AND_RECORD_POSITIVE_NEGATIVE_OR_EXCLUDE
P1_EXT_276,浔,U+6D54,瑕,U+7455,same_reviewed_structure,candidate_structure_label=左右,struct,review_packets/8105_full/8105_full_no_legacy_standardizer.csv,query=8105_full_4346;candidate=8105_full_5345,standard_derived,PASS_FROM_P0_MANIFEST,,,,,,BLINDED_TO_PRIOR_APPROVALS; VERIFY_FROM_SOURCE_AND_RECORD_POSITIVE_NEGATIVE_OR_EXCLUDE
P1_EXT_277,侍,U+4F8D,瑕,U+7455,same_reviewed_structure,candidate_structure_label=左右,struct,review_packets/8105_full/8105_full_no_legacy_standardizer.csv,query=8105_full_1136;candidate=8105_full_5345,standard_derived,PASS_FROM_P0_MANIFEST,,,,,,BLINDED_TO_PRIOR_APPROVALS; VERIFY_FROM_SOURCE_AND_RECORD_POSITIVE_NEGATIVE_OR_EXCLUDE
P1_EXT_278,硇,U+7847,瑕,U+7455,same_reviewed_structure,candidate_structure_label=左右,struct,review_packets/8105_full/8105_full_no_legacy_standardizer.csv,query=8105_full_4795;candidate=8105_full_5345,standard_derived,PASS_FROM_P0_MANIFEST,,,,,,BLINDED_TO_PRIOR_APPROVALS; VERIFY_FROM_SOURCE_AND_RECORD_POSITIVE_NEGATIVE_OR_EXCLUDE
P1_EXT_279,窗,U+7A97,秀,U+79C0,same_reviewed_structure,candidate_structure_label=上下,struct,review_packets/8105_full/8105_full_no_legacy_standardizer.csv,query=8105_full_2786;candidate=8105_full_0765,standard_derived,PASS_FROM_P0_MANIFEST,,,,,,BLINDED_TO_PRIOR_APPROVALS; VERIFY_FROM_SOURCE_AND_RECORD_POSITIVE_NEGATIVE_OR_EXCLUDE
P1_EXT_280,络,U+7EDC,瑕,U+7455,same_reviewed_structure,candidate_structure_label=左右,struct,review_packets/8105_full/8105_full_no_legacy_standardizer.csv,query=8105_full_1761;candidate=8105_full_5345,standard_derived,PASS_FROM_P0_MANIFEST,,,,,,BLINDED_TO_PRIOR_APPROVALS; VERIFY_FROM_SOURCE_AND_RECORD_POSITIVE_NEGATIVE_OR_EXCLUDE
P1_EXT_281,琢,U+7422,瑕,U+7455,same_reviewed_structure,candidate_structure_label=左右,struct,review_packets/8105_full/8105_full_no_legacy_standardizer.csv,query=8105_full_2503;candidate=8105_full_5345,standard_derived,PASS_FROM_P0_MANIFEST,,,,,,BLINDED_TO_PRIOR_APPROVALS; VERIFY_FROM_SOURCE_AND_RECORD_POSITIVE_NEGATIVE_OR_EXCLUDE
P1_EXT_282,围,U+56F4,囿,U+56FF,same_reviewed_structure,candidate_structure_label=全包围,struct,review_packets/8105_full/8105_full_no_legacy_standardizer.csv,query=8105_full_0728;candidate=8105_full_4219,standard_derived,PASS_FROM_P0_MANIFEST,,,,,,BLINDED_TO_PRIOR_APPROVALS; VERIFY_FROM_SOURCE_AND_RECORD_POSITIVE_NEGATIVE_OR_EXCLUDE
P1_EXT_283,旭,U+65ED,迷,U+8FF7,same_reviewed_structure,candidate_structure_label=左下包,struct,review_packets/8105_full/8105_full_no_legacy_standardizer.csv,query=8105_full_0502;candidate=8105_full_1647,standard_derived,PASS_FROM_P0_MANIFEST,,,,,,BLINDED_TO_PRIOR_APPROVALS; VERIFY_FROM_SOURCE_AND_RECORD_POSITIVE_NEGATIVE_OR_EXCLUDE
P1_EXT_284,屦,U+5C66,疳,U+75B3,same_reviewed_structure,candidate_structure_label=左上包,struct,review_packets/8105_full/8105_full_no_legacy_standardizer.csv,query=8105_full_6016;candidate=8105_full_4614,standard_derived,PASS_FROM_P0_MANIFEST,,,,,,BLINDED_TO_PRIOR_APPROVALS; VERIFY_FROM_SOURCE_AND_RECORD_POSITIVE_NEGATIVE_OR_EXCLUDE
P1_EXT_285,裎,U+88CE,瑕,U+7455,same_reviewed_structure,candidate_structure_label=左右,struct,review_packets/8105_full/8105_full_no_legacy_standardizer.csv,query=8105_full_5306;candidate=8105_full_5345,standard_derived,PASS_FROM_P0_MANIFEST,,,,,,BLINDED_TO_PRIOR_APPROVALS; VERIFY_FROM_SOURCE_AND_RECORD_POSITIVE_NEGATIVE_OR_EXCLUDE
P1_EXT_286,狳,U+72F3,瑕,U+7455,same_reviewed_structure,candidate_structure_label=左右,struct,review_packets/8105_full/8105_full_no_legacy_standardizer.csv,query=8105_full_4603;candidate=8105_full_5345,standard_derived,PASS_FROM_P0_MANIFEST,,,,,,BLINDED_TO_PRIOR_APPROVALS; VERIFY_FROM_SOURCE_AND_RECORD_POSITIVE_NEGATIVE_OR_EXCLUDE
P1_EXT_287,螃,U+8783,瑕,U+7455,same_reviewed_structure,candidate_structure_label=左右,struct,review_packets/8105_full/8105_full_no_legacy_standardizer.csv,query=8105_full_3347;candidate=8105_full_5345,standard_derived,PASS_FROM_P0_MANIFEST,,,,,,BLINDED_TO_PRIOR_APPROVALS; VERIFY_FROM_SOURCE_AND_RECORD_POSITIVE_NEGATIVE_OR_EXCLUDE
P1_EXT_288,妈,U+5988,瑕,U+7455,same_reviewed_structure,candidate_structure_label=左右,struct,review_packets/8105_full/8105_full_no_legacy_standardizer.csv,query=8105_full_0583;candidate=8105_full_5345,standard_derived,PASS_FROM_P0_MANIFEST,,,,,,BLINDED_TO_PRIOR_APPROVALS; VERIFY_FROM_SOURCE_AND_RECORD_POSITIVE_NEGATIVE_OR_EXCLUDE
P1_EXT_289,毒,U+6BD2,秀,U+79C0,same_reviewed_structure,candidate_structure_label=上下,struct,review_packets/8105_full/8105_full_no_legacy_standardizer.csv,query=8105_full_1362;candidate=8105_full_0765,standard_derived,PASS_FROM_P0_MANIFEST,,,,,,BLINDED_TO_PRIOR_APPROVALS; VERIFY_FROM_SOURCE_AND_RECORD_POSITIVE_NEGATIVE_OR_EXCLUDE
P1_EXT_290,挣,U+6323,瑕,U+7455,same_reviewed_structure,candidate_structure_label=左右,struct,review_packets/8105_full/8105_full_no_legacy_standardizer.csv,query=8105_full_1391;candidate=8105_full_5345,standard_derived,PASS_FROM_P0_MANIFEST,,,,,,BLINDED_TO_PRIOR_APPROVALS; VERIFY_FROM_SOURCE_AND_RECORD_POSITIVE_NEGATIVE_OR_EXCLUDE
P1_EXT_291,走,U+8D70,秀,U+79C0,same_reviewed_structure,candidate_structure_label=上下,struct,review_packets/8105_full/8105_full_no_legacy_standardizer.csv,query=8105_full_0625;candidate=8105_full_0765,standard_derived,PASS_FROM_P0_MANIFEST,,,,,,BLINDED_TO_PRIOR_APPROVALS; VERIFY_FROM_SOURCE_AND_RECORD_POSITIVE_NEGATIVE_OR_EXCLUDE
P1_EXT_292,禧,U+79A7,瑕,U+7455,same_reviewed_structure,candidate_structure_label=左右,struct,review_packets/8105_full/8105_full_no_legacy_standardizer.csv,query=8105_full_6186;candidate=8105_full_5345,standard_derived,PASS_FROM_P0_MANIFEST,,,,,,BLINDED_TO_PRIOR_APPROVALS; VERIFY_FROM_SOURCE_AND_RECORD_POSITIVE_NEGATIVE_OR_EXCLUDE
P1_EXT_293,衄,U+8844,瑕,U+7455,same_reviewed_structure,candidate_structure_label=左右,struct,review_packets/8105_full/8105_full_no_legacy_standardizer.csv,query=8105_full_4582;candidate=8105_full_5345,standard_derived,PASS_FROM_P0_MANIFEST,,,,,,BLINDED_TO_PRIOR_APPROVALS; VERIFY_FROM_SOURCE_AND_RECORD_POSITIVE_NEGATIVE_OR_EXCLUDE
P1_EXT_294,牝,U+725D,瑕,U+7455,same_reviewed_structure,candidate_structure_label=左右,struct,review_packets/8105_full/8105_full_no_legacy_standardizer.csv,query=8105_full_3601;candidate=8105_full_5345,standard_derived,PASS_FROM_P0_MANIFEST,,,,,,BLINDED_TO_PRIOR_APPROVALS; VERIFY_FROM_SOURCE_AND_RECORD_POSITIVE_NEGATIVE_OR_EXCLUDE
P1_EXT_295,咧,U+54A7,瑕,U+7455,same_reviewed_structure,candidate_structure_label=左右,struct,review_packets/8105_full/8105_full_no_legacy_standardizer.csv,query=8105_full_1490;candidate=8105_full_5345,standard_derived,PASS_FROM_P0_MANIFEST,,,,,,BLINDED_TO_PRIOR_APPROVALS; VERIFY_FROM_SOURCE_AND_RECORD_POSITIVE_NEGATIVE_OR_EXCLUDE
P1_EXT_296,咩,U+54A9,瑕,U+7455,same_reviewed_structure,candidate_structure_label=左右,struct,review_packets/8105_full/8105_full_no_legacy_standardizer.csv,query=8105_full_4225;candidate=8105_full_5345,standard_derived,PASS_FROM_P0_MANIFEST,,,,,,BLINDED_TO_PRIOR_APPROVALS; VERIFY_FROM_SOURCE_AND_RECORD_POSITIVE_NEGATIVE_OR_EXCLUDE
P1_EXT_297,幛,U+5E5B,瑕,U+7455,same_reviewed_structure,candidate_structure_label=左右,struct,review_packets/8105_full/8105_full_no_legacy_standardizer.csv,query=8105_full_5727;candidate=8105_full_5345,standard_derived,PASS_FROM_P0_MANIFEST,,,,,,BLINDED_TO_PRIOR_APPROVALS; VERIFY_FROM_SOURCE_AND_RECORD_POSITIVE_NEGATIVE_OR_EXCLUDE
P1_EXT_298,匕,U+5315,迷,U+8FF7,same_reviewed_structure,candidate_structure_label=左下包,struct,review_packets/8105_full/8105_full_no_legacy_standardizer.csv,query=8105_full_0013;candidate=8105_full_1647,standard_derived,PASS_FROM_P0_MANIFEST,,,,,,BLINDED_TO_PRIOR_APPROVALS; VERIFY_FROM_SOURCE_AND_RECORD_POSITIVE_NEGATIVE_OR_EXCLUDE
P1_EXT_299,癌,U+764C,疳,U+75B3,same_reviewed_structure,candidate_structure_label=左上包,struct,review_packets/8105_full/8105_full_no_legacy_standardizer.csv,query=8105_full_3425;candidate=8105_full_4614,standard_derived,PASS_FROM_P0_MANIFEST,,,,,,BLINDED_TO_PRIOR_APPROVALS; VERIFY_FROM_SOURCE_AND_RECORD_POSITIVE_NEGATIVE_OR_EXCLUDE
P1_EXT_300,净,U+51C0,瑕,U+7455,same_reviewed_structure,candidate_structure_label=左右,struct,review_packets/8105_full/8105_full_no_legacy_standardizer.csv,query=8105_full_1221;candidate=8105_full_5345,standard_derived,PASS_FROM_P0_MANIFEST,,,,,,BLINDED_TO_PRIOR_APPROVALS; VERIFY_FROM_SOURCE_AND_RECORD_POSITIVE_NEGATIVE_OR_EXCLUDE
P1_EXT_301,他,U+4ED6,瑕,U+7455,same_reviewed_structure,candidate_structure_label=左右,struct,review_packets/8105_full/8105_full_no_legacy_standardizer.csv,query=8105_full_0277;candidate=8105_full_5345,standard_derived,PASS_FROM_P0_MANIFEST,,,,,,BLINDED_TO_PRIOR_APPROVALS; VERIFY_FROM_SOURCE_AND_RECORD_POSITIVE_NEGATIVE_OR_EXCLUDE
P1_EXT_302,顼,U+987C,瑕,U+7455,same_reviewed_structure,candidate_structure_label=左右,struct,review_packets/8105_full/8105_full_no_legacy_standardizer.csv,query=8105_full_4403;candidate=8105_full_5345,standard_derived,PASS_FROM_P0_MANIFEST,,,,,,BLINDED_TO_PRIOR_APPROVALS; VERIFY_FROM_SOURCE_AND_RECORD_POSITIVE_NEGATIVE_OR_EXCLUDE
P1_EXT_303,鼗,U+9F17,秀,U+79C0,same_reviewed_structure,candidate_structure_label=上下,struct,review_packets/8105_full/8105_full_no_legacy_standardizer.csv,query=8105_full_8041;candidate=8105_full_0765,standard_derived,PASS_FROM_P0_MANIFEST,,,,,,BLINDED_TO_PRIOR_APPROVALS; VERIFY_FROM_SOURCE_AND_RECORD_POSITIVE_NEGATIVE_OR_EXCLUDE
P1_EXT_304,殃,U+6B83,瑕,U+7455,same_reviewed_structure,candidate_structure_label=左右,struct,review_packets/8105_full/8105_full_no_legacy_standardizer.csv,query=8105_full_1461;candidate=8105_full_5345,standard_derived,PASS_FROM_P0_MANIFEST,,,,,,BLINDED_TO_PRIOR_APPROVALS; VERIFY_FROM_SOURCE_AND_RECORD_POSITIVE_NEGATIVE_OR_EXCLUDE
P1_EXT_305,奈,U+5948,秀,U+79C0,same_reviewed_structure,candidate_structure_label=上下,struct,review_packets/8105_full/8105_full_no_legacy_standardizer.csv,query=8105_full_1048;candidate=8105_full_0765,standard_derived,PASS_FROM_P0_MANIFEST,,,,,,BLINDED_TO_PRIOR_APPROVALS; VERIFY_FROM_SOURCE_AND_RECORD_POSITIVE_NEGATIVE_OR_EXCLUDE
P1_EXT_306,蚌,U+868C,瑕,U+7455,same_reviewed_structure,candidate_structure_label=左右,struct,review_packets/8105_full/8105_full_no_legacy_standardizer.csv,query=8105_full_1898;candidate=8105_full_5345,standard_derived,PASS_FROM_P0_MANIFEST,,,,,,BLINDED_TO_PRIOR_APPROVALS; VERIFY_FROM_SOURCE_AND_RECORD_POSITIVE_NEGATIVE_OR_EXCLUDE
P1_EXT_307,粲,U+7CB2,秀,U+79C0,same_reviewed_structure,candidate_structure_label=上下,struct,review_packets/8105_full/8105_full_no_legacy_standardizer.csv,query=8105_full_5429;candidate=8105_full_0765,standard_derived,PASS_FROM_P0_MANIFEST,,,,,,BLINDED_TO_PRIOR_APPROVALS; VERIFY_FROM_SOURCE_AND_RECORD_POSITIVE_NEGATIVE_OR_EXCLUDE
P1_EXT_308,愕,U+6115,瑕,U+7455,same_reviewed_structure,candidate_structure_label=左右,struct,review_packets/8105_full/8105_full_no_legacy_standardizer.csv,query=8105_full_2773;candidate=8105_full_5345,standard_derived,PASS_FROM_P0_MANIFEST,,,,,,BLINDED_TO_PRIOR_APPROVALS; VERIFY_FROM_SOURCE_AND_RECORD_POSITIVE_NEGATIVE_OR_EXCLUDE
P1_EXT_309,劼,U+52BC,瑕,U+7455,same_reviewed_structure,candidate_structure_label=左右,struct,review_packets/8105_full/8105_full_no_legacy_standardizer.csv,query=8105_full_3843;candidate=8105_full_5345,standard_derived,PASS_FROM_P0_MANIFEST,,,,,,BLINDED_TO_PRIOR_APPROVALS; VERIFY_FROM_SOURCE_AND_RECORD_POSITIVE_NEGATIVE_OR_EXCLUDE
P1_EXT_310,危,U+5371,秀,U+79C0,same_reviewed_structure,candidate_structure_label=上下,struct,review_packets/8105_full/8105_full_no_legacy_standardizer.csv,query=8105_full_0499;candidate=8105_full_0765,standard_derived,PASS_FROM_P0_MANIFEST,,,,,,BLINDED_TO_PRIOR_APPROVALS; VERIFY_FROM_SOURCE_AND_RECORD_POSITIVE_NEGATIVE_OR_EXCLUDE
P1_EXT_311,桨,U+6868,秀,U+79C0,same_reviewed_structure,candidate_structure_label=上下,struct,review_packets/8105_full/8105_full_no_legacy_standardizer.csv,query=8105_full_2017;candidate=8105_full_0765,standard_derived,PASS_FROM_P0_MANIFEST,,,,,,BLINDED_TO_PRIOR_APPROVALS; VERIFY_FROM_SOURCE_AND_RECORD_POSITIVE_NEGATIVE_OR_EXCLUDE
P1_EXT_312,渗,U+6E17,瑕,U+7455,same_reviewed_structure,candidate_structure_label=左右,struct,review_packets/8105_full/8105_full_no_legacy_standardizer.csv,query=8105_full_2437;candidate=8105_full_5345,standard_derived,PASS_FROM_P0_MANIFEST,,,,,,BLINDED_TO_PRIOR_APPROVALS; VERIFY_FROM_SOURCE_AND_RECORD_POSITIVE_NEGATIVE_OR_EXCLUDE
P1_EXT_313,夯,U+592F,秀,U+79C0,same_reviewed_structure,candidate_structure_label=上下,struct,review_packets/8105_full/8105_full_no_legacy_standardizer.csv,query=8105_full_0219;candidate=8105_full_0765,standard_derived,PASS_FROM_P0_MANIFEST,,,,,,BLINDED_TO_PRIOR_APPROVALS; VERIFY_FROM_SOURCE_AND_RECORD_POSITIVE_NEGATIVE_OR_EXCLUDE
P1_EXT_314,老,U+8001,秀,U+79C0,same_reviewed_structure,candidate_structure_label=上下,struct,review_packets/8105_full/8105_full_no_legacy_standardizer.csv,query=8105_full_0360;candidate=8105_full_0765,standard_derived,PASS_FROM_P0_MANIFEST,,,,,,BLINDED_TO_PRIOR_APPROVALS; VERIFY_FROM_SOURCE_AND_RECORD_POSITIVE_NEGATIVE_OR_EXCLUDE
P1_EXT_315,笳,U+7B33,秀,U+79C0,same_reviewed_structure,candidate_structure_label=上下,struct,review_packets/8105_full/8105_full_no_legacy_standardizer.csv,query=8105_full_4901;candidate=8105_full_0765,standard_derived,PASS_FROM_P0_MANIFEST,,,,,,BLINDED_TO_PRIOR_APPROVALS; VERIFY_FROM_SOURCE_AND_RECORD_POSITIVE_NEGATIVE_OR_EXCLUDE
P1_EXT_316,逝,U+901D,迷,U+8FF7,same_reviewed_structure,candidate_structure_label=左下包,struct,review_packets/8105_full/8105_full_no_legacy_standardizer.csv,query=8105_full_1803;candidate=8105_full_1647,standard_derived,PASS_FROM_P0_MANIFEST,,,,,,BLINDED_TO_PRIOR_APPROVALS; VERIFY_FROM_SOURCE_AND_RECORD_POSITIVE_NEGATIVE_OR_EXCLUDE
P1_EXT_317,酦,U+9166,瑕,U+7455,same_reviewed_structure,candidate_structure_label=左右,struct,review_packets/8105_full/8105_full_no_legacy_standardizer.csv,query=8105_full_7336;candidate=8105_full_5345,standard_derived,PASS_FROM_P0_MANIFEST,,,,,,BLINDED_TO_PRIOR_APPROVALS; VERIFY_FROM_SOURCE_AND_RECORD_POSITIVE_NEGATIVE_OR_EXCLUDE
P1_EXT_318,幅,U+5E45,瑕,U+7455,same_reviewed_structure,candidate_structure_label=左右,struct,review_packets/8105_full/8105_full_no_legacy_standardizer.csv,query=8105_full_2648;candidate=8105_full_5345,standard_derived,PASS_FROM_P0_MANIFEST,,,,,,BLINDED_TO_PRIOR_APPROVALS; VERIFY_FROM_SOURCE_AND_RECORD_POSITIVE_NEGATIVE_OR_EXCLUDE
P1_EXT_319,闵,U+95F5,咸,U+54B8,same_reviewed_structure,candidate_structure_label=上三包,struct,review_packets/8105_full/8105_full_no_legacy_standardizer.csv,query=8105_full_3763;candidate=8105_full_1443,standard_derived,PASS_FROM_P0_MANIFEST,,,,,,BLINDED_TO_PRIOR_APPROVALS; VERIFY_FROM_SOURCE_AND_RECORD_POSITIVE_NEGATIVE_OR_EXCLUDE
P1_EXT_320,帼,U+5E3C,瑕,U+7455,same_reviewed_structure,candidate_structure_label=左右,struct,review_packets/8105_full/8105_full_no_legacy_standardizer.csv,query=8105_full_4858;candidate=8105_full_5345,standard_derived,PASS_FROM_P0_MANIFEST,,,,,,BLINDED_TO_PRIOR_APPROVALS; VERIFY_FROM_SOURCE_AND_RECORD_POSITIVE_NEGATIVE_OR_EXCLUDE
P1_EXT_321,鼷,U+9F37,瑕,U+7455,same_reviewed_structure,candidate_structure_label=左右,struct,review_packets/8105_full/8105_full_no_legacy_standardizer.csv,query=8105_full_8099;candidate=8105_full_5345,standard_derived,PASS_FROM_P0_MANIFEST,,,,,,BLINDED_TO_PRIOR_APPROVALS; VERIFY_FROM_SOURCE_AND_RECORD_POSITIVE_NEGATIVE_OR_EXCLUDE
P1_EXT_322,桄,U+6844,瑕,U+7455,same_reviewed_structure,candidate_structure_label=左右,struct,review_packets/8105_full/8105_full_no_legacy_standardizer.csv,query=8105_full_6960;candidate=8105_full_5345,standard_derived,PASS_FROM_P0_MANIFEST,,,,,,BLINDED_TO_PRIOR_APPROVALS; VERIFY_FROM_SOURCE_AND_RECORD_POSITIVE_NEGATIVE_OR_EXCLUDE
P1_EXT_323,铂,U+94C2,瑕,U+7455,same_reviewed_structure,candidate_structure_label=左右,struct,review_packets/8105_full/8105_full_no_legacy_standardizer.csv,query=8105_full_4537;candidate=8105_full_5345,standard_derived,PASS_FROM_P0_MANIFEST,,,,,,BLINDED_TO_PRIOR_APPROVALS; VERIFY_FROM_SOURCE_AND_RECORD_POSITIVE_NEGATIVE_OR_EXCLUDE
P1_EXT_324,巍,U+5DCD,秀,U+79C0,same_reviewed_structure,candidate_structure_label=上下,struct,review_packets/8105_full/8105_full_no_legacy_standardizer.csv,query=8105_full_3481;candidate=8105_full_0765,standard_derived,PASS_FROM_P0_MANIFEST,,,,,,BLINDED_TO_PRIOR_APPROVALS; VERIFY_FROM_SOURCE_AND_RECORD_POSITIVE_NEGATIVE_OR_EXCLUDE
P1_EXT_325,仝,U+4EDD,秀,U+79C0,same_reviewed_structure,candidate_structure_label=上下,struct,review_packets/8105_full/8105_full_no_legacy_standardizer.csv,query=8105_full_6513;candidate=8105_full_0765,standard_derived,PASS_FROM_P0_MANIFEST,,,,,,BLINDED_TO_PRIOR_APPROVALS; VERIFY_FROM_SOURCE_AND_RECORD_POSITIVE_NEGATIVE_OR_EXCLUDE
P1_EXT_326,搀,U+6400,瑕,U+7455,same_reviewed_structure,candidate_structure_label=左右,struct,review_packets/8105_full/8105_full_no_legacy_standardizer.csv,query=8105_full_2531;candidate=8105_full_5345,standard_derived,PASS_FROM_P0_MANIFEST,,,,,,BLINDED_TO_PRIOR_APPROVALS; VERIFY_FROM_SOURCE_AND_RECORD_POSITIVE_NEGATIVE_OR_EXCLUDE
P1_EXT_327,榕,U+6995,瑕,U+7455,same_reviewed_structure,candidate_structure_label=左右,struct,review_packets/8105_full/8105_full_no_legacy_standardizer.csv,query=8105_full_3083;candidate=8105_full_5345,standard_derived,PASS_FROM_P0_MANIFEST,,,,,,BLINDED_TO_PRIOR_APPROVALS; VERIFY_FROM_SOURCE_AND_RECORD_POSITIVE_NEGATIVE_OR_EXCLUDE
P1_EXT_328,胖,U+80D6,瑕,U+7455,same_reviewed_structure,candidate_structure_label=左右,struct,review_packets/8105_full/8105_full_no_legacy_standardizer.csv,query=8105_full_1596;candidate=8105_full_5345,standard_derived,PASS_FROM_P0_MANIFEST,,,,,,BLINDED_TO_PRIOR_APPROVALS; VERIFY_FROM_SOURCE_AND_RECORD_POSITIVE_NEGATIVE_OR_EXCLUDE
P1_EXT_329,巩,U+5DE9,瑕,U+7455,same_reviewed_structure,candidate_structure_label=左右,struct,review_packets/8105_full/8105_full_no_legacy_standardizer.csv,query=8105_full_0361;candidate=8105_full_5345,standard_derived,PASS_FROM_P0_MANIFEST,,,,,,BLINDED_TO_PRIOR_APPROVALS; VERIFY_FROM_SOURCE_AND_RECORD_POSITIVE_NEGATIVE_OR_EXCLUDE
P1_EXT_330,枥,U+67A5,瑕,U+7455,same_reviewed_structure,candidate_structure_label=左右,struct,review_packets/8105_full/8105_full_no_legacy_standardizer.csv,query=8105_full_3874;candidate=8105_full_5345,standard_derived,PASS_FROM_P0_MANIFEST,,,,,,BLINDED_TO_PRIOR_APPROVALS; VERIFY_FROM_SOURCE_AND_RECORD_POSITIVE_NEGATIVE_OR_EXCLUDE
P1_EXT_331,韪,U+97EA,迷,U+8FF7,same_reviewed_structure,candidate_structure_label=左下包,struct,review_packets/8105_full/8105_full_no_legacy_standardizer.csv,query=8105_full_5433;candidate=8105_full_1647,standard_derived,PASS_FROM_P0_MANIFEST,,,,,,BLINDED_TO_PRIOR_APPROVALS; VERIFY_FROM_SOURCE_AND_RECORD_POSITIVE_NEGATIVE_OR_EXCLUDE
P1_EXT_332,闫,U+95EB,咸,U+54B8,same_reviewed_structure,candidate_structure_label=上三包,struct,review_packets/8105_full/8105_full_no_legacy_standardizer.csv,query=8105_full_6546;candidate=8105_full_1443,standard_derived,PASS_FROM_P0_MANIFEST,,,,,,BLINDED_TO_PRIOR_APPROVALS; VERIFY_FROM_SOURCE_AND_RECORD_POSITIVE_NEGATIVE_OR_EXCLUDE
P1_EXT_333,鲈,U+9C88,瑕,U+7455,same_reviewed_structure,candidate_structure_label=左右,struct,review_packets/8105_full/8105_full_no_legacy_standardizer.csv,query=8105_full_5528;candidate=8105_full_5345,standard_derived,PASS_FROM_P0_MANIFEST,,,,,,BLINDED_TO_PRIOR_APPROVALS; VERIFY_FROM_SOURCE_AND_RECORD_POSITIVE_NEGATIVE_OR_EXCLUDE
P1_EXT_334,猞,U+731E,瑕,U+7455,same_reviewed_structure,candidate_structure_label=左右,struct,review_packets/8105_full/8105_full_no_legacy_standardizer.csv,query=8105_full_4927;candidate=8105_full_5345,standard_derived,PASS_FROM_P0_MANIFEST,,,,,,BLINDED_TO_PRIOR_APPROVALS; VERIFY_FROM_SOURCE_AND_RECORD_POSITIVE_NEGATIVE_OR_EXCLUDE
P1_EXT_335,忤,U+5FE4,瑕,U+7455,same_reviewed_structure,candidate_structure_label=左右,struct,review_packets/8105_full/8105_full_no_legacy_standardizer.csv,query=8105_full_3786;candidate=8105_full_5345,standard_derived,PASS_FROM_P0_MANIFEST,,,,,,BLINDED_TO_PRIOR_APPROVALS; VERIFY_FROM_SOURCE_AND_RECORD_POSITIVE_NEGATIVE_OR_EXCLUDE
P1_EXT_336,狃,U+72C3,瑕,U+7455,same_reviewed_structure,candidate_structure_label=左右,struct,review_packets/8105_full/8105_full_no_legacy_standardizer.csv,query=8105_full_6608;candidate=8105_full_5345,standard_derived,PASS_FROM_P0_MANIFEST,,,,,,BLINDED_TO_PRIOR_APPROVALS; VERIFY_FROM_SOURCE_AND_RECORD_POSITIVE_NEGATIVE_OR_EXCLUDE
P1_EXT_337,观,U+89C2,瑕,U+7455,same_reviewed_structure,candidate_structure_label=左右,struct,review_packets/8105_full/8105_full_no_legacy_standardizer.csv,query=8105_full_0586;candidate=8105_full_5345,standard_derived,PASS_FROM_P0_MANIFEST,,,,,,BLINDED_TO_PRIOR_APPROVALS; VERIFY_FROM_SOURCE_AND_RECORD_POSITIVE_NEGATIVE_OR_EXCLUDE
P1_EXT_338,尴,U+5C34,迷,U+8FF7,same_reviewed_structure,candidate_structure_label=左下包,struct,review_packets/8105_full/8105_full_no_legacy_standardizer.csv,query=8105_full_2883;candidate=8105_full_1647,standard_derived,PASS_FROM_P0_MANIFEST,,,,,,BLINDED_TO_PRIOR_APPROVALS; VERIFY_FROM_SOURCE_AND_RECORD_POSITIVE_NEGATIVE_OR_EXCLUDE
P1_EXT_339,得,U+5F97,瑕,U+7455,same_reviewed_structure,candidate_structure_label=左右,struct,review_packets/8105_full/8105_full_no_legacy_standardizer.csv,query=8105_full_2341;candidate=8105_full_5345,standard_derived,PASS_FROM_P0_MANIFEST,,,,,,BLINDED_TO_PRIOR_APPROVALS; VERIFY_FROM_SOURCE_AND_RECORD_POSITIVE_NEGATIVE_OR_EXCLUDE
P1_EXT_340,挺,U+633A,瑕,U+7455,same_reviewed_structure,candidate_structure_label=左右,struct,review_packets/8105_full/8105_full_no_legacy_standardizer.csv,query=8105_full_1382;candidate=8105_full_5345,standard_derived,PASS_FROM_P0_MANIFEST,,,,,,BLINDED_TO_PRIOR_APPROVALS; VERIFY_FROM_SOURCE_AND_RECORD_POSITIVE_NEGATIVE_OR_EXCLUDE
P1_EXT_341,芸,U+82B8,秀,U+79C0,same_reviewed_structure,candidate_structure_label=上下,struct,review_packets/8105_full/8105_full_no_legacy_standardizer.csv,query=8105_full_3661;candidate=8105_full_0765,standard_derived,PASS_FROM_P0_MANIFEST,,,,,,BLINDED_TO_PRIOR_APPROVALS; VERIFY_FROM_SOURCE_AND_RECORD_POSITIVE_NEGATIVE_OR_EXCLUDE
P1_EXT_342,俗,U+4FD7,瑕,U+7455,same_reviewed_structure,candidate_structure_label=左右,struct,review_packets/8105_full/8105_full_no_legacy_standardizer.csv,query=8105_full_1568;candidate=8105_full_5345,standard_derived,PASS_FROM_P0_MANIFEST,,,,,,BLINDED_TO_PRIOR_APPROVALS; VERIFY_FROM_SOURCE_AND_RECORD_POSITIVE_NEGATIVE_OR_EXCLUDE
P1_EXT_343,赑,U+8D51,秀,U+79C0,same_reviewed_structure,candidate_structure_label=上下,struct,review_packets/8105_full/8105_full_no_legacy_standardizer.csv,query=8105_full_7370;candidate=8105_full_0765,standard_derived,PASS_FROM_P0_MANIFEST,,,,,,BLINDED_TO_PRIOR_APPROVALS; VERIFY_FROM_SOURCE_AND_RECORD_POSITIVE_NEGATIVE_OR_EXCLUDE
P1_EXT_344,嗝,U+55DD,瑕,U+7455,same_reviewed_structure,candidate_structure_label=左右,struct,review_packets/8105_full/8105_full_no_legacy_standardizer.csv,query=8105_full_5445;candidate=8105_full_5345,standard_derived,PASS_FROM_P0_MANIFEST,,,,,,BLINDED_TO_PRIOR_APPROVALS; VERIFY_FROM_SOURCE_AND_RECORD_POSITIVE_NEGATIVE_OR_EXCLUDE
P1_EXT_345,呤,U+5464,瑕,U+7455,same_reviewed_structure,candidate_structure_label=左右,struct,review_packets/8105_full/8105_full_no_legacy_standardizer.csv,query=8105_full_3915;candidate=8105_full_5345,standard_derived,PASS_FROM_P0_MANIFEST,,,,,,BLINDED_TO_PRIOR_APPROVALS; VERIFY_FROM_SOURCE_AND_RECORD_POSITIVE_NEGATIVE_OR_EXCLUDE
P1_EXT_346,多,U+591A,秀,U+79C0,same_reviewed_structure,candidate_structure_label=上下,struct,review_packets/8105_full/8105_full_no_legacy_standardizer.csv,query=8105_full_0507;candidate=8105_full_0765,standard_derived,PASS_FROM_P0_MANIFEST,,,,,,BLINDED_TO_PRIOR_APPROVALS; VERIFY_FROM_SOURCE_AND_RECORD_POSITIVE_NEGATIVE_OR_EXCLUDE
P1_EXT_347,胃,U+80C3,秀,U+79C0,same_reviewed_structure,candidate_structure_label=上下,struct,review_packets/8105_full/8105_full_no_legacy_standardizer.csv,query=8105_full_1494;candidate=8105_full_0765,standard_derived,PASS_FROM_P0_MANIFEST,,,,,,BLINDED_TO_PRIOR_APPROVALS; VERIFY_FROM_SOURCE_AND_RECORD_POSITIVE_NEGATIVE_OR_EXCLUDE
P1_EXT_348,檐,U+6A90,瑕,U+7455,same_reviewed_structure,candidate_structure_label=左右,struct,review_packets/8105_full/8105_full_no_legacy_standardizer.csv,query=8105_full_3395;candidate=8105_full_5345,standard_derived,PASS_FROM_P0_MANIFEST,,,,,,BLINDED_TO_PRIOR_APPROVALS; VERIFY_FROM_SOURCE_AND_RECORD_POSITIVE_NEGATIVE_OR_EXCLUDE
P1_EXT_349,像,U+50CF,瑕,U+7455,same_reviewed_structure,candidate_structure_label=左右,struct,review_packets/8105_full/8105_full_no_legacy_standardizer.csv,query=8105_full_2961;candidate=8105_full_5345,standard_derived,PASS_FROM_P0_MANIFEST,,,,,,BLINDED_TO_PRIOR_APPROVALS; VERIFY_FROM_SOURCE_AND_RECORD_POSITIVE_NEGATIVE_OR_EXCLUDE
P1_EXT_350,姝,U+59DD,瑕,U+7455,same_reviewed_structure,candidate_structure_label=左右,struct,review_packets/8105_full/8105_full_no_legacy_standardizer.csv,query=8105_full_4385;candidate=8105_full_5345,standard_derived,PASS_FROM_P0_MANIFEST,,,,,,BLINDED_TO_PRIOR_APPROVALS; VERIFY_FROM_SOURCE_AND_RECORD_POSITIVE_NEGATIVE_OR_EXCLUDE
P1_EXT_351,胤,U+80E4,木,U+6728,same_reviewed_structure,candidate_structure_label=镶嵌,struct,review_packets/8105_full/8105_full_no_legacy_standardizer.csv,query=8105_full_4302;candidate=8105_full_0087,standard_derived,PASS_FROM_P0_MANIFEST,,,,,,BLINDED_TO_PRIOR_APPROVALS; VERIFY_FROM_SOURCE_AND_RECORD_POSITIVE_NEGATIVE_OR_EXCLUDE
P1_EXT_352,萎,U+840E,秀,U+79C0,same_reviewed_structure,candidate_structure_label=上下,struct,review_packets/8105_full/8105_full_no_legacy_standardizer.csv,query=8105_full_2206;candidate=8105_full_0765,standard_derived,PASS_FROM_P0_MANIFEST,,,,,,BLINDED_TO_PRIOR_APPROVALS; VERIFY_FROM_SOURCE_AND_RECORD_POSITIVE_NEGATIVE_OR_EXCLUDE
P1_EXT_353,龃,U+9F83,瑕,U+7455,same_reviewed_structure,candidate_structure_label=左右,struct,review_packets/8105_full/8105_full_no_legacy_standardizer.csv,query=8105_full_5426;candidate=8105_full_5345,standard_derived,PASS_FROM_P0_MANIFEST,,,,,,BLINDED_TO_PRIOR_APPROVALS; VERIFY_FROM_SOURCE_AND_RECORD_POSITIVE_NEGATIVE_OR_EXCLUDE
P1_EXT_354,崛,U+5D1B,瑕,U+7455,same_reviewed_structure,candidate_structure_label=左右,struct,review_packets/8105_full/8105_full_no_legacy_standardizer.csv,query=8105_full_2300;candidate=8105_full_5345,standard_derived,PASS_FROM_P0_MANIFEST,,,,,,BLINDED_TO_PRIOR_APPROVALS; VERIFY_FROM_SOURCE_AND_RECORD_POSITIVE_NEGATIVE_OR_EXCLUDE
P1_EXT_355,官,U+5B98,秀,U+79C0,same_reviewed_structure,candidate_structure_label=上下,struct,review_packets/8105_full/8105_full_no_legacy_standardizer.csv,query=8105_full_1281;candidate=8105_full_0765,standard_derived,PASS_FROM_P0_MANIFEST,,,,,,BLINDED_TO_PRIOR_APPROVALS; VERIFY_FROM_SOURCE_AND_RECORD_POSITIVE_NEGATIVE_OR_EXCLUDE
P1_EXT_356,蝙,U+8759,瑕,U+7455,same_reviewed_structure,candidate_structure_label=左右,struct,review_packets/8105_full/8105_full_no_legacy_standardizer.csv,query=8105_full_3251;candidate=8105_full_5345,standard_derived,PASS_FROM_P0_MANIFEST,,,,,,BLINDED_TO_PRIOR_APPROVALS; VERIFY_FROM_SOURCE_AND_RECORD_POSITIVE_NEGATIVE_OR_EXCLUDE
P1_EXT_357,埽,U+57FD,瑕,U+7455,same_reviewed_structure,candidate_structure_label=左右,struct,review_packets/8105_full/8105_full_no_legacy_standardizer.csv,query=8105_full_4742;candidate=8105_full_5345,standard_derived,PASS_FROM_P0_MANIFEST,,,,,,BLINDED_TO_PRIOR_APPROVALS; VERIFY_FROM_SOURCE_AND_RECORD_POSITIVE_NEGATIVE_OR_EXCLUDE
P1_EXT_358,哦,U+54E6,瑕,U+7455,same_reviewed_structure,candidate_structure_label=左右,struct,review_packets/8105_full/8105_full_no_legacy_standardizer.csv,query=8105_full_1908;candidate=8105_full_5345,standard_derived,PASS_FROM_P0_MANIFEST,,,,,,BLINDED_TO_PRIOR_APPROVALS; VERIFY_FROM_SOURCE_AND_RECORD_POSITIVE_NEGATIVE_OR_EXCLUDE
P1_EXT_359,男,U+7537,秀,U+79C0,same_reviewed_structure,candidate_structure_label=上下,struct,review_packets/8105_full/8105_full_no_legacy_standardizer.csv,query=8105_full_0733;candidate=8105_full_0765,standard_derived,PASS_FROM_P0_MANIFEST,,,,,,BLINDED_TO_PRIOR_APPROVALS; VERIFY_FROM_SOURCE_AND_RECORD_POSITIVE_NEGATIVE_OR_EXCLUDE
P1_EXT_360,伉,U+4F09,瑕,U+7455,same_reviewed_structure,candidate_structure_label=左右,struct,review_packets/8105_full/8105_full_no_legacy_standardizer.csv,query=8105_full_3609;candidate=8105_full_5345,standard_derived,PASS_FROM_P0_MANIFEST,,,,,,BLINDED_TO_PRIOR_APPROVALS; VERIFY_FROM_SOURCE_AND_RECORD_POSITIVE_NEGATIVE_OR_EXCLUDE
P1_EXT_361,凳,U+51F3,秀,U+79C0,same_reviewed_structure,candidate_structure_label=上下,struct,review_packets/8105_full/8105_full_no_legacy_standardizer.csv,query=8105_full_3186;candidate=8105_full_0765,standard_derived,PASS_FROM_P0_MANIFEST,,,,,,BLINDED_TO_PRIOR_APPROVALS; VERIFY_FROM_SOURCE_AND_RECORD_POSITIVE_NEGATIVE_OR_EXCLUDE
P1_EXT_362,筏,U+7B4F,秀,U+79C0,same_reviewed_structure,candidate_structure_label=上下,struct,review_packets/8105_full/8105_full_no_legacy_standardizer.csv,query=8105_full_2686;candidate=8105_full_0765,standard_derived,PASS_FROM_P0_MANIFEST,,,,,,BLINDED_TO_PRIOR_APPROVALS; VERIFY_FROM_SOURCE_AND_RECORD_POSITIVE_NEGATIVE_OR_EXCLUDE
P1_EXT_363,柿,U+67FF,瑕,U+7455,same_reviewed_structure,candidate_structure_label=左右,struct,review_packets/8105_full/8105_full_no_legacy_standardizer.csv,query=8105_full_1436;candidate=8105_full_5345,standard_derived,PASS_FROM_P0_MANIFEST,,,,,,BLINDED_TO_PRIOR_APPROVALS; VERIFY_FROM_SOURCE_AND_RECORD_POSITIVE_NEGATIVE_OR_EXCLUDE
P1_EXT_364,倒,U+5012,瑕,U+7455,same_reviewed_structure,candidate_structure_label=左右,struct,review_packets/8105_full/8105_full_no_legacy_standardizer.csv,query=8105_full_1960;candidate=8105_full_5345,standard_derived,PASS_FROM_P0_MANIFEST,,,,,,BLINDED_TO_PRIOR_APPROVALS; VERIFY_FROM_SOURCE_AND_RECORD_POSITIVE_NEGATIVE_OR_EXCLUDE
P1_EXT_365,噔,U+5654,瑕,U+7455,same_reviewed_structure,candidate_structure_label=左右,struct,review_packets/8105_full/8105_full_no_legacy_standardizer.csv,query=8105_full_5937;candidate=8105_full_5345,standard_derived,PASS_FROM_P0_MANIFEST,,,,,,BLINDED_TO_PRIOR_APPROVALS; VERIFY_FROM_SOURCE_AND_RECORD_POSITIVE_NEGATIVE_OR_EXCLUDE
P1_EXT_366,觉,U+89C9,冥,U+51A5,same_reviewed_structure,candidate_structure_label=上中下,struct,review_packets/8105_full/8105_full_no_legacy_standardizer.csv,query=8105_full_1694;candidate=8105_full_2121,standard_derived,PASS_FROM_P0_MANIFEST,,,,,,BLINDED_TO_PRIOR_APPROVALS; VERIFY_FROM_SOURCE_AND_RECORD_POSITIVE_NEGATIVE_OR_EXCLUDE
P1_EXT_367,赞,U+8D5E,秀,U+79C0,same_reviewed_structure,candidate_structure_label=上下,struct,review_packets/8105_full/8105_full_no_legacy_standardizer.csv,query=8105_full_3355;candidate=8105_full_0765,standard_derived,PASS_FROM_P0_MANIFEST,,,,,,BLINDED_TO_PRIOR_APPROVALS; VERIFY_FROM_SOURCE_AND_RECORD_POSITIVE_NEGATIVE_OR_EXCLUDE
P1_EXT_368,翅,U+7FC5,迷,U+8FF7,same_reviewed_structure,candidate_structure_label=左下包,struct,review_packets/8105_full/8105_full_no_legacy_standardizer.csv,query=8105_full_1859;candidate=8105_full_1647,standard_derived,PASS_FROM_P0_MANIFEST,,,,,,BLINDED_TO_PRIOR_APPROVALS; VERIFY_FROM_SOURCE_AND_RECORD_POSITIVE_NEGATIVE_OR_EXCLUDE
P1_EXT_369,弈,U+5F08,秀,U+79C0,same_reviewed_structure,candidate_structure_label=上下,struct,review_packets/8105_full/8105_full_no_legacy_standardizer.csv,query=8105_full_4305;candidate=8105_full_0765,standard_derived,PASS_FROM_P0_MANIFEST,,,,,,BLINDED_TO_PRIOR_APPROVALS; VERIFY_FROM_SOURCE_AND_RECORD_POSITIVE_NEGATIVE_OR_EXCLUDE
P1_EXT_370,呒,U+5452,瑕,U+7455,same_reviewed_structure,candidate_structure_label=左右,struct,review_packets/8105_full/8105_full_no_legacy_standardizer.csv,query=8105_full_3699;candidate=8105_full_5345,standard_derived,PASS_FROM_P0_MANIFEST,,,,,,BLINDED_TO_PRIOR_APPROVALS; VERIFY_FROM_SOURCE_AND_RECORD_POSITIVE_NEGATIVE_OR_EXCLUDE
P1_EXT_371,檗,U+6A97,秀,U+79C0,same_reviewed_structure,candidate_structure_label=上下,struct,review_packets/8105_full/8105_full_no_legacy_standardizer.csv,query=8105_full_6302;candidate=8105_full_0765,standard_derived,PASS_FROM_P0_MANIFEST,,,,,,BLINDED_TO_PRIOR_APPROVALS; VERIFY_FROM_SOURCE_AND_RECORD_POSITIVE_NEGATIVE_OR_EXCLUDE
P1_EXT_372,羁,U+7F81,秀,U+79C0,same_reviewed_structure,candidate_structure_label=上下,struct,review_packets/8105_full/8105_full_no_legacy_standardizer.csv,query=8105_full_6237;candidate=8105_full_0765,standard_derived,PASS_FROM_P0_MANIFEST,,,,,,BLINDED_TO_PRIOR_APPROVALS; VERIFY_FROM_SOURCE_AND_RECORD_POSITIVE_NEGATIVE_OR_EXCLUDE
P1_EXT_373,盈,U+76C8,秀,U+79C0,same_reviewed_structure,candidate_structure_label=上下,struct,review_packets/8105_full/8105_full_no_legacy_standardizer.csv,query=8105_full_1745;candidate=8105_full_0765,standard_derived,PASS_FROM_P0_MANIFEST,,,,,,BLINDED_TO_PRIOR_APPROVALS; VERIFY_FROM_SOURCE_AND_RECORD_POSITIVE_NEGATIVE_OR_EXCLUDE
P1_EXT_374,选,U+9009,迷,U+8FF7,same_reviewed_structure,candidate_structure_label=左下包,struct,review_packets/8105_full/8105_full_no_legacy_standardizer.csv,query=8105_full_1545;candidate=8105_full_1647,standard_derived,PASS_FROM_P0_MANIFEST,,,,,,BLINDED_TO_PRIOR_APPROVALS; VERIFY_FROM_SOURCE_AND_RECORD_POSITIVE_NEGATIVE_OR_EXCLUDE
P1_EXT_375,骑,U+9A91,瑕,U+7455,same_reviewed_structure,candidate_structure_label=左右,struct,review_packets/8105_full/8105_full_no_legacy_standardizer.csv,query=8105_full_2489;candidate=8105_full_5345,standard_derived,PASS_FROM_P0_MANIFEST,,,,,,BLINDED_TO_PRIOR_APPROVALS; VERIFY_FROM_SOURCE_AND_RECORD_POSITIVE_NEGATIVE_OR_EXCLUDE
P1_EXT_376,珍,U+73CD,瑕,U+7455,same_reviewed_structure,candidate_structure_label=左右,struct,review_packets/8105_full/8105_full_no_legacy_standardizer.csv,query=8105_full_1358;candidate=8105_full_5345,standard_derived,PASS_FROM_P0_MANIFEST,,,,,,BLINDED_TO_PRIOR_APPROVALS; VERIFY_FROM_SOURCE_AND_RECORD_POSITIVE_NEGATIVE_OR_EXCLUDE
P1_EXT_377,镍,U+954D,瑕,U+7455,same_reviewed_structure,candidate_structure_label=左右,struct,review_packets/8105_full/8105_full_no_legacy_standardizer.csv,query=8105_full_5949;candidate=8105_full_5345,standard_derived,PASS_FROM_P0_MANIFEST,,,,,,BLINDED_TO_PRIOR_APPROVALS; VERIFY_FROM_SOURCE_AND_RECORD_POSITIVE_NEGATIVE_OR_EXCLUDE
P1_EXT_378,渲,U+6E32,瑕,U+7455,same_reviewed_structure,candidate_structure_label=左右,struct,review_packets/8105_full/8105_full_no_legacy_standardizer.csv,query=8105_full_2768;candidate=8105_full_5345,standard_derived,PASS_FROM_P0_MANIFEST,,,,,,BLINDED_TO_PRIOR_APPROVALS; VERIFY_FROM_SOURCE_AND_RECORD_POSITIVE_NEGATIVE_OR_EXCLUDE
P1_EXT_379,昭,U+662D,瑕,U+7455,same_reviewed_structure,candidate_structure_label=左右,struct,review_packets/8105_full/8105_full_no_legacy_standardizer.csv,query=8105_full_1491;candidate=8105_full_5345,standard_derived,PASS_FROM_P0_MANIFEST,,,,,,BLINDED_TO_PRIOR_APPROVALS; VERIFY_FROM_SOURCE_AND_RECORD_POSITIVE_NEGATIVE_OR_EXCLUDE
P1_EXT_380,钫,U+94AB,瑕,U+7455,same_reviewed_structure,candidate_structure_label=左右,struct,review_packets/8105_full/8105_full_no_legacy_standardizer.csv,query=8105_full_4245;candidate=8105_full_5345,standard_derived,PASS_FROM_P0_MANIFEST,,,,,,BLINDED_TO_PRIOR_APPROVALS; VERIFY_FROM_SOURCE_AND_RECORD_POSITIVE_NEGATIVE_OR_EXCLUDE
P1_EXT_381,荸,U+8378,秀,U+79C0,same_reviewed_structure,candidate_structure_label=上下,struct,review_packets/8105_full/8105_full_no_legacy_standardizer.csv,query=8105_full_4427;candidate=8105_full_0765,standard_derived,PASS_FROM_P0_MANIFEST,,,,,,BLINDED_TO_PRIOR_APPROVALS; VERIFY_FROM_SOURCE_AND_RECORD_POSITIVE_NEGATIVE_OR_EXCLUDE
P1_EXT_382,锍,U+950D,瑕,U+7455,same_reviewed_structure,candidate_structure_label=左右,struct,review_packets/8105_full/8105_full_no_legacy_standardizer.csv,query=8105_full_7380;candidate=8105_full_5345,standard_derived,PASS_FROM_P0_MANIFEST,,,,,,BLINDED_TO_PRIOR_APPROVALS; VERIFY_FROM_SOURCE_AND_RECORD_POSITIVE_NEGATIVE_OR_EXCLUDE
P1_EXT_383,息,U+606F,秀,U+79C0,same_reviewed_structure,candidate_structure_label=上下,struct,review_packets/8105_full/8105_full_no_legacy_standardizer.csv,query=8105_full_1973;candidate=8105_full_0765,standard_derived,PASS_FROM_P0_MANIFEST,,,,,,BLINDED_TO_PRIOR_APPROVALS; VERIFY_FROM_SOURCE_AND_RECORD_POSITIVE_NEGATIVE_OR_EXCLUDE
P1_EXT_384,眭,U+772D,瑕,U+7455,same_reviewed_structure,candidate_structure_label=左右,struct,review_packets/8105_full/8105_full_no_legacy_standardizer.csv,query=8105_full_4809;candidate=8105_full_5345,standard_derived,PASS_FROM_P0_MANIFEST,,,,,,BLINDED_TO_PRIOR_APPROVALS; VERIFY_FROM_SOURCE_AND_RECORD_POSITIVE_NEGATIVE_OR_EXCLUDE
P1_EXT_385,葡,U+8461,秀,U+79C0,same_reviewed_structure,candidate_structure_label=上下,struct,review_packets/8105_full/8105_full_no_legacy_standardizer.csv,query=8105_full_2552;candidate=8105_full_0765,standard_derived,PASS_FROM_P0_MANIFEST,,,,,,BLINDED_TO_PRIOR_APPROVALS; VERIFY_FROM_SOURCE_AND_RECORD_POSITIVE_NEGATIVE_OR_EXCLUDE
P1_EXT_386,镎,U+954E,瑕,U+7455,same_reviewed_structure,candidate_structure_label=左右,struct,review_packets/8105_full/8105_full_no_legacy_standardizer.csv,query=8105_full_7788;candidate=8105_full_5345,standard_derived,PASS_FROM_P0_MANIFEST,,,,,,BLINDED_TO_PRIOR_APPROVALS; VERIFY_FROM_SOURCE_AND_RECORD_POSITIVE_NEGATIVE_OR_EXCLUDE
P1_EXT_387,拼,U+62FC,瑕,U+7455,same_reviewed_structure,candidate_structure_label=左右,struct,review_packets/8105_full/8105_full_no_legacy_standardizer.csv,query=8105_full_1393;candidate=8105_full_5345,standard_derived,PASS_FROM_P0_MANIFEST,,,,,,BLINDED_TO_PRIOR_APPROVALS; VERIFY_FROM_SOURCE_AND_RECORD_POSITIVE_NEGATIVE_OR_EXCLUDE
P1_EXT_388,效,U+6548,瑕,U+7455,same_reviewed_structure,candidate_structure_label=左右,struct,review_packets/8105_full/8105_full_no_legacy_standardizer.csv,query=8105_full_2034;candidate=8105_full_5345,standard_derived,PASS_FROM_P0_MANIFEST,,,,,,BLINDED_TO_PRIOR_APPROVALS; VERIFY_FROM_SOURCE_AND_RECORD_POSITIVE_NEGATIVE_OR_EXCLUDE
P1_EXT_389,快,U+5FEB,瑕,U+7455,same_reviewed_structure,candidate_structure_label=左右,struct,review_packets/8105_full/8105_full_no_legacy_standardizer.csv,query=8105_full_0876;candidate=8105_full_5345,standard_derived,PASS_FROM_P0_MANIFEST,,,,,,BLINDED_TO_PRIOR_APPROVALS; VERIFY_FROM_SOURCE_AND_RECORD_POSITIVE_NEGATIVE_OR_EXCLUDE
P1_EXT_390,睦,U+7766,瑕,U+7455,same_reviewed_structure,candidate_structure_label=左右,struct,review_packets/8105_full/8105_full_no_legacy_standardizer.csv,query=8105_full_2897;candidate=8105_full_5345,standard_derived,PASS_FROM_P0_MANIFEST,,,,,,BLINDED_TO_PRIOR_APPROVALS; VERIFY_FROM_SOURCE_AND_RECORD_POSITIVE_NEGATIVE_OR_EXCLUDE
P1_EXT_391,绱,U+7EF1,瑕,U+7455,same_reviewed_structure,candidate_structure_label=左右,struct,review_packets/8105_full/8105_full_no_legacy_standardizer.csv,query=8105_full_5031;candidate=8105_full_5345,standard_derived,PASS_FROM_P0_MANIFEST,,,,,,BLINDED_TO_PRIOR_APPROVALS; VERIFY_FROM_SOURCE_AND_RECORD_POSITIVE_NEGATIVE_OR_EXCLUDE
P1_EXT_392,梁,U+6881,秀,U+79C0,same_reviewed_structure,candidate_structure_label=上下,struct,review_packets/8105_full/8105_full_no_legacy_standardizer.csv,query=8105_full_2436;candidate=8105_full_0765,standard_derived,PASS_FROM_P0_MANIFEST,,,,,,BLINDED_TO_PRIOR_APPROVALS; VERIFY_FROM_SOURCE_AND_RECORD_POSITIVE_NEGATIVE_OR_EXCLUDE
P1_EXT_393,铢,U+94E2,瑕,U+7455,same_reviewed_structure,candidate_structure_label=左右,struct,review_packets/8105_full/8105_full_no_legacy_standardizer.csv,query=8105_full_4872;candidate=8105_full_5345,standard_derived,PASS_FROM_P0_MANIFEST,,,,,,BLINDED_TO_PRIOR_APPROVALS; VERIFY_FROM_SOURCE_AND_RECORD_POSITIVE_NEGATIVE_OR_EXCLUDE
P1_EXT_394,跨,U+8DE8,瑕,U+7455,same_reviewed_structure,candidate_structure_label=左右,struct,review_packets/8105_full/8105_full_no_legacy_standardizer.csv,query=8105_full_2913;candidate=8105_full_5345,standard_derived,PASS_FROM_P0_MANIFEST,,,,,,BLINDED_TO_PRIOR_APPROVALS; VERIFY_FROM_SOURCE_AND_RECORD_POSITIVE_NEGATIVE_OR_EXCLUDE
P1_EXT_395,聋,U+804B,秀,U+79C0,same_reviewed_structure,candidate_structure_label=上下,struct,review_packets/8105_full/8105_full_no_legacy_standardizer.csv,query=8105_full_2245;candidate=8105_full_0765,standard_derived,PASS_FROM_P0_MANIFEST,,,,,,BLINDED_TO_PRIOR_APPROVALS; VERIFY_FROM_SOURCE_AND_RECORD_POSITIVE_NEGATIVE_OR_EXCLUDE
P1_EXT_396,稙,U+7A19,瑕,U+7455,same_reviewed_structure,candidate_structure_label=左右,struct,review_packets/8105_full/8105_full_no_legacy_standardizer.csv,query=8105_full_7539;candidate=8105_full_5345,standard_derived,PASS_FROM_P0_MANIFEST,,,,,,BLINDED_TO_PRIOR_APPROVALS; VERIFY_FROM_SOURCE_AND_RECORD_POSITIVE_NEGATIVE_OR_EXCLUDE
P1_EXT_397,璞,U+749E,瑕,U+7455,same_reviewed_structure,candidate_structure_label=左右,struct,review_packets/8105_full/8105_full_no_legacy_standardizer.csv,query=8105_full_6029;candidate=8105_full_5345,standard_derived,PASS_FROM_P0_MANIFEST,,,,,,BLINDED_TO_PRIOR_APPROVALS; VERIFY_FROM_SOURCE_AND_RECORD_POSITIVE_NEGATIVE_OR_EXCLUDE
P1_EXT_398,戤,U+6224,瑕,U+7455,same_reviewed_structure,candidate_structure_label=左右,struct,review_packets/8105_full/8105_full_no_legacy_standardizer.csv,query=8105_full_7614;candidate=8105_full_5345,standard_derived,PASS_FROM_P0_MANIFEST,,,,,,BLINDED_TO_PRIOR_APPROVALS; VERIFY_FROM_SOURCE_AND_RECORD_POSITIVE_NEGATIVE_OR_EXCLUDE
P1_EXT_399,淀,U+6DC0,瑕,U+7455,same_reviewed_structure,candidate_structure_label=左右,struct,review_packets/8105_full/8105_full_no_legacy_standardizer.csv,query=8105_full_2431;candidate=8105_full_5345,standard_derived,PASS_FROM_P0_MANIFEST,,,,,,BLINDED_TO_PRIOR_APPROVALS; VERIFY_FROM_SOURCE_AND_RECORD_POSITIVE_NEGATIVE_OR_EXCLUDE
P1_EXT_400,犒,U+7292,瑕,U+7455,same_reviewed_structure,candidate_structure_label=左右,struct,review_packets/8105_full/8105_full_no_legacy_standardizer.csv,query=8105_full_5741;candidate=8105_full_5345,standard_derived,PASS_FROM_P0_MANIFEST,,,,,,BLINDED_TO_PRIOR_APPROVALS; VERIFY_FROM_SOURCE_AND_RECORD_POSITIVE_NEGATIVE_OR_EXCLUDE
P1_EXT_401,捣,U+6363,砬,U+782C,stroke_count_within_tolerance,stroke_count=10,stroke,review_packets/8105_full/8105_full_no_legacy_standardizer.csv,query=8105_full_1811;candidate=8105_full_6971,standard_derived,PASS_FROM_P0_MANIFEST,,,,,,BLINDED_TO_PRIOR_APPROVALS; VERIFY_FROM_SOURCE_AND_RECORD_POSITIVE_NEGATIVE_OR_EXCLUDE
P1_EXT_402,糨,U+7CE8,皦,U+76A6,stroke_count_within_tolerance,stroke_count=18,stroke,review_packets/8105_full/8105_full_no_legacy_standardizer.csv,query=8105_full_6360;candidate=8105_full_8012,standard_derived,PASS_FROM_P0_MANIFEST,,,,,,BLINDED_TO_PRIOR_APPROVALS; VERIFY_FROM_SOURCE_AND_RECORD_POSITIVE_NEGATIVE_OR_EXCLUDE
P1_EXT_403,蔡,U+8521,僖,U+50D6,stroke_count_within_tolerance,stroke_count=14,stroke,review_packets/8105_full/8105_full_no_legacy_standardizer.csv,query=8105_full_3071;candidate=8105_full_5755,standard_derived,PASS_FROM_P0_MANIFEST,,,,,,BLINDED_TO_PRIOR_APPROVALS; VERIFY_FROM_SOURCE_AND_RECORD_POSITIVE_NEGATIVE_OR_EXCLUDE
P1_EXT_404,纛,U+7E9B,鬣,U+9B23,stroke_count_within_tolerance,stroke_count=25,stroke,review_packets/8105_full/8105_full_no_legacy_standardizer.csv,query=8105_full_6493;candidate=8105_full_6494,standard_derived,PASS_FROM_P0_MANIFEST,,,,,,BLINDED_TO_PRIOR_APPROVALS; VERIFY_FROM_SOURCE_AND_RECORD_POSITIVE_NEGATIVE_OR_EXCLUDE
P1_EXT_405,盍,U+76CD,砬,U+782C,stroke_count_within_tolerance,stroke_count=10,stroke,review_packets/8105_full/8105_full_no_legacy_standardizer.csv,query=8105_full_4426;candidate=8105_full_6971,standard_derived,PASS_FROM_P0_MANIFEST,,,,,,BLINDED_TO_PRIOR_APPROVALS; VERIFY_FROM_SOURCE_AND_RECORD_POSITIVE_NEGATIVE_OR_EXCLUDE
P1_EXT_406,喘,U+5598,啼,U+557C,stroke_count_within_tolerance,stroke_count=12,stroke,review_packets/8105_full/8105_full_no_legacy_standardizer.csv,query=8105_full_2642;candidate=8105_full_2645,standard_derived,PASS_FROM_P0_MANIFEST,,,,,,BLINDED_TO_PRIOR_APPROVALS; VERIFY_FROM_SOURCE_AND_RECORD_POSITIVE_NEGATIVE_OR_EXCLUDE
P1_EXT_407,颏,U+988F,啼,U+557C,stroke_count_within_tolerance,stroke_count=12,stroke,review_packets/8105_full/8105_full_no_legacy_standardizer.csv,query=8105_full_5264;candidate=8105_full_2645,standard_derived,PASS_FROM_P0_MANIFEST,,,,,,BLINDED_TO_PRIOR_APPROVALS; VERIFY_FROM_SOURCE_AND_RECORD_POSITIVE_NEGATIVE_OR_EXCLUDE
P1_EXT_408,叻,U+53FB,奴,U+5974,stroke_count_within_tolerance,stroke_count=5,stroke,review_packets/8105_full/8105_full_no_legacy_standardizer.csv,query=8105_full_3540;candidate=8105_full_0333,standard_derived,PASS_FROM_P0_MANIFEST,,,,,,BLINDED_TO_PRIOR_APPROVALS; VERIFY_FROM_SOURCE_AND_RECORD_POSITIVE_NEGATIVE_OR_EXCLUDE
P1_EXT_409,磅,U+78C5,蝾,U+877E,stroke_count_within_tolerance,stroke_count=15,stroke,review_packets/8105_full/8105_full_no_legacy_standardizer.csv,query=8105_full_3227;candidate=8105_full_5921,standard_derived,PASS_FROM_P0_MANIFEST,,,,,,BLINDED_TO_PRIOR_APPROVALS; VERIFY_FROM_SOURCE_AND_RECORD_POSITIVE_NEGATIVE_OR_EXCLUDE
P1_EXT_410,槃,U+69C3,僖,U+50D6,stroke_count_within_tolerance,stroke_count=14,stroke,review_packets/8105_full/8105_full_no_legacy_standardizer.csv,query=8105_full_7697;candidate=8105_full_5755,standard_derived,PASS_FROM_P0_MANIFEST,,,,,,BLINDED_TO_PRIOR_APPROVALS; VERIFY_FROM_SOURCE_AND_RECORD_POSITIVE_NEGATIVE_OR_EXCLUDE
P1_EXT_411,施,U+65BD,轳,U+8F73,stroke_count_within_tolerance,stroke_count=9,stroke,review_packets/8105_full/8105_full_no_legacy_standardizer.csv,query=8105_full_1634;candidate=8105_full_4180,standard_derived,PASS_FROM_P0_MANIFEST,,,,,,BLINDED_TO_PRIOR_APPROVALS; VERIFY_FROM_SOURCE_AND_RECORD_POSITIVE_NEGATIVE_OR_EXCLUDE
P1_EXT_412,钬,U+94AC,轳,U+8F73,stroke_count_within_tolerance,stroke_count=9,stroke,review_packets/8105_full/8105_full_no_legacy_standardizer.csv,query=8105_full_6850;candidate=8105_full_4180,standard_derived,PASS_FROM_P0_MANIFEST,,,,,,BLINDED_TO_PRIOR_APPROVALS; VERIFY_FROM_SOURCE_AND_RECORD_POSITIVE_NEGATIVE_OR_EXCLUDE
P1_EXT_413,峙,U+5CD9,轳,U+8F73,stroke_count_within_tolerance,stroke_count=9,stroke,review_packets/8105_full/8105_full_no_legacy_standardizer.csv,query=8105_full_4230;candidate=8105_full_4180,standard_derived,PASS_FROM_P0_MANIFEST,,,,,,BLINDED_TO_PRIOR_APPROVALS; VERIFY_FROM_SOURCE_AND_RECORD_POSITIVE_NEGATIVE_OR_EXCLUDE
P1_EXT_414,欲,U+6B32,秽,U+79FD,stroke_count_within_tolerance,stroke_count=11,stroke,review_packets/8105_full/8105_full_no_legacy_standardizer.csv,query=8105_full_2352;candidate=8105_full_2315,standard_derived,PASS_FROM_P0_MANIFEST,,,,,,BLINDED_TO_PRIOR_APPROVALS; VERIFY_FROM_SOURCE_AND_RECORD_POSITIVE_NEGATIVE_OR_EXCLUDE
P1_EXT_415,喁,U+5581,啼,U+557C,stroke_count_within_tolerance,stroke_count=12,stroke,review_packets/8105_full/8105_full_no_legacy_standardizer.csv,query=8105_full_5152;candidate=8105_full_2645,standard_derived,PASS_FROM_P0_MANIFEST,,,,,,BLINDED_TO_PRIOR_APPROVALS; VERIFY_FROM_SOURCE_AND_RECORD_POSITIVE_NEGATIVE_OR_EXCLUDE
P1_EXT_416,擞,U+64DE,靛,U+975B,stroke_count_within_tolerance,stroke_count=16,stroke,review_packets/8105_full/8105_full_no_legacy_standardizer.csv,query=8105_full_6042;candidate=8105_full_6031,standard_derived,PASS_FROM_P0_MANIFEST,,,,,,BLINDED_TO_PRIOR_APPROVALS; VERIFY_FROM_SOURCE_AND_RECORD_POSITIVE_NEGATIVE_OR_EXCLUDE
P1_EXT_417,百,U+767E,宅,U+5B85,stroke_count_within_tolerance,stroke_count=6,stroke,review_packets/8105_full/8105_full_no_legacy_standardizer.csv,query=8105_full_0389;candidate=8105_full_0547,standard_derived,PASS_FROM_P0_MANIFEST,,,,,,BLINDED_TO_PRIOR_APPROVALS; VERIFY_FROM_SOURCE_AND_RECORD_POSITIVE_NEGATIVE_OR_EXCLUDE
P1_EXT_418,猡,U+7321,秽,U+79FD,stroke_count_within_tolerance,stroke_count=11,stroke,review_packets/8105_full/8105_full_no_legacy_standardizer.csv,query=8105_full_4926;candidate=8105_full_2315,standard_derived,PASS_FROM_P0_MANIFEST,,,,,,BLINDED_TO_PRIOR_APPROVALS; VERIFY_FROM_SOURCE_AND_RECORD_POSITIVE_NEGATIVE_OR_EXCLUDE
P1_EXT_419,言,U+8A00,秀,U+79C0,stroke_count_within_tolerance,stroke_count=7,stroke,review_packets/8105_full/8105_full_no_legacy_standardizer.csv,query=8105_full_0826;candidate=8105_full_0765,standard_derived,PASS_FROM_P0_MANIFEST,,,,,,BLINDED_TO_PRIOR_APPROVALS; VERIFY_FROM_SOURCE_AND_RECORD_POSITIVE_NEGATIVE_OR_EXCLUDE
P1_EXT_420,宏,U+5B8F,秀,U+79C0,stroke_count_within_tolerance,stroke_count=7,stroke,review_packets/8105_full/8105_full_no_legacy_standardizer.csv,query=8105_full_0879;candidate=8105_full_0765,standard_derived,PASS_FROM_P0_MANIFEST,,,,,,BLINDED_TO_PRIOR_APPROVALS; VERIFY_FROM_SOURCE_AND_RECORD_POSITIVE_NEGATIVE_OR_EXCLUDE
P1_EXT_421,觎,U+89CE,瑕,U+7455,stroke_count_within_tolerance,stroke_count=13,stroke,review_packets/8105_full/8105_full_no_legacy_standardizer.csv,query=8105_full_5511;candidate=8105_full_5345,standard_derived,PASS_FROM_P0_MANIFEST,,,,,,BLINDED_TO_PRIOR_APPROVALS; VERIFY_FROM_SOURCE_AND_RECORD_POSITIVE_NEGATIVE_OR_EXCLUDE
P1_EXT_422,蔚,U+851A,僖,U+50D6,stroke_count_within_tolerance,stroke_count=14,stroke,review_packets/8105_full/8105_full_no_legacy_standardizer.csv,query=8105_full_3076;candidate=8105_full_5755,standard_derived,PASS_FROM_P0_MANIFEST,,,,,,BLINDED_TO_PRIOR_APPROVALS; VERIFY_FROM_SOURCE_AND_RECORD_POSITIVE_NEGATIVE_OR_EXCLUDE
P1_EXT_423,砚,U+781A,轳,U+8F73,stroke_count_within_tolerance,stroke_count=9,stroke,review_packets/8105_full/8105_full_no_legacy_standardizer.csv,query=8105_full_1453;candidate=8105_full_4180,standard_derived,PASS_FROM_P0_MANIFEST,,,,,,BLINDED_TO_PRIOR_APPROVALS; VERIFY_FROM_SOURCE_AND_RECORD_POSITIVE_NEGATIVE_OR_EXCLUDE
P1_EXT_424,坂,U+5742,秀,U+79C0,stroke_count_within_tolerance,stroke_count=7,stroke,review_packets/8105_full/8105_full_no_legacy_standardizer.csv,query=8105_full_3653;candidate=8105_full_0765,standard_derived,PASS_FROM_P0_MANIFEST,,,,,,BLINDED_TO_PRIOR_APPROVALS; VERIFY_FROM_SOURCE_AND_RECORD_POSITIVE_NEGATIVE_OR_EXCLUDE
P1_EXT_425,苇,U+82C7,秀,U+79C0,stroke_count_within_tolerance,stroke_count=7,stroke,review_packets/8105_full/8105_full_no_legacy_standardizer.csv,query=8105_full_0663;candidate=8105_full_0765,standard_derived,PASS_FROM_P0_MANIFEST,,,,,,BLINDED_TO_PRIOR_APPROVALS; VERIFY_FROM_SOURCE_AND_RECORD_POSITIVE_NEGATIVE_OR_EXCLUDE
P1_EXT_426,螂,U+8782,僖,U+50D6,stroke_count_within_tolerance,stroke_count=14,stroke,review_packets/8105_full/8105_full_no_legacy_standardizer.csv,query=8105_full_5713;candidate=8105_full_5755,standard_derived,PASS_FROM_P0_MANIFEST,,,,,,BLINDED_TO_PRIOR_APPROVALS; VERIFY_FROM_SOURCE_AND_RECORD_POSITIVE_NEGATIVE_OR_EXCLUDE
P1_EXT_427,莼,U+83BC,砬,U+782C,stroke_count_within_tolerance,stroke_count=10,stroke,review_packets/8105_full/8105_full_no_legacy_standardizer.csv,query=8105_full_4446;candidate=8105_full_6971,standard_derived,PASS_FROM_P0_MANIFEST,,,,,,BLINDED_TO_PRIOR_APPROVALS; VERIFY_FROM_SOURCE_AND_RECORD_POSITIVE_NEGATIVE_OR_EXCLUDE
P1_EXT_428,掬,U+63AC,秽,U+79FD,stroke_count_within_tolerance,stroke_count=11,stroke,review_packets/8105_full/8105_full_no_legacy_standardizer.csv,query=8105_full_4731;candidate=8105_full_2315,standard_derived,PASS_FROM_P0_MANIFEST,,,,,,BLINDED_TO_PRIOR_APPROVALS; VERIFY_FROM_SOURCE_AND_RECORD_POSITIVE_NEGATIVE_OR_EXCLUDE
P1_EXT_429,舯,U+822F,砬,U+782C,stroke_count_within_tolerance,stroke_count=10,stroke,review_packets/8105_full/8105_full_no_legacy_standardizer.csv,query=8105_full_7025;candidate=8105_full_6971,standard_derived,PASS_FROM_P0_MANIFEST,,,,,,BLINDED_TO_PRIOR_APPROVALS; VERIFY_FROM_SOURCE_AND_RECORD_POSITIVE_NEGATIVE_OR_EXCLUDE
P1_EXT_430,弼,U+5F3C,啼,U+557C,stroke_count_within_tolerance,stroke_count=12,stroke,review_packets/8105_full/8105_full_no_legacy_standardizer.csv,query=8105_full_5317;candidate=8105_full_2645,standard_derived,PASS_FROM_P0_MANIFEST,,,,,,BLINDED_TO_PRIOR_APPROVALS; VERIFY_FROM_SOURCE_AND_RECORD_POSITIVE_NEGATIVE_OR_EXCLUDE
P1_EXT_431,资,U+8D44,砬,U+782C,stroke_count_within_tolerance,stroke_count=10,stroke,review_packets/8105_full/8105_full_no_legacy_standardizer.csv,query=8105_full_2039;candidate=8105_full_6971,standard_derived,PASS_FROM_P0_MANIFEST,,,,,,BLINDED_TO_PRIOR_APPROVALS; VERIFY_FROM_SOURCE_AND_RECORD_POSITIVE_NEGATIVE_OR_EXCLUDE
P1_EXT_432,慢,U+6162,僖,U+50D6,stroke_count_within_tolerance,stroke_count=14,stroke,review_packets/8105_full/8105_full_no_legacy_standardizer.csv,query=8105_full_3169;candidate=8105_full_5755,standard_derived,PASS_FROM_P0_MANIFEST,,,,,,BLINDED_TO_PRIOR_APPROVALS; VERIFY_FROM_SOURCE_AND_RECORD_POSITIVE_NEGATIVE_OR_EXCLUDE
P1_EXT_433,埔,U+57D4,砬,U+782C,stroke_count_within_tolerance,stroke_count=10,stroke,review_packets/8105_full/8105_full_no_legacy_standardizer.csv,query=8105_full_4413;candidate=8105_full_6971,standard_derived,PASS_FROM_P0_MANIFEST,,,,,,BLINDED_TO_PRIOR_APPROVALS; VERIFY_FROM_SOURCE_AND_RECORD_POSITIVE_NEGATIVE_OR_EXCLUDE
P1_EXT_434,娅,U+5A05,轳,U+8F73,stroke_count_within_tolerance,stroke_count=9,stroke,review_packets/8105_full/8105_full_no_legacy_standardizer.csv,query=8105_full_4382;candidate=8105_full_4180,standard_derived,PASS_FROM_P0_MANIFEST,,,,,,BLINDED_TO_PRIOR_APPROVALS; VERIFY_FROM_SOURCE_AND_RECORD_POSITIVE_NEGATIVE_OR_EXCLUDE
P1_EXT_435,斩,U+65A9,侗,U+4F97,stroke_count_within_tolerance,stroke_count=8,stroke,review_packets/8105_full/8105_full_no_legacy_standardizer.csv,query=8105_full_1060;candidate=8105_full_3957,standard_derived,PASS_FROM_P0_MANIFEST,,,,,,BLINDED_TO_PRIOR_APPROVALS; VERIFY_FROM_SOURCE_AND_RECORD_POSITIVE_NEGATIVE_OR_EXCLUDE
P1_EXT_436,沈,U+6C88,秀,U+79C0,stroke_count_within_tolerance,stroke_count=7,stroke,review_packets/8105_full/8105_full_no_legacy_standardizer.csv,query=8105_full_0870;candidate=8105_full_0765,standard_derived,PASS_FROM_P0_MANIFEST,,,,,,BLINDED_TO_PRIOR_APPROVALS; VERIFY_FROM_SOURCE_AND_RECORD_POSITIVE_NEGATIVE_OR_EXCLUDE
P1_EXT_437,燔,U+71D4,靛,U+975B,stroke_count_within_tolerance,stroke_count=16,stroke,review_packets/8105_full/8105_full_no_legacy_standardizer.csv,query=8105_full_6172;candidate=8105_full_6031,standard_derived,PASS_FROM_P0_MANIFEST,,,,,,BLINDED_TO_PRIOR_APPROVALS; VERIFY_FROM_SOURCE_AND_RECORD_POSITIVE_NEGATIVE_OR_EXCLUDE
P1_EXT_438,倭,U+502D,砬,U+782C,stroke_count_within_tolerance,stroke_count=10,stroke,review_packets/8105_full/8105_full_no_legacy_standardizer.csv,query=8105_full_4570;candidate=8105_full_6971,standard_derived,PASS_FROM_P0_MANIFEST,,,,,,BLINDED_TO_PRIOR_APPROVALS; VERIFY_FROM_SOURCE_AND_RECORD_POSITIVE_NEGATIVE_OR_EXCLUDE
P1_EXT_439,胜,U+80DC,轳,U+8F73,stroke_count_within_tolerance,stroke_count=9,stroke,review_packets/8105_full/8105_full_no_legacy_standardizer.csv,query=8105_full_1594;candidate=8105_full_4180,standard_derived,PASS_FROM_P0_MANIFEST,,,,,,BLINDED_TO_PRIOR_APPROVALS; VERIFY_FROM_SOURCE_AND_RECORD_POSITIVE_NEGATIVE_OR_EXCLUDE
P1_EXT_440,疠,U+75A0,侗,U+4F97,stroke_count_within_tolerance,stroke_count=8,stroke,review_packets/8105_full/8105_full_no_legacy_standardizer.csv,query=8105_full_3997;candidate=8105_full_3957,standard_derived,PASS_FROM_P0_MANIFEST,,,,,,BLINDED_TO_PRIOR_APPROVALS; VERIFY_FROM_SOURCE_AND_RECORD_POSITIVE_NEGATIVE_OR_EXCLUDE
P1_EXT_441,玑,U+7391,宅,U+5B85,stroke_count_within_tolerance,stroke_count=6,stroke,review_packets/8105_full/8105_full_no_legacy_standardizer.csv,query=8105_full_3566;candidate=8105_full_0547,standard_derived,PASS_FROM_P0_MANIFEST,,,,,,BLINDED_TO_PRIOR_APPROVALS; VERIFY_FROM_SOURCE_AND_RECORD_POSITIVE_NEGATIVE_OR_EXCLUDE
P1_EXT_442,茀,U+8300,侗,U+4F97,stroke_count_within_tolerance,stroke_count=8,stroke,review_packets/8105_full/8105_full_no_legacy_standardizer.csv,query=8105_full_3872;candidate=8105_full_3957,standard_derived,PASS_FROM_P0_MANIFEST,,,,,,BLINDED_TO_PRIOR_APPROVALS; VERIFY_FROM_SOURCE_AND_RECORD_POSITIVE_NEGATIVE_OR_EXCLUDE
P1_EXT_443,泳,U+6CF3,侗,U+4F97,stroke_count_within_tolerance,stroke_count=8,stroke,review_packets/8105_full/8105_full_no_legacy_standardizer.csv,query=8105_full_1257;candidate=8105_full_3957,standard_derived,PASS_FROM_P0_MANIFEST,,,,,,BLINDED_TO_PRIOR_APPROVALS; VERIFY_FROM_SOURCE_AND_RECORD_POSITIVE_NEGATIVE_OR_EXCLUDE
P1_EXT_444,饴,U+9974,侗,U+4F97,stroke_count_within_tolerance,stroke_count=8,stroke,review_packets/8105_full/8105_full_no_legacy_standardizer.csv,query=8105_full_3993;candidate=8105_full_3957,standard_derived,PASS_FROM_P0_MANIFEST,,,,,,BLINDED_TO_PRIOR_APPROVALS; VERIFY_FROM_SOURCE_AND_RECORD_POSITIVE_NEGATIVE_OR_EXCLUDE
P1_EXT_445,蟮,U+87EE,皦,U+76A6,stroke_count_within_tolerance,stroke_count=18,stroke,review_packets/8105_full/8105_full_no_legacy_standardizer.csv,query=8105_full_6338;candidate=8105_full_8012,standard_derived,PASS_FROM_P0_MANIFEST,,,,,,BLINDED_TO_PRIOR_APPROVALS; VERIFY_FROM_SOURCE_AND_RECORD_POSITIVE_NEGATIVE_OR_EXCLUDE
P1_EXT_446,屈,U+5C48,侗,U+4F97,stroke_count_within_tolerance,stroke_count=8,stroke,review_packets/8105_full/8105_full_no_legacy_standardizer.csv,query=8105_full_1311;candidate=8105_full_3957,standard_derived,PASS_FROM_P0_MANIFEST,,,,,,BLINDED_TO_PRIOR_APPROVALS; VERIFY_FROM_SOURCE_AND_RECORD_POSITIVE_NEGATIVE_OR_EXCLUDE
P1_EXT_447,螋,U+878B,蝾,U+877E,stroke_count_within_tolerance,stroke_count=15,stroke,review_packets/8105_full/8105_full_no_legacy_standardizer.csv,query=8105_full_5925;candidate=8105_full_5921,standard_derived,PASS_FROM_P0_MANIFEST,,,,,,BLINDED_TO_PRIOR_APPROVALS; VERIFY_FROM_SOURCE_AND_RECORD_POSITIVE_NEGATIVE_OR_EXCLUDE
P1_EXT_448,梆,U+6886,砬,U+782C,stroke_count_within_tolerance,stroke_count=10,stroke,review_packets/8105_full/8105_full_no_legacy_standardizer.csv,query=8105_full_1834;candidate=8105_full_6971,standard_derived,PASS_FROM_P0_MANIFEST,,,,,,BLINDED_TO_PRIOR_APPROVALS; VERIFY_FROM_SOURCE_AND_RECORD_POSITIVE_NEGATIVE_OR_EXCLUDE
P1_EXT_449,荀,U+8340,轳,U+8F73,stroke_count_within_tolerance,stroke_count=9,stroke,review_packets/8105_full/8105_full_no_legacy_standardizer.csv,query=8105_full_4124;candidate=8105_full_4180,standard_derived,PASS_FROM_P0_MANIFEST,,,,,,BLINDED_TO_PRIOR_APPROVALS; VERIFY_FROM_SOURCE_AND_RECORD_POSITIVE_NEGATIVE_OR_EXCLUDE
P1_EXT_450,搛,U+641B,瑕,U+7455,stroke_count_within_tolerance,stroke_count=13,stroke,review_packets/8105_full/8105_full_no_legacy_standardizer.csv,query=8105_full_5360;candidate=8105_full_5345,standard_derived,PASS_FROM_P0_MANIFEST,,,,,,BLINDED_TO_PRIOR_APPROVALS; VERIFY_FROM_SOURCE_AND_RECORD_POSITIVE_NEGATIVE_OR_EXCLUDE
P1_EXT_451,舸,U+8238,秽,U+79FD,stroke_count_within_tolerance,stroke_count=11,stroke,review_packets/8105_full/8105_full_no_legacy_standardizer.csv,query=8105_full_4915;candidate=8105_full_2315,standard_derived,PASS_FROM_P0_MANIFEST,,,,,,BLINDED_TO_PRIOR_APPROVALS; VERIFY_FROM_SOURCE_AND_RECORD_POSITIVE_NEGATIVE_OR_EXCLUDE
P1_EXT_452,鸽,U+9E3D,秽,U+79FD,stroke_count_within_tolerance,stroke_count=11,stroke,review_packets/8105_full/8105_full_no_legacy_standardizer.csv,query=8105_full_2349;candidate=8105_full_2315,standard_derived,PASS_FROM_P0_MANIFEST,,,,,,BLINDED_TO_PRIOR_APPROVALS; VERIFY_FROM_SOURCE_AND_RECORD_POSITIVE_NEGATIVE_OR_EXCLUDE
P1_EXT_453,混,U+6DF7,秽,U+79FD,stroke_count_within_tolerance,stroke_count=11,stroke,review_packets/8105_full/8105_full_no_legacy_standardizer.csv,query=8105_full_2420;candidate=8105_full_2315,standard_derived,PASS_FROM_P0_MANIFEST,,,,,,BLINDED_TO_PRIOR_APPROVALS; VERIFY_FROM_SOURCE_AND_RECORD_POSITIVE_NEGATIVE_OR_EXCLUDE
P1_EXT_454,欤,U+6B24,秀,U+79C0,stroke_count_within_tolerance,stroke_count=7,stroke,review_packets/8105_full/8105_full_no_legacy_standardizer.csv,query=8105_full_3690;candidate=8105_full_0765,standard_derived,PASS_FROM_P0_MANIFEST,,,,,,BLINDED_TO_PRIOR_APPROVALS; VERIFY_FROM_SOURCE_AND_RECORD_POSITIVE_NEGATIVE_OR_EXCLUDE
P1_EXT_455,见,U+89C1,木,U+6728,stroke_count_within_tolerance,stroke_count=4,stroke,review_packets/8105_full/8105_full_no_legacy_standardizer.csv,query=8105_full_0118;candidate=8105_full_0087,standard_derived,PASS_FROM_P0_MANIFEST,,,,,,BLINDED_TO_PRIOR_APPROVALS; VERIFY_FROM_SOURCE_AND_RECORD_POSITIVE_NEGATIVE_OR_EXCLUDE
P1_EXT_456,蟊,U+87CA,鼾,U+9F3E,stroke_count_within_tolerance,stroke_count=17,stroke,review_packets/8105_full/8105_full_no_legacy_standardizer.csv,query=8105_full_6307;candidate=8105_full_6264,standard_derived,PASS_FROM_P0_MANIFEST,,,,,,BLINDED_TO_PRIOR_APPROVALS; VERIFY_FROM_SOURCE_AND_RECORD_POSITIVE_NEGATIVE_OR_EXCLUDE
P1_EXT_457,兹,U+5179,轳,U+8F73,stroke_count_within_tolerance,stroke_count=9,stroke,review_packets/8105_full/8105_full_no_legacy_standardizer.csv,query=8105_full_1653;candidate=8105_full_4180,standard_derived,PASS_FROM_P0_MANIFEST,,,,,,BLINDED_TO_PRIOR_APPROVALS; VERIFY_FROM_SOURCE_AND_RECORD_POSITIVE_NEGATIVE_OR_EXCLUDE
P1_EXT_458,倩,U+5029,砬,U+782C,stroke_count_within_tolerance,stroke_count=10,stroke,review_packets/8105_full/8105_full_no_legacy_standardizer.csv,query=8105_full_4562;candidate=8105_full_6971,standard_derived,PASS_FROM_P0_MANIFEST,,,,,,BLINDED_TO_PRIOR_APPROVALS; VERIFY_FROM_SOURCE_AND_RECORD_POSITIVE_NEGATIVE_OR_EXCLUDE
P1_EXT_459,坨,U+5768,侗,U+4F97,stroke_count_within_tolerance,stroke_count=8,stroke,review_packets/8105_full/8105_full_no_legacy_standardizer.csv,query=8105_full_3849;candidate=8105_full_3957,standard_derived,PASS_FROM_P0_MANIFEST,,,,,,BLINDED_TO_PRIOR_APPROVALS; VERIFY_FROM_SOURCE_AND_RECORD_POSITIVE_NEGATIVE_OR_EXCLUDE
P1_EXT_460,鄹,U+9139,靛,U+975B,stroke_count_within_tolerance,stroke_count=16,stroke,review_packets/8105_full/8105_full_no_legacy_standardizer.csv,query=8105_full_7837;candidate=8105_full_6031,standard_derived,PASS_FROM_P0_MANIFEST,,,,,,BLINDED_TO_PRIOR_APPROVALS; VERIFY_FROM_SOURCE_AND_RECORD_POSITIVE_NEGATIVE_OR_EXCLUDE
P1_EXT_461,悔,U+6094,砬,U+782C,stroke_count_within_tolerance,stroke_count=10,stroke,review_packets/8105_full/8105_full_no_legacy_standardizer.csv,query=8105_full_2094;candidate=8105_full_6971,standard_derived,PASS_FROM_P0_MANIFEST,,,,,,BLINDED_TO_PRIOR_APPROVALS; VERIFY_FROM_SOURCE_AND_RECORD_POSITIVE_NEGATIVE_OR_EXCLUDE
P1_EXT_462,旮,U+65EE,宅,U+5B85,stroke_count_within_tolerance,stroke_count=6,stroke,review_packets/8105_full/8105_full_no_legacy_standardizer.csv,query=8105_full_3615;candidate=8105_full_0547,standard_derived,PASS_FROM_P0_MANIFEST,,,,,,BLINDED_TO_PRIOR_APPROVALS; VERIFY_FROM_SOURCE_AND_RECORD_POSITIVE_NEGATIVE_OR_EXCLUDE
P1_EXT_463,纫,U+7EAB,宅,U+5B85,stroke_count_within_tolerance,stroke_count=6,stroke,review_packets/8105_full/8105_full_no_legacy_standardizer.csv,query=8105_full_0597;candidate=8105_full_0547,standard_derived,PASS_FROM_P0_MANIFEST,,,,,,BLINDED_TO_PRIOR_APPROVALS; VERIFY_FROM_SOURCE_AND_RECORD_POSITIVE_NEGATIVE_OR_EXCLUDE
P1_EXT_464,蒴,U+84B4,瑕,U+7455,stroke_count_within_tolerance,stroke_count=13,stroke,review_packets/8105_full/8105_full_no_legacy_standardizer.csv,query=8105_full_5388;candidate=8105_full_5345,standard_derived,PASS_FROM_P0_MANIFEST,,,,,,BLINDED_TO_PRIOR_APPROVALS; VERIFY_FROM_SOURCE_AND_RECORD_POSITIVE_NEGATIVE_OR_EXCLUDE
P1_EXT_465,惟,U+60DF,秽,U+79FD,stroke_count_within_tolerance,stroke_count=11,stroke,review_packets/8105_full/8105_full_no_legacy_standardizer.csv,query=8105_full_2444;candidate=8105_full_2315,standard_derived,PASS_FROM_P0_MANIFEST,,,,,,BLINDED_TO_PRIOR_APPROVALS; VERIFY_FROM_SOURCE_AND_RECORD_POSITIVE_NEGATIVE_OR_EXCLUDE
P1_EXT_466,针,U+9488,秀,U+79C0,stroke_count_within_tolerance,stroke_count=7,stroke,review_packets/8105_full/8105_full_no_legacy_standardizer.csv,query=8105_full_0757;candidate=8105_full_0765,standard_derived,PASS_FROM_P0_MANIFEST,,,,,,BLINDED_TO_PRIOR_APPROVALS; VERIFY_FROM_SOURCE_AND_RECORD_POSITIVE_NEGATIVE_OR_EXCLUDE
P1_EXT_467,肋,U+808B,宅,U+5B85,stroke_count_within_tolerance,stroke_count=6,stroke,review_packets/8105_full/8105_full_no_legacy_standardizer.csv,query=8105_full_0496;candidate=8105_full_0547,standard_derived,PASS_FROM_P0_MANIFEST,,,,,,BLINDED_TO_PRIOR_APPROVALS; VERIFY_FROM_SOURCE_AND_RECORD_POSITIVE_NEGATIVE_OR_EXCLUDE
P1_EXT_468,哒,U+54D2,轳,U+8F73,stroke_count_within_tolerance,stroke_count=9,stroke,review_packets/8105_full/8105_full_no_legacy_standardizer.csv,query=8105_full_6827;candidate=8105_full_4180,standard_derived,PASS_FROM_P0_MANIFEST,,,,,,BLINDED_TO_PRIOR_APPROVALS; VERIFY_FROM_SOURCE_AND_RECORD_POSITIVE_NEGATIVE_OR_EXCLUDE
P1_EXT_469,荠,U+8360,轳,U+8F73,stroke_count_within_tolerance,stroke_count=9,stroke,review_packets/8105_full/8105_full_no_legacy_standardizer.csv,query=8105_full_4126;candidate=8105_full_4180,standard_derived,PASS_FROM_P0_MANIFEST,,,,,,BLINDED_TO_PRIOR_APPROVALS; VERIFY_FROM_SOURCE_AND_RECORD_POSITIVE_NEGATIVE_OR_EXCLUDE
P1_EXT_470,险,U+9669,轳,U+8F73,stroke_count_within_tolerance,stroke_count=9,stroke,review_packets/8105_full/8105_full_no_legacy_standardizer.csv,query=8105_full_1733;candidate=8105_full_4180,standard_derived,PASS_FROM_P0_MANIFEST,,,,,,BLINDED_TO_PRIOR_APPROVALS; VERIFY_FROM_SOURCE_AND_RECORD_POSITIVE_NEGATIVE_OR_EXCLUDE
P1_EXT_471,竽,U+7AFD,轳,U+8F73,stroke_count_within_tolerance,stroke_count=9,stroke,review_packets/8105_full/8105_full_no_legacy_standardizer.csv,query=8105_full_4253;candidate=8105_full_4180,standard_derived,PASS_FROM_P0_MANIFEST,,,,,,BLINDED_TO_PRIOR_APPROVALS; VERIFY_FROM_SOURCE_AND_RECORD_POSITIVE_NEGATIVE_OR_EXCLUDE
P1_EXT_472,冰,U+51B0,宅,U+5B85,stroke_count_within_tolerance,stroke_count=6,stroke,review_packets/8105_full/8105_full_no_legacy_standardizer.csv,query=8105_full_0513;candidate=8105_full_0547,standard_derived,PASS_FROM_P0_MANIFEST,,,,,,BLINDED_TO_PRIOR_APPROVALS; VERIFY_FROM_SOURCE_AND_RECORD_POSITIVE_NEGATIVE_OR_EXCLUDE
P1_EXT_473,模,U+6A21,僖,U+50D6,stroke_count_within_tolerance,stroke_count=14,stroke,review_packets/8105_full/8105_full_no_legacy_standardizer.csv,query=8105_full_3078;candidate=8105_full_5755,standard_derived,PASS_FROM_P0_MANIFEST,,,,,,BLINDED_TO_PRIOR_APPROVALS; VERIFY_FROM_SOURCE_AND_RECORD_POSITIVE_NEGATIVE_OR_EXCLUDE
P1_EXT_474,噤,U+5664,靛,U+975B,stroke_count_within_tolerance,stroke_count=16,stroke,review_packets/8105_full/8105_full_no_legacy_standardizer.csv,query=8105_full_6089;candidate=8105_full_6031,standard_derived,PASS_FROM_P0_MANIFEST,,,,,,BLINDED_TO_PRIOR_APPROVALS; VERIFY_FROM_SOURCE_AND_RECORD_POSITIVE_NEGATIVE_OR_EXCLUDE
P1_EXT_475,鲆,U+9C86,瑕,U+7455,stroke_count_within_tolerance,stroke_count=13,stroke,review_packets/8105_full/8105_full_no_legacy_standardizer.csv,query=8105_full_5526;candidate=8105_full_5345,standard_derived,PASS_FROM_P0_MANIFEST,,,,,,BLINDED_TO_PRIOR_APPROVALS; VERIFY_FROM_SOURCE_AND_RECORD_POSITIVE_NEGATIVE_OR_EXCLUDE
P1_EXT_476,猿,U+733F,瑕,U+7455,stroke_count_within_tolerance,stroke_count=13,stroke,review_packets/8105_full/8105_full_no_legacy_standardizer.csv,query=8105_full_2978;candidate=8105_full_5345,standard_derived,PASS_FROM_P0_MANIFEST,,,,,,BLINDED_TO_PRIOR_APPROVALS; VERIFY_FROM_SOURCE_AND_RECORD_POSITIVE_NEGATIVE_OR_EXCLUDE
P1_EXT_477,惑,U+60D1,啼,U+557C,stroke_count_within_tolerance,stroke_count=12,stroke,review_packets/8105_full/8105_full_no_legacy_standardizer.csv,query=8105_full_2581;candidate=8105_full_2645,standard_derived,PASS_FROM_P0_MANIFEST,,,,,,BLINDED_TO_PRIOR_APPROVALS; VERIFY_FROM_SOURCE_AND_RECORD_POSITIVE_NEGATIVE_OR_EXCLUDE
P1_EXT_478,歆,U+6B46,瑕,U+7455,stroke_count_within_tolerance,stroke_count=13,stroke,review_packets/8105_full/8105_full_no_legacy_standardizer.csv,query=8105_full_5549;candidate=8105_full_5345,standard_derived,PASS_FROM_P0_MANIFEST,,,,,,BLINDED_TO_PRIOR_APPROVALS; VERIFY_FROM_SOURCE_AND_RECORD_POSITIVE_NEGATIVE_OR_EXCLUDE
P1_EXT_479,懦,U+61E6,鼾,U+9F3E,stroke_count_within_tolerance,stroke_count=17,stroke,review_packets/8105_full/8105_full_no_legacy_standardizer.csv,query=8105_full_3431;candidate=8105_full_6264,standard_derived,PASS_FROM_P0_MANIFEST,,,,,,BLINDED_TO_PRIOR_APPROVALS; VERIFY_FROM_SOURCE_AND_RECORD_POSITIVE_NEGATIVE_OR_EXCLUDE
P1_EXT_480,彰,U+5F70,僖,U+50D6,stroke_count_within_tolerance,stroke_count=14,stroke,review_packets/8105_full/8105_full_no_legacy_standardizer.csv,query=8105_full_3149;candidate=8105_full_5755,standard_derived,PASS_FROM_P0_MANIFEST,,,,,,BLINDED_TO_PRIOR_APPROVALS; VERIFY_FROM_SOURCE_AND_RECORD_POSITIVE_NEGATIVE_OR_EXCLUDE
P1_EXT_481,并,U+5E76,宅,U+5B85,stroke_count_within_tolerance,stroke_count=6,stroke,review_packets/8105_full/8105_full_no_legacy_standardizer.csv,query=8105_full_0531;candidate=8105_full_0547,standard_derived,PASS_FROM_P0_MANIFEST,,,,,,BLINDED_TO_PRIOR_APPROVALS; VERIFY_FROM_SOURCE_AND_RECORD_POSITIVE_NEGATIVE_OR_EXCLUDE
P1_EXT_482,崇,U+5D07,秽,U+79FD,stroke_count_within_tolerance,stroke_count=11,stroke,review_packets/8105_full/8105_full_no_legacy_standardizer.csv,query=8105_full_2299;candidate=8105_full_2315,standard_derived,PASS_FROM_P0_MANIFEST,,,,,,BLINDED_TO_PRIOR_APPROVALS; VERIFY_FROM_SOURCE_AND_RECORD_POSITIVE_NEGATIVE_OR_EXCLUDE
P1_EXT_483,徉,U+5F89,轳,U+8F73,stroke_count_within_tolerance,stroke_count=9,stroke,review_packets/8105_full/8105_full_no_legacy_standardizer.csv,query=8105_full_4270;candidate=8105_full_4180,standard_derived,PASS_FROM_P0_MANIFEST,,,,,,BLINDED_TO_PRIOR_APPROVALS; VERIFY_FROM_SOURCE_AND_RECORD_POSITIVE_NEGATIVE_OR_EXCLUDE
P1_EXT_484,渐,U+6E10,秽,U+79FD,stroke_count_within_tolerance,stroke_count=11,stroke,review_packets/8105_full/8105_full_no_legacy_standardizer.csv,query=8105_full_2417;candidate=8105_full_2315,standard_derived,PASS_FROM_P0_MANIFEST,,,,,,BLINDED_TO_PRIOR_APPROVALS; VERIFY_FROM_SOURCE_AND_RECORD_POSITIVE_NEGATIVE_OR_EXCLUDE
P1_EXT_485,氰,U+6C30,啼,U+557C,stroke_count_within_tolerance,stroke_count=12,stroke,review_packets/8105_full/8105_full_no_legacy_standardizer.csv,query=8105_full_5193;candidate=8105_full_2645,standard_derived,PASS_FROM_P0_MANIFEST,,,,,,BLINDED_TO_PRIOR_APPROVALS; VERIFY_FROM_SOURCE_AND_RECORD_POSITIVE_NEGATIVE_OR_EXCLUDE
P1_EXT_486,绺,U+7EFA,秽,U+79FD,stroke_count_within_tolerance,stroke_count=11,stroke,review_packets/8105_full/8105_full_no_legacy_standardizer.csv,query=8105_full_5036;candidate=8105_full_2315,standard_derived,PASS_FROM_P0_MANIFEST,,,,,,BLINDED_TO_PRIOR_APPROVALS; VERIFY_FROM_SOURCE_AND_RECORD_POSITIVE_NEGATIVE_OR_EXCLUDE
P1_EXT_487,眚,U+771A,砬,U+782C,stroke_count_within_tolerance,stroke_count=10,stroke,review_packets/8105_full/8105_full_no_legacy_standardizer.csv,query=8105_full_7010;candidate=8105_full_6971,standard_derived,PASS_FROM_P0_MANIFEST,,,,,,BLINDED_TO_PRIOR_APPROVALS; VERIFY_FROM_SOURCE_AND_RECORD_POSITIVE_NEGATIVE_OR_EXCLUDE
P1_EXT_488,谫,U+8C2B,瑕,U+7455,stroke_count_within_tolerance,stroke_count=13,stroke,review_packets/8105_full/8105_full_no_legacy_standardizer.csv,query=8105_full_7608;candidate=8105_full_5345,standard_derived,PASS_FROM_P0_MANIFEST,,,,,,BLINDED_TO_PRIOR_APPROVALS; VERIFY_FROM_SOURCE_AND_RECORD_POSITIVE_NEGATIVE_OR_EXCLUDE
P1_EXT_489,漠,U+6F20,瑕,U+7455,stroke_count_within_tolerance,stroke_count=13,stroke,review_packets/8105_full/8105_full_no_legacy_standardizer.csv,query=8105_full_3006;candidate=8105_full_5345,standard_derived,PASS_FROM_P0_MANIFEST,,,,,,BLINDED_TO_PRIOR_APPROVALS; VERIFY_FROM_SOURCE_AND_RECORD_POSITIVE_NEGATIVE_OR_EXCLUDE
P1_EXT_490,撺,U+64BA,蝾,U+877E,stroke_count_within_tolerance,stroke_count=15,stroke,review_packets/8105_full/8105_full_no_legacy_standardizer.csv,query=8105_full_5867;candidate=8105_full_5921,standard_derived,PASS_FROM_P0_MANIFEST,,,,,,BLINDED_TO_PRIOR_APPROVALS; VERIFY_FROM_SOURCE_AND_RECORD_POSITIVE_NEGATIVE_OR_EXCLUDE
P1_EXT_491,骀,U+9A80,侗,U+4F97,stroke_count_within_tolerance,stroke_count=8,stroke,review_packets/8105_full/8105_full_no_legacy_standardizer.csv,query=8105_full_4082;candidate=8105_full_3957,standard_derived,PASS_FROM_P0_MANIFEST,,,,,,BLINDED_TO_PRIOR_APPROVALS; VERIFY_FROM_SOURCE_AND_RECORD_POSITIVE_NEGATIVE_OR_EXCLUDE
P1_EXT_492,鼙,U+9F19,鳢,U+9CE2,stroke_count_within_tolerance,stroke_count=21,stroke,review_packets/8105_full/8105_full_no_legacy_standardizer.csv,query=8105_full_6449;candidate=8105_full_6454,standard_derived,PASS_FROM_P0_MANIFEST,,,,,,BLINDED_TO_PRIOR_APPROVALS; VERIFY_FROM_SOURCE_AND_RECORD_POSITIVE_NEGATIVE_OR_EXCLUDE
P1_EXT_493,奋,U+594B,侗,U+4F97,stroke_count_within_tolerance,stroke_count=8,stroke,review_packets/8105_full/8105_full_no_legacy_standardizer.csv,query=8105_full_1051;candidate=8105_full_3957,standard_derived,PASS_FROM_P0_MANIFEST,,,,,,BLINDED_TO_PRIOR_APPROVALS; VERIFY_FROM_SOURCE_AND_RECORD_POSITIVE_NEGATIVE_OR_EXCLUDE
P1_EXT_494,弧,U+5F27,侗,U+4F97,stroke_count_within_tolerance,stroke_count=8,stroke,review_packets/8105_full/8105_full_no_legacy_standardizer.csv,query=8105_full_1312;candidate=8105_full_3957,standard_derived,PASS_FROM_P0_MANIFEST,,,,,,BLINDED_TO_PRIOR_APPROVALS; VERIFY_FROM_SOURCE_AND_RECORD_POSITIVE_NEGATIVE_OR_EXCLUDE
P1_EXT_495,惜,U+60DC,秽,U+79FD,stroke_count_within_tolerance,stroke_count=11,stroke,review_packets/8105_full/8105_full_no_legacy_standardizer.csv,query=8105_full_2439;candidate=8105_full_2315,standard_derived,PASS_FROM_P0_MANIFEST,,,,,,BLINDED_TO_PRIOR_APPROVALS; VERIFY_FROM_SOURCE_AND_RECORD_POSITIVE_NEGATIVE_OR_EXCLUDE
P1_EXT_496,寿,U+5BFF,秀,U+79C0,stroke_count_within_tolerance,stroke_count=7,stroke,review_packets/8105_full/8105_full_no_legacy_standardizer.csv,query=8105_full_0599;candidate=8105_full_0765,standard_derived,PASS_FROM_P0_MANIFEST,,,,,,BLINDED_TO_PRIOR_APPROVALS; VERIFY_FROM_SOURCE_AND_RECORD_POSITIVE_NEGATIVE_OR_EXCLUDE
P1_EXT_497,夭,U+592D,木,U+6728,stroke_count_within_tolerance,stroke_count=4,stroke,review_packets/8105_full/8105_full_no_legacy_standardizer.csv,query=8105_full_0126;candidate=8105_full_0087,standard_derived,PASS_FROM_P0_MANIFEST,,,,,,BLINDED_TO_PRIOR_APPROVALS; VERIFY_FROM_SOURCE_AND_RECORD_POSITIVE_NEGATIVE_OR_EXCLUDE
P1_EXT_498,酽,U+917D,僖,U+50D6,stroke_count_within_tolerance,stroke_count=14,stroke,review_packets/8105_full/8105_full_no_legacy_standardizer.csv,query=8105_full_5672;candidate=8105_full_5755,standard_derived,PASS_FROM_P0_MANIFEST,,,,,,BLINDED_TO_PRIOR_APPROVALS; VERIFY_FROM_SOURCE_AND_RECORD_POSITIVE_NEGATIVE_OR_EXCLUDE
P1_EXT_499,蛔,U+86D4,啼,U+557C,stroke_count_within_tolerance,stroke_count=12,stroke,review_packets/8105_full/8105_full_no_legacy_standardizer.csv,query=8105_full_5147;candidate=8105_full_2645,standard_derived,PASS_FROM_P0_MANIFEST,,,,,,BLINDED_TO_PRIOR_APPROVALS; VERIFY_FROM_SOURCE_AND_RECORD_POSITIVE_NEGATIVE_OR_EXCLUDE
P1_EXT_500,啊,U+554A,砬,U+782C,stroke_count_within_tolerance,stroke_count=10,stroke,review_packets/8105_full/8105_full_no_legacy_standardizer.csv,query=8105_full_1915;candidate=8105_full_6971,standard_derived,PASS_FROM_P0_MANIFEST,,,,,,BLINDED_TO_PRIOR_APPROVALS; VERIFY_FROM_SOURCE_AND_RECORD_POSITIVE_NEGATIVE_OR_EXCLUDE
P1_EXT_501,咦,U+54A6,轳,U+8F73,stroke_count_within_tolerance,stroke_count=9,stroke,review_packets/8105_full/8105_full_no_legacy_standardizer.csv,query=8105_full_4202;candidate=8105_full_4180,standard_derived,PASS_FROM_P0_MANIFEST,,,,,,BLINDED_TO_PRIOR_APPROVALS; VERIFY_FROM_SOURCE_AND_RECORD_POSITIVE_NEGATIVE_OR_EXCLUDE
P1_EXT_502,庋,U+5E8B,秀,U+79C0,stroke_count_within_tolerance,stroke_count=7,stroke,review_packets/8105_full/8105_full_no_legacy_standardizer.csv,query=8105_full_3757;candidate=8105_full_0765,standard_derived,PASS_FROM_P0_MANIFEST,,,,,,BLINDED_TO_PRIOR_APPROVALS; VERIFY_FROM_SOURCE_AND_RECORD_POSITIVE_NEGATIVE_OR_EXCLUDE
P1_EXT_503,螗,U+8797,靛,U+975B,stroke_count_within_tolerance,stroke_count=16,stroke,review_packets/8105_full/8105_full_no_legacy_standardizer.csv,query=8105_full_7866;candidate=8105_full_6031,standard_derived,PASS_FROM_P0_MANIFEST,,,,,,BLINDED_TO_PRIOR_APPROVALS; VERIFY_FROM_SOURCE_AND_RECORD_POSITIVE_NEGATIVE_OR_EXCLUDE
P1_EXT_504,悬,U+60AC,秽,U+79FD,stroke_count_within_tolerance,stroke_count=11,stroke,review_packets/8105_full/8105_full_no_legacy_standardizer.csv,query=8105_full_2264;candidate=8105_full_2315,standard_derived,PASS_FROM_P0_MANIFEST,,,,,,BLINDED_TO_PRIOR_APPROVALS; VERIFY_FROM_SOURCE_AND_RECORD_POSITIVE_NEGATIVE_OR_EXCLUDE
P1_EXT_505,燹,U+71F9,皦,U+76A6,stroke_count_within_tolerance,stroke_count=18,stroke,review_packets/8105_full/8105_full_no_legacy_standardizer.csv,query=8105_full_6326;candidate=8105_full_8012,standard_derived,PASS_FROM_P0_MANIFEST,,,,,,BLINDED_TO_PRIOR_APPROVALS; VERIFY_FROM_SOURCE_AND_RECORD_POSITIVE_NEGATIVE_OR_EXCLUDE
P1_EXT_506,氩,U+6C29,砬,U+782C,stroke_count_within_tolerance,stroke_count=10,stroke,review_packets/8105_full/8105_full_no_legacy_standardizer.csv,query=8105_full_4548;candidate=8105_full_6971,standard_derived,PASS_FROM_P0_MANIFEST,,,,,,BLINDED_TO_PRIOR_APPROVALS; VERIFY_FROM_SOURCE_AND_RECORD_POSITIVE_NEGATIVE_OR_EXCLUDE
P1_EXT_507,徼,U+5FBC,靛,U+975B,stroke_count_within_tolerance,stroke_count=16,stroke,review_packets/8105_full/8105_full_no_legacy_standardizer.csv,query=8105_full_6134;candidate=8105_full_6031,standard_derived,PASS_FROM_P0_MANIFEST,,,,,,BLINDED_TO_PRIOR_APPROVALS; VERIFY_FROM_SOURCE_AND_RECORD_POSITIVE_NEGATIVE_OR_EXCLUDE
P1_EXT_508,琦,U+7426,啼,U+557C,stroke_count_within_tolerance,stroke_count=12,stroke,review_packets/8105_full/8105_full_no_legacy_standardizer.csv,query=8105_full_5047;candidate=8105_full_2645,standard_derived,PASS_FROM_P0_MANIFEST,,,,,,BLINDED_TO_PRIOR_APPROVALS; VERIFY_FROM_SOURCE_AND_RECORD_POSITIVE_NEGATIVE_OR_EXCLUDE
P1_EXT_509,式,U+5F0F,宅,U+5B85,stroke_count_within_tolerance,stroke_count=6,stroke,review_packets/8105_full/8105_full_no_legacy_standardizer.csv,query=8105_full_0349;candidate=8105_full_0547,standard_derived,PASS_FROM_P0_MANIFEST,,,,,,BLINDED_TO_PRIOR_APPROVALS; VERIFY_FROM_SOURCE_AND_RECORD_POSITIVE_NEGATIVE_OR_EXCLUDE
P1_EXT_510,葙,U+8459,啼,U+557C,stroke_count_within_tolerance,stroke_count=12,stroke,review_packets/8105_full/8105_full_no_legacy_standardizer.csv,query=8105_full_7304;candidate=8105_full_2645,standard_derived,PASS_FROM_P0_MANIFEST,,,,,,BLINDED_TO_PRIOR_APPROVALS; VERIFY_FROM_SOURCE_AND_RECORD_POSITIVE_NEGATIVE_OR_EXCLUDE
P1_EXT_511,榭,U+69AD,僖,U+50D6,stroke_count_within_tolerance,stroke_count=14,stroke,review_packets/8105_full/8105_full_no_legacy_standardizer.csv,query=8105_full_5664;candidate=8105_full_5755,standard_derived,PASS_FROM_P0_MANIFEST,,,,,,BLINDED_TO_PRIOR_APPROVALS; VERIFY_FROM_SOURCE_AND_RECORD_POSITIVE_NEGATIVE_OR_EXCLUDE
P1_EXT_512,掎,U+638E,秽,U+79FD,stroke_count_within_tolerance,stroke_count=11,stroke,review_packets/8105_full/8105_full_no_legacy_standardizer.csv,query=8105_full_7110;candidate=8105_full_2315,standard_derived,PASS_FROM_P0_MANIFEST,,,,,,BLINDED_TO_PRIOR_APPROVALS; VERIFY_FROM_SOURCE_AND_RECORD_POSITIVE_NEGATIVE_OR_EXCLUDE
P1_EXT_513,太,U+592A,木,U+6728,stroke_count_within_tolerance,stroke_count=4,stroke,review_packets/8105_full/8105_full_no_legacy_standardizer.csv,query=8105_full_0093;candidate=8105_full_0087,standard_derived,PASS_FROM_P0_MANIFEST,,,,,,BLINDED_TO_PRIOR_APPROVALS; VERIFY_FROM_SOURCE_AND_RECORD_POSITIVE_NEGATIVE_OR_EXCLUDE
P1_EXT_514,粟,U+7C9F,啼,U+557C,stroke_count_within_tolerance,stroke_count=12,stroke,review_packets/8105_full/8105_full_no_legacy_standardizer.csv,query=8105_full_2583;candidate=8105_full_2645,standard_derived,PASS_FROM_P0_MANIFEST,,,,,,BLINDED_TO_PRIOR_APPROVALS; VERIFY_FROM_SOURCE_AND_RECORD_POSITIVE_NEGATIVE_OR_EXCLUDE
P1_EXT_515,殁,U+6B81,侗,U+4F97,stroke_count_within_tolerance,stroke_count=8,stroke,review_packets/8105_full/8105_full_no_legacy_standardizer.csv,query=8105_full_3891;candidate=8105_full_3957,standard_derived,PASS_FROM_P0_MANIFEST,,,,,,BLINDED_TO_PRIOR_APPROVALS; VERIFY_FROM_SOURCE_AND_RECORD_POSITIVE_NEGATIVE_OR_EXCLUDE
P1_EXT_516,踪,U+8E2A,蝾,U+877E,stroke_count_within_tolerance,stroke_count=15,stroke,review_packets/8105_full/8105_full_no_legacy_standardizer.csv,query=8105_full_3244;candidate=8105_full_5921,standard_derived,PASS_FROM_P0_MANIFEST,,,,,,BLINDED_TO_PRIOR_APPROVALS; VERIFY_FROM_SOURCE_AND_RECORD_POSITIVE_NEGATIVE_OR_EXCLUDE
P1_EXT_517,叠,U+53E0,瑕,U+7455,stroke_count_within_tolerance,stroke_count=13,stroke,review_packets/8105_full/8105_full_no_legacy_standardizer.csv,query=8105_full_3043;candidate=8105_full_5345,standard_derived,PASS_FROM_P0_MANIFEST,,,,,,BLINDED_TO_PRIOR_APPROVALS; VERIFY_FROM_SOURCE_AND_RECORD_POSITIVE_NEGATIVE_OR_EXCLUDE
P1_EXT_518,糈,U+7CC8,蝾,U+877E,stroke_count_within_tolerance,stroke_count=15,stroke,review_packets/8105_full/8105_full_no_legacy_standardizer.csv,query=8105_full_7808;candidate=8105_full_5921,standard_derived,PASS_FROM_P0_MANIFEST,,,,,,BLINDED_TO_PRIOR_APPROVALS; VERIFY_FROM_SOURCE_AND_RECORD_POSITIVE_NEGATIVE_OR_EXCLUDE
P1_EXT_519,嘈,U+5608,僖,U+50D6,stroke_count_within_tolerance,stroke_count=14,stroke,review_packets/8105_full/8105_full_no_legacy_standardizer.csv,query=8105_full_5696;candidate=8105_full_5755,standard_derived,PASS_FROM_P0_MANIFEST,,,,,,BLINDED_TO_PRIOR_APPROVALS; VERIFY_FROM_SOURCE_AND_RECORD_POSITIVE_NEGATIVE_OR_EXCLUDE
P1_EXT_520,伪,U+4F2A,宅,U+5B85,stroke_count_within_tolerance,stroke_count=6,stroke,review_packets/8105_full/8105_full_no_legacy_standardizer.csv,query=8105_full_0476;candidate=8105_full_0547,standard_derived,PASS_FROM_P0_MANIFEST,,,,,,BLINDED_TO_PRIOR_APPROVALS; VERIFY_FROM_SOURCE_AND_RECORD_POSITIVE_NEGATIVE_OR_EXCLUDE
P1_EXT_521,裤,U+88E4,啼,U+557C,stroke_count_within_tolerance,stroke_count=12,stroke,review_packets/8105_full/8105_full_no_legacy_standardizer.csv,query=8105_full_2791;candidate=8105_full_2645,standard_derived,PASS_FROM_P0_MANIFEST,,,,,,BLINDED_TO_PRIOR_APPROVALS; VERIFY_FROM_SOURCE_AND_RECORD_POSITIVE_NEGATIVE_OR_EXCLUDE
P1_EXT_522,权,U+6743,宅,U+5B85,stroke_count_within_tolerance,stroke_count=6,stroke,review_packets/8105_full/8105_full_no_legacy_standardizer.csv,query=8105_full_0378;candidate=8105_full_0547,standard_derived,PASS_FROM_P0_MANIFEST,,,,,,BLINDED_TO_PRIOR_APPROVALS; VERIFY_FROM_SOURCE_AND_RECORD_POSITIVE_NEGATIVE_OR_EXCLUDE
P1_EXT_523,鸾,U+9E3E,秽,U+79FD,stroke_count_within_tolerance,stroke_count=11,stroke,review_packets/8105_full/8105_full_no_legacy_standardizer.csv,query=8105_full_4934;candidate=8105_full_2315,standard_derived,PASS_FROM_P0_MANIFEST,,,,,,BLINDED_TO_PRIOR_APPROVALS; VERIFY_FROM_SOURCE_AND_RECORD_POSITIVE_NEGATIVE_OR_EXCLUDE
P1_EXT_524,什,U+4EC0,木,U+6728,stroke_count_within_tolerance,stroke_count=4,stroke,review_packets/8105_full/8105_full_no_legacy_standardizer.csv,query=8105_full_0129;candidate=8105_full_0087,standard_derived,PASS_FROM_P0_MANIFEST,,,,,,BLINDED_TO_PRIOR_APPROVALS; VERIFY_FROM_SOURCE_AND_RECORD_POSITIVE_NEGATIVE_OR_EXCLUDE
P1_EXT_525,旱,U+65F1,秀,U+79C0,stroke_count_within_tolerance,stroke_count=7,stroke,review_packets/8105_full/8105_full_no_legacy_standardizer.csv,query=8105_full_0714;candidate=8105_full_0765,standard_derived,PASS_FROM_P0_MANIFEST,,,,,,BLINDED_TO_PRIOR_APPROVALS; VERIFY_FROM_SOURCE_AND_RECORD_POSITIVE_NEGATIVE_OR_EXCLUDE
P1_EXT_526,郯,U+90EF,砬,U+782C,stroke_count_within_tolerance,stroke_count=10,stroke,review_packets/8105_full/8105_full_no_legacy_standardizer.csv,query=8105_full_4642;candidate=8105_full_6971,standard_derived,PASS_FROM_P0_MANIFEST,,,,,,BLINDED_TO_PRIOR_APPROVALS; VERIFY_FROM_SOURCE_AND_RECORD_POSITIVE_NEGATIVE_OR_EXCLUDE
P1_EXT_527,笺,U+7B3A,秽,U+79FD,stroke_count_within_tolerance,stroke_count=11,stroke,review_packets/8105_full/8105_full_no_legacy_standardizer.csv,query=8105_full_4893;candidate=8105_full_2315,standard_derived,PASS_FROM_P0_MANIFEST,,,,,,BLINDED_TO_PRIOR_APPROVALS; VERIFY_FROM_SOURCE_AND_RECORD_POSITIVE_NEGATIVE_OR_EXCLUDE
P1_EXT_528,琼,U+743C,啼,U+557C,stroke_count_within_tolerance,stroke_count=12,stroke,review_packets/8105_full/8105_full_no_legacy_standardizer.csv,query=8105_full_2504;candidate=8105_full_2645,standard_derived,PASS_FROM_P0_MANIFEST,,,,,,BLINDED_TO_PRIOR_APPROVALS; VERIFY_FROM_SOURCE_AND_RECORD_POSITIVE_NEGATIVE_OR_EXCLUDE
P1_EXT_529,瓮,U+74EE,侗,U+4F97,stroke_count_within_tolerance,stroke_count=8,stroke,review_packets/8105_full/8105_full_no_legacy_standardizer.csv,query=8105_full_3975;candidate=8105_full_3957,standard_derived,PASS_FROM_P0_MANIFEST,,,,,,BLINDED_TO_PRIOR_APPROVALS; VERIFY_FROM_SOURCE_AND_RECORD_POSITIVE_NEGATIVE_OR_EXCLUDE
P1_EXT_530,洇,U+6D07,轳,U+8F73,stroke_count_within_tolerance,stroke_count=9,stroke,review_packets/8105_full/8105_full_no_legacy_standardizer.csv,query=8105_full_4336;candidate=8105_full_4180,standard_derived,PASS_FROM_P0_MANIFEST,,,,,,BLINDED_TO_PRIOR_APPROVALS; VERIFY_FROM_SOURCE_AND_RECORD_POSITIVE_NEGATIVE_OR_EXCLUDE
P1_EXT_531,瞥,U+77A5,靛,U+975B,stroke_count_within_tolerance,stroke_count=16,stroke,review_packets/8105_full/8105_full_no_legacy_standardizer.csv,query=8105_full_6168;candidate=8105_full_6031,standard_derived,PASS_FROM_P0_MANIFEST,,,,,,BLINDED_TO_PRIOR_APPROVALS; VERIFY_FROM_SOURCE_AND_RECORD_POSITIVE_NEGATIVE_OR_EXCLUDE
P1_EXT_532,恶,U+6076,砬,U+782C,stroke_count_within_tolerance,stroke_count=10,stroke,review_packets/8105_full/8105_full_no_legacy_standardizer.csv,query=8105_full_1829;candidate=8105_full_6971,standard_derived,PASS_FROM_P0_MANIFEST,,,,,,BLINDED_TO_PRIOR_APPROVALS; VERIFY_FROM_SOURCE_AND_RECORD_POSITIVE_NEGATIVE_OR_EXCLUDE
P1_EXT_533,汉,U+6C49,奴,U+5974,stroke_count_within_tolerance,stroke_count=5,stroke,review_packets/8105_full/8105_full_no_legacy_standardizer.csv,query=8105_full_0311;candidate=8105_full_0333,standard_derived,PASS_FROM_P0_MANIFEST,,,,,,BLINDED_TO_PRIOR_APPROVALS; VERIFY_FROM_SOURCE_AND_RECORD_POSITIVE_NEGATIVE_OR_EXCLUDE
P1_EXT_534,千,U+5343,干,U+5E72,stroke_count_within_tolerance,stroke_count=3,stroke,review_packets/8105_full/8105_full_no_legacy_standardizer.csv,query=8105_full_0041;candidate=8105_full_0023,standard_derived,PASS_FROM_P0_MANIFEST,,,,,,BLINDED_TO_PRIOR_APPROVALS; VERIFY_FROM_SOURCE_AND_RECORD_POSITIVE_NEGATIVE_OR_EXCLUDE
P1_EXT_535,屉,U+5C49,侗,U+4F97,stroke_count_within_tolerance,stroke_count=8,stroke,review_packets/8105_full/8105_full_no_legacy_standardizer.csv,query=8105_full_1307;candidate=8105_full_3957,standard_derived,PASS_FROM_P0_MANIFEST,,,,,,BLINDED_TO_PRIOR_APPROVALS; VERIFY_FROM_SOURCE_AND_RECORD_POSITIVE_NEGATIVE_OR_EXCLUDE
P1_EXT_536,闯,U+95EF,宅,U+5B85,stroke_count_within_tolerance,stroke_count=6,stroke,review_packets/8105_full/8105_full_no_legacy_standardizer.csv,query=8105_full_0529;candidate=8105_full_0547,standard_derived,PASS_FROM_P0_MANIFEST,,,,,,BLINDED_TO_PRIOR_APPROVALS; VERIFY_FROM_SOURCE_AND_RECORD_POSITIVE_NEGATIVE_OR_EXCLUDE
P1_EXT_537,宪,U+5BAA,轳,U+8F73,stroke_count_within_tolerance,stroke_count=9,stroke,review_packets/8105_full/8105_full_no_legacy_standardizer.csv,query=8105_full_1699;candidate=8105_full_4180,standard_derived,PASS_FROM_P0_MANIFEST,,,,,,BLINDED_TO_PRIOR_APPROVALS; VERIFY_FROM_SOURCE_AND_RECORD_POSITIVE_NEGATIVE_OR_EXCLUDE
P1_EXT_538,舾,U+823E,啼,U+557C,stroke_count_within_tolerance,stroke_count=12,stroke,review_packets/8105_full/8105_full_no_legacy_standardizer.csv,query=8105_full_7397;candidate=8105_full_2645,standard_derived,PASS_FROM_P0_MANIFEST,,,,,,BLINDED_TO_PRIOR_APPROVALS; VERIFY_FROM_SOURCE_AND_RECORD_POSITIVE_NEGATIVE_OR_EXCLUDE
P1_EXT_539,梢,U+68A2,秽,U+79FD,stroke_count_within_tolerance,stroke_count=11,stroke,review_packets/8105_full/8105_full_no_legacy_standardizer.csv,query=8105_full_2225;candidate=8105_full_2315,standard_derived,PASS_FROM_P0_MANIFEST,,,,,,BLINDED_TO_PRIOR_APPROVALS; VERIFY_FROM_SOURCE_AND_RECORD_POSITIVE_NEGATIVE_OR_EXCLUDE
P1_EXT_540,郾,U+90FE,秽,U+79FD,stroke_count_within_tolerance,stroke_count=11,stroke,review_packets/8105_full/8105_full_no_legacy_standardizer.csv,query=8105_full_4781;candidate=8105_full_2315,standard_derived,PASS_FROM_P0_MANIFEST,,,,,,BLINDED_TO_PRIOR_APPROVALS; VERIFY_FROM_SOURCE_AND_RECORD_POSITIVE_NEGATIVE_OR_EXCLUDE
P1_EXT_541,枘,U+6798,侗,U+4F97,stroke_count_within_tolerance,stroke_count=8,stroke,review_packets/8105_full/8105_full_no_legacy_standardizer.csv,query=8105_full_6665;candidate=8105_full_3957,standard_derived,PASS_FROM_P0_MANIFEST,,,,,,BLINDED_TO_PRIOR_APPROVALS; VERIFY_FROM_SOURCE_AND_RECORD_POSITIVE_NEGATIVE_OR_EXCLUDE
P1_EXT_542,鳅,U+9CC5,鼾,U+9F3E,stroke_count_within_tolerance,stroke_count=17,stroke,review_packets/8105_full/8105_full_no_legacy_standardizer.csv,query=8105_full_6280;candidate=8105_full_6264,standard_derived,PASS_FROM_P0_MANIFEST,,,,,,BLINDED_TO_PRIOR_APPROVALS; VERIFY_FROM_SOURCE_AND_RECORD_POSITIVE_NEGATIVE_OR_EXCLUDE
P1_EXT_543,提,U+63D0,啼,U+557C,stroke_count_within_tolerance,stroke_count=12,stroke,review_packets/8105_full/8105_full_no_legacy_standardizer.csv,query=8105_full_2520;candidate=8105_full_2645,standard_derived,PASS_FROM_P0_MANIFEST,,,,,,BLINDED_TO_PRIOR_APPROVALS; VERIFY_FROM_SOURCE_AND_RECORD_POSITIVE_NEGATIVE_OR_EXCLUDE
P1_EXT_544,悸,U+60B8,秽,U+79FD,stroke_count_within_tolerance,stroke_count=11,stroke,review_packets/8105_full/8105_full_no_legacy_standardizer.csv,query=8105_full_4988;candidate=8105_full_2315,standard_derived,PASS_FROM_P0_MANIFEST,,,,,,BLINDED_TO_PRIOR_APPROVALS; VERIFY_FROM_SOURCE_AND_RECORD_POSITIVE_NEGATIVE_OR_EXCLUDE
P1_EXT_545,庸,U+5EB8,秽,U+79FD,stroke_count_within_tolerance,stroke_count=11,stroke,review_packets/8105_full/8105_full_no_legacy_standardizer.csv,query=8105_full_2386;candidate=8105_full_2315,standard_derived,PASS_FROM_P0_MANIFEST,,,,,,BLINDED_TO_PRIOR_APPROVALS; VERIFY_FROM_SOURCE_AND_RECORD_POSITIVE_NEGATIVE_OR_EXCLUDE
P1_EXT_546,葱,U+8471,啼,U+557C,stroke_count_within_tolerance,stroke_count=12,stroke,review_packets/8105_full/8105_full_no_legacy_standardizer.csv,query=8105_full_2554;candidate=8105_full_2645,standard_derived,PASS_FROM_P0_MANIFEST,,,,,,BLINDED_TO_PRIOR_APPROVALS; VERIFY_FROM_SOURCE_AND_RECORD_POSITIVE_NEGATIVE_OR_EXCLUDE
P1_EXT_547,塌,U+584C,瑕,U+7455,stroke_count_within_tolerance,stroke_count=13,stroke,review_packets/8105_full/8105_full_no_legacy_standardizer.csv,query=8105_full_2836;candidate=8105_full_5345,standard_derived,PASS_FROM_P0_MANIFEST,,,,,,BLINDED_TO_PRIOR_APPROVALS; VERIFY_FROM_SOURCE_AND_RECORD_POSITIVE_NEGATIVE_OR_EXCLUDE
P1_EXT_548,踱,U+8E31,靛,U+975B,stroke_count_within_tolerance,stroke_count=16,stroke,review_packets/8105_full/8105_full_no_legacy_standardizer.csv,query=8105_full_3343;candidate=8105_full_6031,standard_derived,PASS_FROM_P0_MANIFEST,,,,,,BLINDED_TO_PRIOR_APPROVALS; VERIFY_FROM_SOURCE_AND_RECORD_POSITIVE_NEGATIVE_OR_EXCLUDE
P1_EXT_549,滩,U+6EE9,瑕,U+7455,stroke_count_within_tolerance,stroke_count=13,stroke,review_packets/8105_full/8105_full_no_legacy_standardizer.csv,query=8105_full_3022;candidate=8105_full_5345,standard_derived,PASS_FROM_P0_MANIFEST,,,,,,BLINDED_TO_PRIOR_APPROVALS; VERIFY_FROM_SOURCE_AND_RECORD_POSITIVE_NEGATIVE_OR_EXCLUDE
P1_EXT_550,鞫,U+97AB,皦,U+76A6,stroke_count_within_tolerance,stroke_count=18,stroke,review_packets/8105_full/8105_full_no_legacy_standardizer.csv,query=8105_full_6317;candidate=8105_full_8012,standard_derived,PASS_FROM_P0_MANIFEST,,,,,,BLINDED_TO_PRIOR_APPROVALS; VERIFY_FROM_SOURCE_AND_RECORD_POSITIVE_NEGATIVE_OR_EXCLUDE
P1_EXT_551,成,U+6210,宅,U+5B85,stroke_count_within_tolerance,stroke_count=6,stroke,review_packets/8105_full/8105_full_no_legacy_standardizer.csv,query=8105_full_0401;candidate=8105_full_0547,standard_derived,PASS_FROM_P0_MANIFEST,,,,,,BLINDED_TO_PRIOR_APPROVALS; VERIFY_FROM_SOURCE_AND_RECORD_POSITIVE_NEGATIVE_OR_EXCLUDE
P1_EXT_552,牖,U+7256,蝾,U+877E,stroke_count_within_tolerance,stroke_count=15,stroke,review_packets/8105_full/8105_full_no_legacy_standardizer.csv,query=8105_full_5960;candidate=8105_full_5921,standard_derived,PASS_FROM_P0_MANIFEST,,,,,,BLINDED_TO_PRIOR_APPROVALS; VERIFY_FROM_SOURCE_AND_RECORD_POSITIVE_NEGATIVE_OR_EXCLUDE
P1_EXT_553,参,U+53C2,侗,U+4F97,stroke_count_within_tolerance,stroke_count=8,stroke,review_packets/8105_full/8105_full_no_legacy_standardizer.csv,query=8105_full_1334;candidate=8105_full_3957,standard_derived,PASS_FROM_P0_MANIFEST,,,,,,BLINDED_TO_PRIOR_APPROVALS; VERIFY_FROM_SOURCE_AND_RECORD_POSITIVE_NEGATIVE_OR_EXCLUDE
P1_EXT_554,伶,U+4F36,秀,U+79C0,stroke_count_within_tolerance,stroke_count=7,stroke,review_packets/8105_full/8105_full_no_legacy_standardizer.csv,query=8105_full_0779;candidate=8105_full_0765,standard_derived,PASS_FROM_P0_MANIFEST,,,,,,BLINDED_TO_PRIOR_APPROVALS; VERIFY_FROM_SOURCE_AND_RECORD_POSITIVE_NEGATIVE_OR_EXCLUDE
P1_EXT_555,辖,U+8F96,僖,U+50D6,stroke_count_within_tolerance,stroke_count=14,stroke,review_packets/8105_full/8105_full_no_legacy_standardizer.csv,query=8105_full_3096;candidate=8105_full_5755,standard_derived,PASS_FROM_P0_MANIFEST,,,,,,BLINDED_TO_PRIOR_APPROVALS; VERIFY_FROM_SOURCE_AND_RECORD_POSITIVE_NEGATIVE_OR_EXCLUDE
P1_EXT_556,疽,U+75BD,砬,U+782C,stroke_count_within_tolerance,stroke_count=10,stroke,review_packets/8105_full/8105_full_no_legacy_standardizer.csv,query=8105_full_4617;candidate=8105_full_6971,standard_derived,PASS_FROM_P0_MANIFEST,,,,,,BLINDED_TO_PRIOR_APPROVALS; VERIFY_FROM_SOURCE_AND_RECORD_POSITIVE_NEGATIVE_OR_EXCLUDE
P1_EXT_557,潮,U+6F6E,蝾,U+877E,stroke_count_within_tolerance,stroke_count=15,stroke,review_packets/8105_full/8105_full_no_legacy_standardizer.csv,query=8105_full_3292;candidate=8105_full_5921,standard_derived,PASS_FROM_P0_MANIFEST,,,,,,BLINDED_TO_PRIOR_APPROVALS; VERIFY_FROM_SOURCE_AND_RECORD_POSITIVE_NEGATIVE_OR_EXCLUDE
P1_EXT_558,媒,U+5A92,啼,U+557C,stroke_count_within_tolerance,stroke_count=12,stroke,review_packets/8105_full/8105_full_no_legacy_standardizer.csv,query=8105_full_2808;candidate=8105_full_2645,standard_derived,PASS_FROM_P0_MANIFEST,,,,,,BLINDED_TO_PRIOR_APPROVALS; VERIFY_FROM_SOURCE_AND_RECORD_POSITIVE_NEGATIVE_OR_EXCLUDE
P1_EXT_559,婷,U+5A77,啼,U+557C,stroke_count_within_tolerance,stroke_count=12,stroke,review_packets/8105_full/8105_full_no_legacy_standardizer.csv,query=8105_full_5322;candidate=8105_full_2645,standard_derived,PASS_FROM_P0_MANIFEST,,,,,,BLINDED_TO_PRIOR_APPROVALS; VERIFY_FROM_SOURCE_AND_RECORD_POSITIVE_NEGATIVE_OR_EXCLUDE
P1_EXT_560,麒,U+9E92,藻,U+85FB,stroke_count_within_tolerance,stroke_count=19,stroke,review_packets/8105_full/8105_full_no_legacy_standardizer.csv,query=8105_full_6408;candidate=8105_full_3455,standard_derived,PASS_FROM_P0_MANIFEST,,,,,,BLINDED_TO_PRIOR_APPROVALS; VERIFY_FROM_SOURCE_AND_RECORD_POSITIVE_NEGATIVE_OR_EXCLUDE
P1_EXT_561,陲,U+9672,砬,U+782C,stroke_count_within_tolerance,stroke_count=10,stroke,review_packets/8105_full/8105_full_no_legacy_standardizer.csv,query=8105_full_4686;candidate=8105_full_6971,standard_derived,PASS_FROM_P0_MANIFEST,,,,,,BLINDED_TO_PRIOR_APPROVALS; VERIFY_FROM_SOURCE_AND_RECORD_POSITIVE_NEGATIVE_OR_EXCLUDE
P1_EXT_562,撅,U+6485,蝾,U+877E,stroke_count_within_tolerance,stroke_count=15,stroke,review_packets/8105_full/8105_full_no_legacy_standardizer.csv,query=8105_full_5862;candidate=8105_full_5921,standard_derived,PASS_FROM_P0_MANIFEST,,,,,,BLINDED_TO_PRIOR_APPROVALS; VERIFY_FROM_SOURCE_AND_RECORD_POSITIVE_NEGATIVE_OR_EXCLUDE
P1_EXT_563,报,U+62A5,秀,U+79C0,stroke_count_within_tolerance,stroke_count=7,stroke,review_packets/8105_full/8105_full_no_legacy_standardizer.csv,query=8105_full_0656;candidate=8105_full_0765,standard_derived,PASS_FROM_P0_MANIFEST,,,,,,BLINDED_TO_PRIOR_APPROVALS; VERIFY_FROM_SOURCE_AND_RECORD_POSITIVE_NEGATIVE_OR_EXCLUDE
P1_EXT_564,症,U+75C7,砬,U+782C,stroke_count_within_tolerance,stroke_count=10,stroke,review_packets/8105_full/8105_full_no_legacy_standardizer.csv,query=8105_full_2026;candidate=8105_full_6971,standard_derived,PASS_FROM_P0_MANIFEST,,,,,,BLINDED_TO_PRIOR_APPROVALS; VERIFY_FROM_SOURCE_AND_RECORD_POSITIVE_NEGATIVE_OR_EXCLUDE
P1_EXT_565,麓,U+9E93,藻,U+85FB,stroke_count_within_tolerance,stroke_count=19,stroke,review_packets/8105_full/8105_full_no_legacy_standardizer.csv,query=8105_full_6374;candidate=8105_full_3455,standard_derived,PASS_FROM_P0_MANIFEST,,,,,,BLINDED_TO_PRIOR_APPROVALS; VERIFY_FROM_SOURCE_AND_RECORD_POSITIVE_NEGATIVE_OR_EXCLUDE
P1_EXT_566,甚,U+751A,轳,U+8F73,stroke_count_within_tolerance,stroke_count=9,stroke,review_packets/8105_full/8105_full_no_legacy_standardizer.csv,query=8105_full_1400;candidate=8105_full_4180,standard_derived,PASS_FROM_P0_MANIFEST,,,,,,BLINDED_TO_PRIOR_APPROVALS; VERIFY_FROM_SOURCE_AND_RECORD_POSITIVE_NEGATIVE_OR_EXCLUDE
P1_EXT_567,惩,U+60E9,啼,U+557C,stroke_count_within_tolerance,stroke_count=12,stroke,review_packets/8105_full/8105_full_no_legacy_standardizer.csv,query=8105_full_2703;candidate=8105_full_2645,standard_derived,PASS_FROM_P0_MANIFEST,,,,,,BLINDED_TO_PRIOR_APPROVALS; VERIFY_FROM_SOURCE_AND_RECORD_POSITIVE_NEGATIVE_OR_EXCLUDE
P1_EXT_568,贸,U+8D38,轳,U+8F73,stroke_count_within_tolerance,stroke_count=9,stroke,review_packets/8105_full/8105_full_no_legacy_standardizer.csv,query=8105_full_1607;candidate=8105_full_4180,standard_derived,PASS_FROM_P0_MANIFEST,,,,,,BLINDED_TO_PRIOR_APPROVALS; VERIFY_FROM_SOURCE_AND_RECORD_POSITIVE_NEGATIVE_OR_EXCLUDE
P1_EXT_569,辉,U+8F89,啼,U+557C,stroke_count_within_tolerance,stroke_count=12,stroke,review_packets/8105_full/8105_full_no_legacy_standardizer.csv,query=8105_full_2606;candidate=8105_full_2645,standard_derived,PASS_FROM_P0_MANIFEST,,,,,,BLINDED_TO_PRIOR_APPROVALS; VERIFY_FROM_SOURCE_AND_RECORD_POSITIVE_NEGATIVE_OR_EXCLUDE
P1_EXT_570,赂,U+8D42,砬,U+782C,stroke_count_within_tolerance,stroke_count=10,stroke,review_packets/8105_full/8105_full_no_legacy_standardizer.csv,query=8105_full_1926;candidate=8105_full_6971,standard_derived,PASS_FROM_P0_MANIFEST,,,,,,BLINDED_TO_PRIOR_APPROVALS; VERIFY_FROM_SOURCE_AND_RECORD_POSITIVE_NEGATIVE_OR_EXCLUDE
P1_EXT_571,暧,U+66A7,僖,U+50D6,stroke_count_within_tolerance,stroke_count=14,stroke,review_packets/8105_full/8105_full_no_legacy_standardizer.csv,query=8105_full_5700;candidate=8105_full_5755,standard_derived,PASS_FROM_P0_MANIFEST,,,,,,BLINDED_TO_PRIOR_APPROVALS; VERIFY_FROM_SOURCE_AND_RECORD_POSITIVE_NEGATIVE_OR_EXCLUDE
P1_EXT_572,涞,U+6D9E,砬,U+782C,stroke_count_within_tolerance,stroke_count=10,stroke,review_packets/8105_full/8105_full_no_legacy_standardizer.csv,query=8105_full_4646;candidate=8105_full_6971,standard_derived,PASS_FROM_P0_MANIFEST,,,,,,BLINDED_TO_PRIOR_APPROVALS; VERIFY_FROM_SOURCE_AND_RECORD_POSITIVE_NEGATIVE_OR_EXCLUDE
P1_EXT_573,鑫,U+946B,襻,U+897B,stroke_count_within_tolerance,stroke_count=24,stroke,review_packets/8105_full/8105_full_no_legacy_standardizer.csv,query=8105_full_6490;candidate=8105_full_6492,standard_derived,PASS_FROM_P0_MANIFEST,,,,,,BLINDED_TO_PRIOR_APPROVALS; VERIFY_FROM_SOURCE_AND_RECORD_POSITIVE_NEGATIVE_OR_EXCLUDE
P1_EXT_574,尥,U+5C25,宅,U+5B85,stroke_count_within_tolerance,stroke_count=6,stroke,review_packets/8105_full/8105_full_no_legacy_standardizer.csv,query=8105_full_3589;candidate=8105_full_0547,standard_derived,PASS_FROM_P0_MANIFEST,,,,,,BLINDED_TO_PRIOR_APPROVALS; VERIFY_FROM_SOURCE_AND_RECORD_POSITIVE_NEGATIVE_OR_EXCLUDE
P1_EXT_575,茆,U+8306,侗,U+4F97,stroke_count_within_tolerance,stroke_count=8,stroke,review_packets/8105_full/8105_full_no_legacy_standardizer.csv,query=8105_full_3867;candidate=8105_full_3957,standard_derived,PASS_FROM_P0_MANIFEST,,,,,,BLINDED_TO_PRIOR_APPROVALS; VERIFY_FROM_SOURCE_AND_RECORD_POSITIVE_NEGATIVE_OR_EXCLUDE
P1_EXT_576,阐,U+9610,秽,U+79FD,stroke_count_within_tolerance,stroke_count=11,stroke,review_packets/8105_full/8105_full_no_legacy_standardizer.csv,query=8105_full_2397;candidate=8105_full_2315,standard_derived,PASS_FROM_P0_MANIFEST,,,,,,BLINDED_TO_PRIOR_APPROVALS; VERIFY_FROM_SOURCE_AND_RECORD_POSITIVE_NEGATIVE_OR_EXCLUDE
P1_EXT_577,淙,U+6DD9,秽,U+79FD,stroke_count_within_tolerance,stroke_count=11,stroke,review_packets/8105_full/8105_full_no_legacy_standardizer.csv,query=8105_full_4979;candidate=8105_full_2315,standard_derived,PASS_FROM_P0_MANIFEST,,,,,,BLINDED_TO_PRIOR_APPROVALS; VERIFY_FROM_SOURCE_AND_RECORD_POSITIVE_NEGATIVE_OR_EXCLUDE
P1_EXT_578,汨,U+6C68,秀,U+79C0,stroke_count_within_tolerance,stroke_count=7,stroke,review_packets/8105_full/8105_full_no_legacy_standardizer.csv,query=8105_full_3774;candidate=8105_full_0765,standard_derived,PASS_FROM_P0_MANIFEST,,,,,,BLINDED_TO_PRIOR_APPROVALS; VERIFY_FROM_SOURCE_AND_RECORD_POSITIVE_NEGATIVE_OR_EXCLUDE
P1_EXT_579,荽,U+837D,砬,U+782C,stroke_count_within_tolerance,stroke_count=10,stroke,review_packets/8105_full/8105_full_no_legacy_standardizer.csv,query=8105_full_4438;candidate=8105_full_6971,standard_derived,PASS_FROM_P0_MANIFEST,,,,,,BLINDED_TO_PRIOR_APPROVALS; VERIFY_FROM_SOURCE_AND_RECORD_POSITIVE_NEGATIVE_OR_EXCLUDE
P1_EXT_580,磙,U+78D9,蝾,U+877E,stroke_count_within_tolerance,stroke_count=15,stroke,review_packets/8105_full/8105_full_no_legacy_standardizer.csv,query=8105_full_5896;candidate=8105_full_5921,standard_derived,PASS_FROM_P0_MANIFEST,,,,,,BLINDED_TO_PRIOR_APPROVALS; VERIFY_FROM_SOURCE_AND_RECORD_POSITIVE_NEGATIVE_OR_EXCLUDE
P1_EXT_581,薜,U+859C,靛,U+975B,stroke_count_within_tolerance,stroke_count=16,stroke,review_packets/8105_full/8105_full_no_legacy_standardizer.csv,query=8105_full_6054;candidate=8105_full_6031,standard_derived,PASS_FROM_P0_MANIFEST,,,,,,BLINDED_TO_PRIOR_APPROVALS; VERIFY_FROM_SOURCE_AND_RECORD_POSITIVE_NEGATIVE_OR_EXCLUDE
P1_EXT_582,蜘,U+8718,僖,U+50D6,stroke_count_within_tolerance,stroke_count=14,stroke,review_packets/8105_full/8105_full_no_legacy_standardizer.csv,query=8105_full_3108;candidate=8105_full_5755,standard_derived,PASS_FROM_P0_MANIFEST,,,,,,BLINDED_TO_PRIOR_APPROVALS; VERIFY_FROM_SOURCE_AND_RECORD_POSITIVE_NEGATIVE_OR_EXCLUDE
P1_EXT_583,链,U+94FE,啼,U+557C,stroke_count_within_tolerance,stroke_count=12,stroke,review_packets/8105_full/8105_full_no_legacy_standardizer.csv,query=8105_full_2658;candidate=8105_full_2645,standard_derived,PASS_FROM_P0_MANIFEST,,,,,,BLINDED_TO_PRIOR_APPROVALS; VERIFY_FROM_SOURCE_AND_RECORD_POSITIVE_NEGATIVE_OR_EXCLUDE
P1_EXT_584,垃,U+5783,侗,U+4F97,stroke_count_within_tolerance,stroke_count=8,stroke,review_packets/8105_full/8105_full_no_legacy_standardizer.csv,query=8105_full_0980;candidate=8105_full_3957,standard_derived,PASS_FROM_P0_MANIFEST,,,,,,BLINDED_TO_PRIOR_APPROVALS; VERIFY_FROM_SOURCE_AND_RECORD_POSITIVE_NEGATIVE_OR_EXCLUDE
P1_EXT_585,皦,U+76A6,懵,U+61F5,stroke_count_within_tolerance,stroke_count=18,stroke,review_packets/8105_full/8105_full_no_legacy_standardizer.csv,query=8105_full_8012;candidate=8105_full_6363,standard_derived,PASS_FROM_P0_MANIFEST,,,,,,BLINDED_TO_PRIOR_APPROVALS; VERIFY_FROM_SOURCE_AND_RECORD_POSITIVE_NEGATIVE_OR_EXCLUDE
P1_EXT_586,锰,U+9530,瑕,U+7455,stroke_count_within_tolerance,stroke_count=13,stroke,review_packets/8105_full/8105_full_no_legacy_standardizer.csv,query=8105_full_2945;candidate=8105_full_5345,standard_derived,PASS_FROM_P0_MANIFEST,,,,,,BLINDED_TO_PRIOR_APPROVALS; VERIFY_FROM_SOURCE_AND_RECORD_POSITIVE_NEGATIVE_OR_EXCLUDE
P1_EXT_587,铺,U+94FA,啼,U+557C,stroke_count_within_tolerance,stroke_count=12,stroke,review_packets/8105_full/8105_full_no_legacy_standardizer.csv,query=8105_full_2657;candidate=8105_full_2645,standard_derived,PASS_FROM_P0_MANIFEST,,,,,,BLINDED_TO_PRIOR_APPROVALS; VERIFY_FROM_SOURCE_AND_RECORD_POSITIVE_NEGATIVE_OR_EXCLUDE
P1_EXT_588,赊,U+8D4A,秽,U+79FD,stroke_count_within_tolerance,stroke_count=11,stroke,review_packets/8105_full/8105_full_no_legacy_standardizer.csv,query=8105_full_4864;candidate=8105_full_2315,standard_derived,PASS_FROM_P0_MANIFEST,,,,,,BLINDED_TO_PRIOR_APPROVALS; VERIFY_FROM_SOURCE_AND_RECORD_POSITIVE_NEGATIVE_OR_EXCLUDE
P1_EXT_589,赦,U+8D66,秽,U+79FD,stroke_count_within_tolerance,stroke_count=11,stroke,review_packets/8105_full/8105_full_no_legacy_standardizer.csv,query=8105_full_2172;candidate=8105_full_2315,standard_derived,PASS_FROM_P0_MANIFEST,,,,,,BLINDED_TO_PRIOR_APPROVALS; VERIFY_FROM_SOURCE_AND_RECORD_POSITIVE_NEGATIVE_OR_EXCLUDE
P1_EXT_590,谰,U+8C30,僖,U+50D6,stroke_count_within_tolerance,stroke_count=14,stroke,review_packets/8105_full/8105_full_no_legacy_standardizer.csv,query=8105_full_5825;candidate=8105_full_5755,standard_derived,PASS_FROM_P0_MANIFEST,,,,,,BLINDED_TO_PRIOR_APPROVALS; VERIFY_FROM_SOURCE_AND_RECORD_POSITIVE_NEGATIVE_OR_EXCLUDE
P1_EXT_591,喏,U+558F,秽,U+79FD,stroke_count_within_tolerance,stroke_count=11,stroke,review_packets/8105_full/8105_full_no_legacy_standardizer.csv,query=8105_full_4818;candidate=8105_full_2315,standard_derived,PASS_FROM_P0_MANIFEST,,,,,,BLINDED_TO_PRIOR_APPROVALS; VERIFY_FROM_SOURCE_AND_RECORD_POSITIVE_NEGATIVE_OR_EXCLUDE
P1_EXT_592,遨,U+9068,瑕,U+7455,stroke_count_within_tolerance,stroke_count=13,stroke,review_packets/8105_full/8105_full_no_legacy_standardizer.csv,query=8105_full_5346;candidate=8105_full_5345,standard_derived,PASS_FROM_P0_MANIFEST,,,,,,BLINDED_TO_PRIOR_APPROVALS; VERIFY_FROM_SOURCE_AND_RECORD_POSITIVE_NEGATIVE_OR_EXCLUDE
P1_EXT_593,怔,U+6014,侗,U+4F97,stroke_count_within_tolerance,stroke_count=8,stroke,review_packets/8105_full/8105_full_no_legacy_standardizer.csv,query=8105_full_1265;candidate=8105_full_3957,standard_derived,PASS_FROM_P0_MANIFEST,,,,,,BLINDED_TO_PRIOR_APPROVALS; VERIFY_FROM_SOURCE_AND_RECORD_POSITIVE_NEGATIVE_OR_EXCLUDE
P1_EXT_594,塥,U+5865,瑕,U+7455,stroke_count_within_tolerance,stroke_count=13,stroke,review_packets/8105_full/8105_full_no_legacy_standardizer.csv,query=8105_full_7477;candidate=8105_full_5345,standard_derived,PASS_FROM_P0_MANIFEST,,,,,,BLINDED_TO_PRIOR_APPROVALS; VERIFY_FROM_SOURCE_AND_RECORD_POSITIVE_NEGATIVE_OR_EXCLUDE
P1_EXT_595,漼,U+6F3C,僖,U+50D6,stroke_count_within_tolerance,stroke_count=14,stroke,review_packets/8105_full/8105_full_no_legacy_standardizer.csv,query=8105_full_7727;candidate=8105_full_5755,standard_derived,PASS_FROM_P0_MANIFEST,,,,,,BLINDED_TO_PRIOR_APPROVALS; VERIFY_FROM_SOURCE_AND_RECORD_POSITIVE_NEGATIVE_OR_EXCLUDE
P1_EXT_596,傈,U+5088,啼,U+557C,stroke_count_within_tolerance,stroke_count=12,stroke,review_packets/8105_full/8105_full_no_legacy_standardizer.csv,query=8105_full_5209;candidate=8105_full_2645,standard_derived,PASS_FROM_P0_MANIFEST,,,,,,BLINDED_TO_PRIOR_APPROVALS; VERIFY_FROM_SOURCE_AND_RECORD_POSITIVE_NEGATIVE_OR_EXCLUDE
P1_EXT_597,索,U+7D22,砬,U+782C,stroke_count_within_tolerance,stroke_count=10,stroke,review_packets/8105_full/8105_full_no_legacy_standardizer.csv,query=8105_full_1851;candidate=8105_full_6971,standard_derived,PASS_FROM_P0_MANIFEST,,,,,,BLINDED_TO_PRIOR_APPROVALS; VERIFY_FROM_SOURCE_AND_RECORD_POSITIVE_NEGATIVE_OR_EXCLUDE
P1_EXT_598,洚,U+6D1A,轳,U+8F73,stroke_count_within_tolerance,stroke_count=9,stroke,review_packets/8105_full/8105_full_no_legacy_standardizer.csv,query=8105_full_6892;candidate=8105_full_4180,standard_derived,PASS_FROM_P0_MANIFEST,,,,,,BLINDED_TO_PRIOR_APPROVALS; VERIFY_FROM_SOURCE_AND_RECORD_POSITIVE_NEGATIVE_OR_EXCLUDE
P1_EXT_599,瘕,U+7615,僖,U+50D6,stroke_count_within_tolerance,stroke_count=14,stroke,review_packets/8105_full/8105_full_no_legacy_standardizer.csv,query=8105_full_7718;candidate=8105_full_5755,standard_derived,PASS_FROM_P0_MANIFEST,,,,,,BLINDED_TO_PRIOR_APPROVALS; VERIFY_FROM_SOURCE_AND_RECORD_POSITIVE_NEGATIVE_OR_EXCLUDE
P1_EXT_600,粽,U+7CBD,僖,U+50D6,stroke_count_within_tolerance,stroke_count=14,stroke,review_packets/8105_full/8105_full_no_legacy_standardizer.csv,query=8105_full_5794;candidate=8105_full_5755,standard_derived,PASS_FROM_P0_MANIFEST,,,,,,BLINDED_TO_PRIOR_APPROVALS; VERIFY_FROM_SOURCE_AND_RECORD_POSITIVE_NEGATIVE_OR_EXCLUDE
