{
  "cnbe_prediction": {
    "mse": 0.012425768619857001,
    "r2": 0.8706137319138574
  },
  "raw_prediction": {
    "mse": 0.003025193501058142,
    "r2": 0.9684994538917409
  },
  "onehot_prediction": {
    "mse": 0.0019001321391837293,
    "r2": 0.9802144226340542
  },
  "random_prediction": {
    "mse": 0.11002268064270297,
    "r2": -0.14563730330885982
  },
  "cnbe_ranking": {
    "tau": 0.7503272251308901
  },
  "raw_ranking": {
    "tau": 0.8722928697191018
  },
  "onehot_ranking": {
    "tau": 0.8194563685840873
  },
  "random_ranking": {
    "tau": 0.01756108202443281
  },
  "cnbe_alert": {
    "acc": 0.9635416666666666
  },
  "raw_alert": {
    "acc": 0.9947916666666666
  },
  "onehot_alert": {
    "acc": 0.9791666666666666
  },
  "random_alert": {
    "acc": 0.7395833333333334
  }
}